{
"results" : [

  {
    "objectId": "5df356a7129ec20d34d0588b",
    "owningId": "15EnXUntsv",
    "relatedId": "N7dyQZ5dTv"
  },
  {
    "objectId": "5df356a7129ec20d34d0588c",
    "owningId": "15EnXUntsv",
    "relatedId": "vQjoUkpzVG"
  },
  {
    "objectId": "5df356a7129ec20d34d0588d",
    "owningId": "15EnXUntsv",
    "relatedId": "Ep1LAs0SVk"
  },
  {
    "objectId": "5df356a7129ec20d34d0588e",
    "owningId": "15EnXUntsv",
    "relatedId": "1jf6WHSzom"
  },
  {
    "objectId": "5df356a7129ec20d34d058c8",
    "owningId": "doHcQt0MbC",
    "relatedId": "N7dyQZ5dTv"
  },
  {
    "objectId": "5df356a7129ec20d34d058c9",
    "owningId": "doHcQt0MbC",
    "relatedId": "YhjDgreAF6"
  },
  {
    "objectId": "5df356a7129ec20d34d058ce",
    "owningId": "doHcQt0MbC",
    "relatedId": "oM6NuX72bb"
  },
  {
    "objectId": "5df356a7129ec20d34d058d0",
    "owningId": "doHcQt0MbC",
    "relatedId": "IpJlZqUqyH"
  },
  {
    "objectId": "5df356a7129ec20d34d058cd",
    "owningId": "ESGfBFcbKb",
    "relatedId": "G0t7mVGGpV"
  },
  {
    "objectId": "5df356a7129ec20d34d058d2",
    "owningId": "doHcQt0MbC",
    "relatedId": "xInLLqBaD9"
  },
  {
    "objectId": "5df356a7129ec20d34d058cc",
    "owningId": "doHcQt0MbC",
    "relatedId": "G0t7mVGGpV"
  },
  {
    "objectId": "5df356a7129ec20d34d058cf",
    "owningId": "doHcQt0MbC",
    "relatedId": "8BG0LBuGTs"
  },
  {
    "objectId": "5df356a7129ec20d34d058d1",
    "owningId": "doHcQt0MbC",
    "relatedId": "dwdWwzGhjj"
  },
  {
    "objectId": "5df356a7129ec20d34d058e1",
    "owningId": "doHcQt0MbC",
    "relatedId": "OyHhDtVdsT"
  },
  {
    "objectId": "5df356a7129ec20d34d058da",
    "owningId": "doHcQt0MbC",
    "relatedId": "n2G7tGNCbo"
  },
  {
    "objectId": "5df356a7129ec20d34d058dc",
    "owningId": "doHcQt0MbC",
    "relatedId": "RPqMvmAXOF"
  },
  {
    "objectId": "5df356a7129ec20d34d058ea",
    "owningId": "RdkDrHMuTM",
    "relatedId": "IpJlZqUqyH"
  },
  {
    "objectId": "5df356a7129ec20d34d058db",
    "owningId": "doHcQt0MbC",
    "relatedId": "vaLjqmbDzP"
  },
  {
    "objectId": "5df356a7129ec20d34d058e3",
    "owningId": "doHcQt0MbC",
    "relatedId": "uFMTjFCz12"
  },
  {
    "objectId": "5df356a7129ec20d34d058e9",
    "owningId": "RdkDrHMuTM",
    "relatedId": "8BG0LBuGTs"
  },
  {
    "objectId": "5df356a7129ec20d34d058f5",
    "owningId": "RdkDrHMuTM",
    "relatedId": "G0t7mVGGpV"
  },
  {
    "objectId": "5df356a7129ec20d34d0592b",
    "owningId": "ESGfBFcbKb",
    "relatedId": "hHkvJxB9AG"
  },
  {
    "objectId": "5df356a7129ec20d34d05931",
    "owningId": "7wZQGbcoCt",
    "relatedId": "8oR0TMxODH"
  },
  {
    "objectId": "5df356a7129ec20d34d05939",
    "owningId": "ESGfBFcbKb",
    "relatedId": "YhjDgreAF6"
  },
  {
    "objectId": "5df356a7129ec20d34d0598d",
    "owningId": "GleJiIhEsp",
    "relatedId": "yG7i5lToSp"
  },
  {
    "objectId": "5df356a7129ec20d34d0598c",
    "owningId": "GleJiIhEsp",
    "relatedId": "IpJlZqUqyH"
  },
  {
    "objectId": "5df356a7129ec20d34d05987",
    "owningId": "GleJiIhEsp",
    "relatedId": "sadPVVeVtM"
  },
  {
    "objectId": "5df356a7129ec20d34d0598f",
    "owningId": "GleJiIhEsp",
    "relatedId": "G0t7mVGGpV"
  },
  {
    "objectId": "5df356a7129ec20d34d0598a",
    "owningId": "GleJiIhEsp",
    "relatedId": "8BG0LBuGTs"
  },
  {
    "objectId": "5df356a7129ec20d34d0599f",
    "owningId": "7wZQGbcoCt",
    "relatedId": "N7dyQZ5dTv"
  },
  {
    "objectId": "5df356a7129ec20d34d059da",
    "owningId": "7wZQGbcoCt",
    "relatedId": "G0t7mVGGpV"
  },
  {
    "objectId": "5df356a7129ec20d34d059de",
    "owningId": "7wZQGbcoCt",
    "relatedId": "IpJlZqUqyH"
  },
  {
    "objectId": "5df356a7129ec20d34d059dc",
    "owningId": "7wZQGbcoCt",
    "relatedId": "8BG0LBuGTs"
  },
  {
    "objectId": "5df35716129ec20d34d05aff",
    "owningId": "AvwJkkbuFu",
    "relatedId": "u9YJQcN75V"
  },
  {
    "objectId": "5df35716129ec20d34d05b00",
    "owningId": "AvwJkkbuFu",
    "relatedId": "UCZcBbosSP"
  },
  {
    "objectId": "5df35716129ec20d34d05b01",
    "owningId": "AvwJkkbuFu",
    "relatedId": "7fYanfVYbZ"
  },
  {
    "objectId": "5df35716129ec20d34d05b22",
    "owningId": "tArSC3RkKD",
    "relatedId": "CqrXU6whWt"
  },
  {
    "objectId": "5df35716129ec20d34d05b1f",
    "owningId": "tArSC3RkKD",
    "relatedId": "mfADwYDTTm"
  },
  {
    "objectId": "5df35716129ec20d34d05b50",
    "owningId": "0DourTuy8a",
    "relatedId": "UCZcBbosSP"
  },
  {
    "objectId": "5df35716129ec20d34d05b4e",
    "owningId": "XnNTzQjXS0",
    "relatedId": "lE8vDYvLbO"
  },
  {
    "objectId": "5df35716129ec20d34d05b4c",
    "owningId": "XnNTzQjXS0",
    "relatedId": "UCZcBbosSP"
  },
  {
    "objectId": "5df35716129ec20d34d05b52",
    "owningId": "0DourTuy8a",
    "relatedId": "GpyDs5eJuo"
  },
  {
    "objectId": "5df35716129ec20d34d05b56",
    "owningId": "0DourTuy8a",
    "relatedId": "q3KFkF6LYL"
  },
  {
    "objectId": "5df35716129ec20d34d05b58",
    "owningId": "XnNTzQjXS0",
    "relatedId": "q3KFkF6LYL"
  },
  {
    "objectId": "5df35716129ec20d34d05b57",
    "owningId": "0DourTuy8a",
    "relatedId": "lE8vDYvLbO"
  },
  {
    "objectId": "5df35716129ec20d34d05b9e",
    "owningId": "Aa5qQqLrLw",
    "relatedId": "q3KFkF6LYL"
  },
  {
    "objectId": "5df35716129ec20d34d05bb4",
    "owningId": "0DourTuy8a",
    "relatedId": "tGLsRVpijf"
  },
  {
    "objectId": "5df35716129ec20d34d05bb3",
    "owningId": "7XfvS3vAUj",
    "relatedId": "7fYanfVYbZ"
  },
  {
    "objectId": "5df35716129ec20d34d05bbe",
    "owningId": "7XfvS3vAUj",
    "relatedId": "R7gn8ZIwSI"
  },
  {
    "objectId": "5df35716129ec20d34d05bc9",
    "owningId": "7XfvS3vAUj",
    "relatedId": "bZ7FY5vbUg"
  },
  {
    "objectId": "5df35716129ec20d34d05b68",
    "owningId": "tArSC3RkKD",
    "relatedId": "A6Em2o8DNw"
  },
  {
    "objectId": "5df35716129ec20d34d05bdb",
    "owningId": "7XfvS3vAUj",
    "relatedId": "VSP5d56IET"
  },
  {
    "objectId": "5df35716129ec20d34d05bd9",
    "owningId": "7XfvS3vAUj",
    "relatedId": "JtI2lLGMp5"
  },
  {
    "objectId": "5df35716129ec20d34d05bd5",
    "owningId": "7XfvS3vAUj",
    "relatedId": "UCZcBbosSP"
  },
  {
    "objectId": "5df35716129ec20d34d05bea",
    "owningId": "tArSC3RkKD",
    "relatedId": "gVxkAtmHc9"
  },
  {
    "objectId": "5df35717129ec20d34d05c13",
    "owningId": "Aa5qQqLrLw",
    "relatedId": "UCZcBbosSP"
  },
  {
    "objectId": "5df35717129ec20d34d05c1a",
    "owningId": "Aa5qQqLrLw",
    "relatedId": "lE8vDYvLbO"
  },
  {
    "objectId": "5df35717129ec20d34d05c18",
    "owningId": "Aa5qQqLrLw",
    "relatedId": "A6Em2o8DNw"
  },
  {
    "objectId": "5df35717129ec20d34d05c1b",
    "owningId": "Aa5qQqLrLw",
    "relatedId": "zwTWDIOhgC"
  },
  {
    "objectId": "5df35717129ec20d34d05c3b",
    "owningId": "7XfvS3vAUj",
    "relatedId": "lE8vDYvLbO"
  },
  {
    "objectId": "5df35717129ec20d34d05c39",
    "owningId": "7XfvS3vAUj",
    "relatedId": "A6Em2o8DNw"
  },
  {
    "objectId": "5df35717129ec20d34d05c41",
    "owningId": "7XfvS3vAUj",
    "relatedId": "C9VLj9qaEW"
  },
  {
    "objectId": "5df35717129ec20d34d05c42",
    "owningId": "7XfvS3vAUj",
    "relatedId": "d6M38TsAsr"
  },
  {
    "objectId": "5df35717129ec20d34d05c44",
    "owningId": "7XfvS3vAUj",
    "relatedId": "q3KFkF6LYL"
  },
  {
    "objectId": "5df35717129ec20d34d05c49",
    "owningId": "7XfvS3vAUj",
    "relatedId": "lAWiwKWMf9"
  },
  {
    "objectId": "5df35717129ec20d34d05c48",
    "owningId": "7XfvS3vAUj",
    "relatedId": "Ihr8V2zQO5"
  },
  {
    "objectId": "5df3576e129ec20d34d05d7a",
    "owningId": "ewdqSZFJj7",
    "relatedId": "I5qF64iCdW"
  },
  {
    "objectId": "5df3576e129ec20d34d05d79",
    "owningId": "ewdqSZFJj7",
    "relatedId": "7Q4cBUIcMx"
  },
  {
    "objectId": "5df3576e129ec20d34d05d78",
    "owningId": "ewdqSZFJj7",
    "relatedId": "SpDdy8OZNM"
  },
  {
    "objectId": "5df3576e129ec20d34d05da0",
    "owningId": "VEvEDBV9lg",
    "relatedId": "6pg49m8xtX"
  },
  {
    "objectId": "5df3576e129ec20d34d05d9e",
    "owningId": "VEvEDBV9lg",
    "relatedId": "jKHYdhw95D"
  },
  {
    "objectId": "5df3576e129ec20d34d05da5",
    "owningId": "VEvEDBV9lg",
    "relatedId": "4nb3KNLftO"
  },
  {
    "objectId": "5df3576e129ec20d34d05da3",
    "owningId": "VEvEDBV9lg",
    "relatedId": "wBt9oqvwAM"
  },
  {
    "objectId": "5df3576e129ec20d34d05dbf",
    "owningId": "Whf16PZWja",
    "relatedId": "108XY4ScQc"
  },
  {
    "objectId": "5df3576e129ec20d34d05dbe",
    "owningId": "Whf16PZWja",
    "relatedId": "SpDdy8OZNM"
  },
  {
    "objectId": "5df3576e129ec20d34d05ddb",
    "owningId": "0kBbn0ivpB",
    "relatedId": "6pg49m8xtX"
  },
  {
    "objectId": "5df3576e129ec20d34d05de6",
    "owningId": "0kBbn0ivpB",
    "relatedId": "y5cqcl7Dde"
  },
  {
    "objectId": "5df3576e129ec20d34d05df5",
    "owningId": "EK0aAOqjpF",
    "relatedId": "6pg49m8xtX"
  },
  {
    "objectId": "5df3576e129ec20d34d05de8",
    "owningId": "0kBbn0ivpB",
    "relatedId": "SpDdy8OZNM"
  },
  {
    "objectId": "5df3576e129ec20d34d05e04",
    "owningId": "EK0aAOqjpF",
    "relatedId": "ysNiOZKXYw"
  },
  {
    "objectId": "5df3576e129ec20d34d05ded",
    "owningId": "0kBbn0ivpB",
    "relatedId": "108XY4ScQc"
  },
  {
    "objectId": "5df3576e129ec20d34d05df4",
    "owningId": "0kBbn0ivpB",
    "relatedId": "rlsM4u3lDB"
  },
  {
    "objectId": "5df3576e129ec20d34d05e0d",
    "owningId": "EK0aAOqjpF",
    "relatedId": "vYhxfoEBQi"
  },
  {
    "objectId": "5df3576e129ec20d34d05e29",
    "owningId": "N87N6IN4pz",
    "relatedId": "rlsM4u3lDB"
  },
  {
    "objectId": "5df3576e129ec20d34d05e35",
    "owningId": "N87N6IN4pz",
    "relatedId": "108XY4ScQc"
  },
  {
    "objectId": "5df3576e129ec20d34d05e42",
    "owningId": "N87N6IN4pz",
    "relatedId": "SpDdy8OZNM"
  },
  {
    "objectId": "5df3576e129ec20d34d05e3a",
    "owningId": "N87N6IN4pz",
    "relatedId": "GNySKcs6Ml"
  },
  {
    "objectId": "5df3576e129ec20d34d05e3f",
    "owningId": "N87N6IN4pz",
    "relatedId": "LZ3DL5aBY6"
  },
  {
    "objectId": "5df3576e129ec20d34d05e5d",
    "owningId": "EK0aAOqjpF",
    "relatedId": "X9eInLePBc"
  },
  {
    "objectId": "5df3576e129ec20d34d05e5a",
    "owningId": "EK0aAOqjpF",
    "relatedId": "I5qF64iCdW"
  },
  {
    "objectId": "5df3576e129ec20d34d05e5c",
    "owningId": "Whf16PZWja",
    "relatedId": "rlsM4u3lDB"
  },
  {
    "objectId": "5df3576e129ec20d34d05e64",
    "owningId": "EK0aAOqjpF",
    "relatedId": "RivdOGGYQA"
  },
  {
    "objectId": "5df3576e129ec20d34d05e9a",
    "owningId": "EK0aAOqjpF",
    "relatedId": "3TorqoqWu4"
  },
  {
    "objectId": "5df3576e129ec20d34d05e98",
    "owningId": "EK0aAOqjpF",
    "relatedId": "rlsM4u3lDB"
  },
  {
    "objectId": "5df3576e129ec20d34d05ea1",
    "owningId": "EK0aAOqjpF",
    "relatedId": "SpDdy8OZNM"
  },
  {
    "objectId": "5df3576e129ec20d34d05eae",
    "owningId": "EK0aAOqjpF",
    "relatedId": "blgVOh3gl1"
  },
  {
    "objectId": "5df3576e129ec20d34d05eb2",
    "owningId": "EK0aAOqjpF",
    "relatedId": "108XY4ScQc"
  },
  {
    "objectId": "5df3576e129ec20d34d05eb6",
    "owningId": "EK0aAOqjpF",
    "relatedId": "Zcu8c4IjJM"
  },
  {
    "objectId": "5df3576e129ec20d34d05eb8",
    "owningId": "EK0aAOqjpF",
    "relatedId": "w3exfuPVfN"
  },
  {
    "objectId": "5df35ab9129ec20d34d06055",
    "owningId": "absaiCHEBc",
    "relatedId": "GoqnfssxBf"
  },
  {
    "objectId": "5df35ab9129ec20d34d06056",
    "owningId": "absaiCHEBc",
    "relatedId": "NG9CG91itQ"
  },
  {
    "objectId": "5df35ab9129ec20d34d06068",
    "owningId": "Z8aoioLpWJ",
    "relatedId": "0AQQwgGJFx"
  },
  {
    "objectId": "5df35ab9129ec20d34d0607b",
    "owningId": "absaiCHEBc",
    "relatedId": "20weYKZ8dr"
  },
  {
    "objectId": "5df35ab9129ec20d34d06074",
    "owningId": "absaiCHEBc",
    "relatedId": "v3d9oT76PV"
  },
  {
    "objectId": "5df35ab9129ec20d34d06087",
    "owningId": "GJxBPYrMSj",
    "relatedId": "z5Eg8dVbXZ"
  },
  {
    "objectId": "5df35ab9129ec20d34d0608b",
    "owningId": "JGuSRx3wce",
    "relatedId": "z5Eg8dVbXZ"
  },
  {
    "objectId": "5df35ab9129ec20d34d06098",
    "owningId": "GJxBPYrMSj",
    "relatedId": "U5UGBMKSJX"
  },
  {
    "objectId": "5df35ab9129ec20d34d0609b",
    "owningId": "GJxBPYrMSj",
    "relatedId": "gLmNYUmU9Q"
  },
  {
    "objectId": "5df35ab9129ec20d34d0608c",
    "owningId": "JGuSRx3wce",
    "relatedId": "v3d9oT76PV"
  },
  {
    "objectId": "5df35ab9129ec20d34d060a6",
    "owningId": "Z8aoioLpWJ",
    "relatedId": "z5Eg8dVbXZ"
  },
  {
    "objectId": "5df35ab9129ec20d34d060be",
    "owningId": "Z8aoioLpWJ",
    "relatedId": "9nIu52LqvD"
  },
  {
    "objectId": "5df35ab9129ec20d34d060f4",
    "owningId": "C48syQ0LWn",
    "relatedId": "z5Eg8dVbXZ"
  },
  {
    "objectId": "5df35ab9129ec20d34d060f6",
    "owningId": "C48syQ0LWn",
    "relatedId": "Pd0CLrXQbd"
  },
  {
    "objectId": "5df35ab9129ec20d34d060f8",
    "owningId": "C48syQ0LWn",
    "relatedId": "U5UGBMKSJX"
  },
  {
    "objectId": "5df35ab9129ec20d34d060f7",
    "owningId": "C48syQ0LWn",
    "relatedId": "gLmNYUmU9Q"
  },
  {
    "objectId": "5df35ab9129ec20d34d06114",
    "owningId": "C48syQ0LWn",
    "relatedId": "cEADwB3phW"
  },
  {
    "objectId": "5df35ab9129ec20d34d06150",
    "owningId": "JGuSRx3wce",
    "relatedId": "zU4y2f4U0F"
  },
  {
    "objectId": "5df35ab9129ec20d34d06155",
    "owningId": "JGuSRx3wce",
    "relatedId": "gLmNYUmU9Q"
  },
  {
    "objectId": "5df35ab9129ec20d34d06157",
    "owningId": "JGuSRx3wce",
    "relatedId": "U5UGBMKSJX"
  },
  {
    "objectId": "5df35aba129ec20d34d06178",
    "owningId": "3XBhh1SFap",
    "relatedId": "cwyw587bHa"
  },
  {
    "objectId": "5df35aba129ec20d34d06176",
    "owningId": "3XBhh1SFap",
    "relatedId": "YqFynDDgVg"
  },
  {
    "objectId": "5df35aba129ec20d34d06179",
    "owningId": "3XBhh1SFap",
    "relatedId": "Q7LYWTxkCX"
  },
  {
    "objectId": "5df35aba129ec20d34d06177",
    "owningId": "3XBhh1SFap",
    "relatedId": "28KF1Zx1Mu"
  },
  {
    "objectId": "5df35aba129ec20d34d06174",
    "owningId": "3XBhh1SFap",
    "relatedId": "9nIu52LqvD"
  },
  {
    "objectId": "5df35aba129ec20d34d06175",
    "owningId": "3XBhh1SFap",
    "relatedId": "v3d9oT76PV"
  },
  {
    "objectId": "5df35aba129ec20d34d0619b",
    "owningId": "3XBhh1SFap",
    "relatedId": "U5UGBMKSJX"
  },
  {
    "objectId": "5df35aba129ec20d34d0619c",
    "owningId": "3XBhh1SFap",
    "relatedId": "Z3K82BHwEF"
  },
  {
    "objectId": "5df35aba129ec20d34d0619e",
    "owningId": "3XBhh1SFap",
    "relatedId": "gLmNYUmU9Q"
  },
  {
    "objectId": "5df35aba129ec20d34d0619d",
    "owningId": "3XBhh1SFap",
    "relatedId": "z5Eg8dVbXZ"
  },
  {
    "objectId": "5df35aba129ec20d34d061a1",
    "owningId": "3XBhh1SFap",
    "relatedId": "XM7QOoR3Hs"
  },
  {
    "objectId": "5df35aba129ec20d34d061a0",
    "owningId": "3XBhh1SFap",
    "relatedId": "TRylhnwAVG"
  },
  {
    "objectId": "5df35aba129ec20d34d061a3",
    "owningId": "3XBhh1SFap",
    "relatedId": "HNOefaHFqH"
  },
  {
    "objectId": "5df3d17b129ec20d34d0696c",
    "owningId": "G9lujlgD6e",
    "relatedId": "EFukBJ6tG2"
  },
  {
    "objectId": "5df3d17b129ec20d34d0696e",
    "owningId": "G9lujlgD6e",
    "relatedId": "FgUIYOF4p8"
  },
  {
    "objectId": "5df3d17b129ec20d34d06978",
    "owningId": "vIXV6okxrR",
    "relatedId": "5Ai3XGU6Oc"
  },
  {
    "objectId": "5df3d17b129ec20d34d0696f",
    "owningId": "G9lujlgD6e",
    "relatedId": "0ZSD45JBZf"
  },
  {
    "objectId": "5df3d17b129ec20d34d06996",
    "owningId": "vIXV6okxrR",
    "relatedId": "TtDTlHGQxQ"
  },
  {
    "objectId": "5df3d17b129ec20d34d069b2",
    "owningId": "f3fhjjGFjZ",
    "relatedId": "b6R1gqvgnm"
  },
  {
    "objectId": "5df3d17b129ec20d34d069bd",
    "owningId": "f3fhjjGFjZ",
    "relatedId": "NzGtnpMTgS"
  },
  {
    "objectId": "5df3d17b129ec20d34d069c1",
    "owningId": "f3fhjjGFjZ",
    "relatedId": "ISnHXrJbKM"
  },
  {
    "objectId": "5df3d17b129ec20d34d069ca",
    "owningId": "f3fhjjGFjZ",
    "relatedId": "gfT4k3s9Lz"
  },
  {
    "objectId": "5df3d17b129ec20d34d069c9",
    "owningId": "f3fhjjGFjZ",
    "relatedId": "0ZSD45JBZf"
  },
  {
    "objectId": "5df3d17b129ec20d34d069f0",
    "owningId": "0F0k8lV3Ms",
    "relatedId": "ISnHXrJbKM"
  },
  {
    "objectId": "5df3d17b129ec20d34d069f4",
    "owningId": "vIXV6okxrR",
    "relatedId": "NzGtnpMTgS"
  },
  {
    "objectId": "5df3d17b129ec20d34d069f3",
    "owningId": "vIXV6okxrR",
    "relatedId": "g7pO9XBlPo"
  },
  {
    "objectId": "5df3d17b129ec20d34d06a05",
    "owningId": "7mCsz2IBgk",
    "relatedId": "cPEZT1QO5R"
  },
  {
    "objectId": "5df3d17b129ec20d34d06a08",
    "owningId": "7mCsz2IBgk",
    "relatedId": "JOMbQLJOmI"
  },
  {
    "objectId": "5df3d17b129ec20d34d06a0a",
    "owningId": "7mCsz2IBgk",
    "relatedId": "ISnHXrJbKM"
  },
  {
    "objectId": "5df3d17b129ec20d34d06a09",
    "owningId": "7mCsz2IBgk",
    "relatedId": "0ZSD45JBZf"
  },
  {
    "objectId": "5df3d17b129ec20d34d06a0f",
    "owningId": "7mCsz2IBgk",
    "relatedId": "gfT4k3s9Lz"
  },
  {
    "objectId": "5df3d17b129ec20d34d06a31",
    "owningId": "0F0k8lV3Ms",
    "relatedId": "0ZSD45JBZf"
  },
  {
    "objectId": "5df3d17b129ec20d34d06a33",
    "owningId": "0F0k8lV3Ms",
    "relatedId": "gfT4k3s9Lz"
  },
  {
    "objectId": "5df3d2c4129ec20d34d06b8d",
    "owningId": "St6JiVMbO0",
    "relatedId": "4semXBYAsT"
  },
  {
    "objectId": "5df3d2c4129ec20d34d06b93",
    "owningId": "St6JiVMbO0",
    "relatedId": "W5kPd0H2fw"
  },
  {
    "objectId": "5df3d2c4129ec20d34d06b91",
    "owningId": "St6JiVMbO0",
    "relatedId": "S1iZbpmPDl"
  },
  {
    "objectId": "5df3d2c4129ec20d34d06b94",
    "owningId": "St6JiVMbO0",
    "relatedId": "i8xA7vNXJw"
  },
  {
    "objectId": "5df3d2c4129ec20d34d06bbc",
    "owningId": "uxLEBX5BfJ",
    "relatedId": "jA9jssNER2"
  },
  {
    "objectId": "5df3d2c4129ec20d34d06bbd",
    "owningId": "uxLEBX5BfJ",
    "relatedId": "gCZxhh2eOH"
  },
  {
    "objectId": "5df3d2c4129ec20d34d06bbf",
    "owningId": "uxLEBX5BfJ",
    "relatedId": "cmOacmCtgj"
  },
  {
    "objectId": "5df3d2c4129ec20d34d06bc2",
    "owningId": "uxLEBX5BfJ",
    "relatedId": "i8xA7vNXJw"
  },
  {
    "objectId": "5df3d2c4129ec20d34d06bc0",
    "owningId": "uxLEBX5BfJ",
    "relatedId": "w46s8X4bLA"
  },
  {
    "objectId": "5df3d2c4129ec20d34d06c00",
    "owningId": "umV1r61yyF",
    "relatedId": "vh1UvCX02F"
  },
  {
    "objectId": "5df3d2c4129ec20d34d06be8",
    "owningId": "umV1r61yyF",
    "relatedId": "gCZxhh2eOH"
  },
  {
    "objectId": "5df3d2c4129ec20d34d06bf0",
    "owningId": "umV1r61yyF",
    "relatedId": "6R5urynytf"
  },
  {
    "objectId": "5df3d2c4129ec20d34d06bfe",
    "owningId": "umV1r61yyF",
    "relatedId": "h3RyoV7asK"
  },
  {
    "objectId": "5df3d2c4129ec20d34d06bf4",
    "owningId": "umV1r61yyF",
    "relatedId": "cmOacmCtgj"
  },
  {
    "objectId": "5df3d2c4129ec20d34d06c03",
    "owningId": "umV1r61yyF",
    "relatedId": "i8xA7vNXJw"
  },
  {
    "objectId": "5df3d2c4129ec20d34d06c0a",
    "owningId": "umV1r61yyF",
    "relatedId": "qzSJq44d6c"
  },
  {
    "objectId": "5df3d2c4129ec20d34d06c04",
    "owningId": "umV1r61yyF",
    "relatedId": "w46s8X4bLA"
  },
  {
    "objectId": "5df3d2c4129ec20d34d06c09",
    "owningId": "umV1r61yyF",
    "relatedId": "SDf8XWAQi9"
  },
  {
    "objectId": "5df3d2c4129ec20d34d06c05",
    "owningId": "umV1r61yyF",
    "relatedId": "V5vi1A0ue9"
  },
  {
    "objectId": "5df3d2c4129ec20d34d06c07",
    "owningId": "umV1r61yyF",
    "relatedId": "cCuL8AWano"
  },
  {
    "objectId": "5df3d2c4129ec20d34d06c0c",
    "owningId": "umV1r61yyF",
    "relatedId": "eHgPbE8AYb"
  },
  {
    "objectId": "5df3d2c4129ec20d34d06c0b",
    "owningId": "umV1r61yyF",
    "relatedId": "zVfrf3Nz3F"
  },
  {
    "objectId": "5df3d2c4129ec20d34d06c39",
    "owningId": "2xJIO01dk2",
    "relatedId": "gCZxhh2eOH"
  },
  {
    "objectId": "5df3d2c4129ec20d34d06c44",
    "owningId": "2xJIO01dk2",
    "relatedId": "w46s8X4bLA"
  },
  {
    "objectId": "5df3d2c4129ec20d34d06c45",
    "owningId": "2xJIO01dk2",
    "relatedId": "cmOacmCtgj"
  },
  {
    "objectId": "5df3d2c4129ec20d34d06c91",
    "owningId": "vcatUNG8Sy",
    "relatedId": "w46s8X4bLA"
  },
  {
    "objectId": "5df3d2c4129ec20d34d06c94",
    "owningId": "vcatUNG8Sy",
    "relatedId": "bbo48WCFgz"
  },
  {
    "objectId": "5df3d2c4129ec20d34d06c96",
    "owningId": "vcatUNG8Sy",
    "relatedId": "gCZxhh2eOH"
  },
  {
    "objectId": "5df3d2c4129ec20d34d06c95",
    "owningId": "vcatUNG8Sy",
    "relatedId": "0UJCwDAHPy"
  },
  {
    "objectId": "5df3d2c4129ec20d34d06c99",
    "owningId": "vcatUNG8Sy",
    "relatedId": "cmOacmCtgj"
  },
  {
    "objectId": "5df3d2c4129ec20d34d06cd9",
    "owningId": "9XR29QutcM",
    "relatedId": "w46s8X4bLA"
  },
  {
    "objectId": "5df3d2c4129ec20d34d06cdc",
    "owningId": "9XR29QutcM",
    "relatedId": "h3RyoV7asK"
  },
  {
    "objectId": "5df3d2c4129ec20d34d06cde",
    "owningId": "9XR29QutcM",
    "relatedId": "TIDD4NsuTr"
  },
  {
    "objectId": "5df3d324129ec20d34d06e8b",
    "owningId": "o2UXkur4xZ",
    "relatedId": "Pj06sO163J"
  },
  {
    "objectId": "5df3d324129ec20d34d06e8d",
    "owningId": "o2UXkur4xZ",
    "relatedId": "JBFCXgkGSh"
  },
  {
    "objectId": "5df3d324129ec20d34d06e8f",
    "owningId": "o2UXkur4xZ",
    "relatedId": "z1GtLgclbu"
  },
  {
    "objectId": "5df3d324129ec20d34d06ec4",
    "owningId": "hCjiCKfNqu",
    "relatedId": "HHyyGYlJrp"
  },
  {
    "objectId": "5df3d324129ec20d34d06ec2",
    "owningId": "hCjiCKfNqu",
    "relatedId": "JBFCXgkGSh"
  },
  {
    "objectId": "5df3d324129ec20d34d06ec9",
    "owningId": "hCjiCKfNqu",
    "relatedId": "hLYEWrGtn5"
  },
  {
    "objectId": "5df3d324129ec20d34d06ed1",
    "owningId": "hCjiCKfNqu",
    "relatedId": "Pj06sO163J"
  },
  {
    "objectId": "5df3d324129ec20d34d06ed8",
    "owningId": "hCjiCKfNqu",
    "relatedId": "15RyS0Jkwt"
  },
  {
    "objectId": "5df3d324129ec20d34d06eca",
    "owningId": "hCjiCKfNqu",
    "relatedId": "eJGiz2iO7c"
  },
  {
    "objectId": "5df3d324129ec20d34d06ed4",
    "owningId": "hCjiCKfNqu",
    "relatedId": "ShyTnm3NWW"
  },
  {
    "objectId": "5df3d324129ec20d34d06ece",
    "owningId": "hCjiCKfNqu",
    "relatedId": "zNWRbN2yR2"
  },
  {
    "objectId": "5df3d324129ec20d34d06ed6",
    "owningId": "hCjiCKfNqu",
    "relatedId": "MHv1Xd5r4P"
  },
  {
    "objectId": "5df3d324129ec20d34d06ed5",
    "owningId": "hCjiCKfNqu",
    "relatedId": "hy1Xt8VYOY"
  },
  {
    "objectId": "5df3d324129ec20d34d06ed0",
    "owningId": "hCjiCKfNqu",
    "relatedId": "QXAQmQR8v1"
  },
  {
    "objectId": "5df3d324129ec20d34d06ed2",
    "owningId": "hCjiCKfNqu",
    "relatedId": "lYnfh1CGzr"
  },
  {
    "objectId": "5df3d324129ec20d34d06eea",
    "owningId": "gy6h5lohFv",
    "relatedId": "8vhPyDjCGW"
  },
  {
    "objectId": "5df3d324129ec20d34d06ed9",
    "owningId": "hCjiCKfNqu",
    "relatedId": "BuoGZx43Xq"
  },
  {
    "objectId": "5df3d324129ec20d34d06ef6",
    "owningId": "gy6h5lohFv",
    "relatedId": "v7shcIaejM"
  },
  {
    "objectId": "5df3d324129ec20d34d06ef2",
    "owningId": "gy6h5lohFv",
    "relatedId": "HHyyGYlJrp"
  },
  {
    "objectId": "5df3d324129ec20d34d06f06",
    "owningId": "gy6h5lohFv",
    "relatedId": "OvlWi5sIgF"
  },
  {
    "objectId": "5df3d324129ec20d34d06f42",
    "owningId": "22WgxoErVl",
    "relatedId": "JBFCXgkGSh"
  },
  {
    "objectId": "5df3d324129ec20d34d06f40",
    "owningId": "22WgxoErVl",
    "relatedId": "QXAQmQR8v1"
  },
  {
    "objectId": "5df3d324129ec20d34d06f43",
    "owningId": "22WgxoErVl",
    "relatedId": "hy1Xt8VYOY"
  },
  {
    "objectId": "5df3d324129ec20d34d06f41",
    "owningId": "22WgxoErVl",
    "relatedId": "HHyyGYlJrp"
  },
  {
    "objectId": "5df3d324129ec20d34d06f44",
    "owningId": "22WgxoErVl",
    "relatedId": "NmCM3eZdGh"
  },
  {
    "objectId": "5df3d324129ec20d34d06f67",
    "owningId": "f2hwb4CWUH",
    "relatedId": "hy1Xt8VYOY"
  },
  {
    "objectId": "5df3d324129ec20d34d06f78",
    "owningId": "f2hwb4CWUH",
    "relatedId": "A8jfmyWKUw"
  },
  {
    "objectId": "5df3d324129ec20d34d06f74",
    "owningId": "f2hwb4CWUH",
    "relatedId": "QXAQmQR8v1"
  },
  {
    "objectId": "5df3d324129ec20d34d06f70",
    "owningId": "f2hwb4CWUH",
    "relatedId": "JBFCXgkGSh"
  },
  {
    "objectId": "5df3d324129ec20d34d06f7c",
    "owningId": "f2hwb4CWUH",
    "relatedId": "fvQlOgZzbM"
  },
  {
    "objectId": "5df3d662129ec20d34d070d6",
    "owningId": "ik1vz4srLr",
    "relatedId": "v3QsaB0VYe"
  },
  {
    "objectId": "5df3d662129ec20d34d070dd",
    "owningId": "ik1vz4srLr",
    "relatedId": "SDiQhkTElb"
  },
  {
    "objectId": "5df3d662129ec20d34d070da",
    "owningId": "ik1vz4srLr",
    "relatedId": "CDu78kVz2i"
  },
  {
    "objectId": "5df3d662129ec20d34d070e1",
    "owningId": "erAysjHdDP",
    "relatedId": "tPR1o7qEHZ"
  },
  {
    "objectId": "5df3d662129ec20d34d070df",
    "owningId": "erAysjHdDP",
    "relatedId": "ml7MvRC9CW"
  },
  {
    "objectId": "5df3d662129ec20d34d070d9",
    "owningId": "ik1vz4srLr",
    "relatedId": "WIYiKoGll9"
  },
  {
    "objectId": "5df3d662129ec20d34d070de",
    "owningId": "ik1vz4srLr",
    "relatedId": "aVLY27vowH"
  },
  {
    "objectId": "5df3d662129ec20d34d0711d",
    "owningId": "MdrCUIMj67",
    "relatedId": "WIYiKoGll9"
  },
  {
    "objectId": "5df3d662129ec20d34d07136",
    "owningId": "MdrCUIMj67",
    "relatedId": "SDiQhkTElb"
  },
  {
    "objectId": "5df3d662129ec20d34d0713b",
    "owningId": "MdrCUIMj67",
    "relatedId": "CDu78kVz2i"
  },
  {
    "objectId": "5df3d662129ec20d34d07144",
    "owningId": "erAysjHdDP",
    "relatedId": "SDiQhkTElb"
  },
  {
    "objectId": "5df3d662129ec20d34d0714a",
    "owningId": "erAysjHdDP",
    "relatedId": "CDu78kVz2i"
  },
  {
    "objectId": "5df3d662129ec20d34d0714e",
    "owningId": "erAysjHdDP",
    "relatedId": "WIYiKoGll9"
  },
  {
    "objectId": "5df3d662129ec20d34d07185",
    "owningId": "EhhW2oGSAm",
    "relatedId": "iJnA49cY1a"
  },
  {
    "objectId": "5df3d662129ec20d34d07186",
    "owningId": "EhhW2oGSAm",
    "relatedId": "tPR1o7qEHZ"
  },
  {
    "objectId": "5df3d662129ec20d34d071a4",
    "owningId": "Wk3dCI67wQ",
    "relatedId": "tonWZzCWpp"
  },
  {
    "objectId": "5df3d662129ec20d34d071b2",
    "owningId": "EhhW2oGSAm",
    "relatedId": "pbWdAEMAtU"
  },
  {
    "objectId": "5df3d662129ec20d34d071b1",
    "owningId": "EhhW2oGSAm",
    "relatedId": "sxp5UUM52R"
  },
  {
    "objectId": "5df3d662129ec20d34d071c7",
    "owningId": "Wk3dCI67wQ",
    "relatedId": "lfASRALbC5"
  },
  {
    "objectId": "5df3d662129ec20d34d071d2",
    "owningId": "metAoBGOUb",
    "relatedId": "SDiQhkTElb"
  },
  {
    "objectId": "5df3d662129ec20d34d071d4",
    "owningId": "metAoBGOUb",
    "relatedId": "mlCvclJwhv"
  },
  {
    "objectId": "5df3d662129ec20d34d071d6",
    "owningId": "metAoBGOUb",
    "relatedId": "LpEAQtG5Bt"
  },
  {
    "objectId": "5df3d662129ec20d34d071dc",
    "owningId": "metAoBGOUb",
    "relatedId": "IssdrsJHE5"
  },
  {
    "objectId": "5df3d662129ec20d34d071d8",
    "owningId": "Wk3dCI67wQ",
    "relatedId": "SDiQhkTElb"
  },
  {
    "objectId": "5df3d662129ec20d34d071dd",
    "owningId": "metAoBGOUb",
    "relatedId": "JO0GwCYHZ1"
  },
  {
    "objectId": "5df3d662129ec20d34d071d9",
    "owningId": "metAoBGOUb",
    "relatedId": "tPR1o7qEHZ"
  },
  {
    "objectId": "5df3d662129ec20d34d07208",
    "owningId": "metAoBGOUb",
    "relatedId": "lfASRALbC5"
  },
  {
    "objectId": "5df3d662129ec20d34d0720a",
    "owningId": "metAoBGOUb",
    "relatedId": "FAhBWCPtUz"
  },
  {
    "objectId": "5df3d662129ec20d34d0720b",
    "owningId": "metAoBGOUb",
    "relatedId": "CDu78kVz2i"
  },
  {
    "objectId": "5df3d662129ec20d34d0720d",
    "owningId": "metAoBGOUb",
    "relatedId": "vVvKf22wIE"
  },
  {
    "objectId": "5df3d662129ec20d34d0720e",
    "owningId": "metAoBGOUb",
    "relatedId": "3sx4HaqdEe"
  },
  {
    "objectId": "5df3d662129ec20d34d07212",
    "owningId": "metAoBGOUb",
    "relatedId": "WIYiKoGll9"
  },
  {
    "objectId": "5df3d662129ec20d34d07213",
    "owningId": "metAoBGOUb",
    "relatedId": "Xy6WzGjHtc"
  },
  {
    "objectId": "5df3d710129ec20d34d0741c",
    "owningId": "ySERXwSQJt",
    "relatedId": "23IpHNWIfW"
  },
  {
    "objectId": "5df3d710129ec20d34d0741d",
    "owningId": "ySERXwSQJt",
    "relatedId": "pT7OCiCaGw"
  },
  {
    "objectId": "5df3d710129ec20d34d0741b",
    "owningId": "ySERXwSQJt",
    "relatedId": "j9lNryDW2D"
  },
  {
    "objectId": "5df3d710129ec20d34d0741e",
    "owningId": "ySERXwSQJt",
    "relatedId": "6rf9OByrAC"
  },
  {
    "objectId": "5df3d710129ec20d34d07445",
    "owningId": "oupwtInNG8",
    "relatedId": "6wOpR4h8hX"
  },
  {
    "objectId": "5df3d710129ec20d34d07456",
    "owningId": "SSvOy4LW1d",
    "relatedId": "XkClBqteaC"
  },
  {
    "objectId": "5df3d710129ec20d34d0744b",
    "owningId": "oupwtInNG8",
    "relatedId": "0hjxV4NQ4H"
  },
  {
    "objectId": "5df3d710129ec20d34d07459",
    "owningId": "SSvOy4LW1d",
    "relatedId": "rBT6dRcAvV"
  },
  {
    "objectId": "5df3d710129ec20d34d07457",
    "owningId": "oupwtInNG8",
    "relatedId": "zxQqI86U6J"
  },
  {
    "objectId": "5df3d710129ec20d34d07461",
    "owningId": "SSvOy4LW1d",
    "relatedId": "zxQqI86U6J"
  },
  {
    "objectId": "5df3d710129ec20d34d0745f",
    "owningId": "SSvOy4LW1d",
    "relatedId": "ywQsKeaP0F"
  },
  {
    "objectId": "5df3d710129ec20d34d07474",
    "owningId": "kEgRE5Qpt2",
    "relatedId": "XkClBqteaC"
  },
  {
    "objectId": "5df3d710129ec20d34d07473",
    "owningId": "SSvOy4LW1d",
    "relatedId": "0L9iwwwJMW"
  },
  {
    "objectId": "5df3d710129ec20d34d0748c",
    "owningId": "kEgRE5Qpt2",
    "relatedId": "rBT6dRcAvV"
  },
  {
    "objectId": "5df3d710129ec20d34d07493",
    "owningId": "kEgRE5Qpt2",
    "relatedId": "zxQqI86U6J"
  },
  {
    "objectId": "5df3d710129ec20d34d074f5",
    "owningId": "mLDOC4VnGT",
    "relatedId": "23IpHNWIfW"
  },
  {
    "objectId": "5df3d710129ec20d34d074f8",
    "owningId": "mLDOC4VnGT",
    "relatedId": "0hjxV4NQ4H"
  },
  {
    "objectId": "5df3d710129ec20d34d074f9",
    "owningId": "mLDOC4VnGT",
    "relatedId": "zxQqI86U6J"
  },
  {
    "objectId": "5df3d710129ec20d34d07500",
    "owningId": "mLDOC4VnGT",
    "relatedId": "z912tJ4iRp"
  },
  {
    "objectId": "5df3d710129ec20d34d07502",
    "owningId": "mLDOC4VnGT",
    "relatedId": "kNmDBGH4AR"
  },
  {
    "objectId": "5df3d710129ec20d34d07504",
    "owningId": "mLDOC4VnGT",
    "relatedId": "3FcujWUFnG"
  },
  {
    "objectId": "5df3d710129ec20d34d07508",
    "owningId": "mLDOC4VnGT",
    "relatedId": "rBT6dRcAvV"
  },
  {
    "objectId": "5df3d710129ec20d34d0750e",
    "owningId": "mLDOC4VnGT",
    "relatedId": "mgSo4ZBwQZ"
  },
  {
    "objectId": "5df3d710129ec20d34d0750a",
    "owningId": "mLDOC4VnGT",
    "relatedId": "LlacbRvELZ"
  },
  {
    "objectId": "5df3d710129ec20d34d0750b",
    "owningId": "mLDOC4VnGT",
    "relatedId": "1wtNG6ziqB"
  },
  {
    "objectId": "5df3d710129ec20d34d0750f",
    "owningId": "mLDOC4VnGT",
    "relatedId": "XkClBqteaC"
  },
  {
    "objectId": "5df3d710129ec20d34d07512",
    "owningId": "mLDOC4VnGT",
    "relatedId": "qTBnIxRd3N"
  },
  {
    "objectId": "5df3d710129ec20d34d07518",
    "owningId": "mLDOC4VnGT",
    "relatedId": "8gRfGq6HLU"
  },
  {
    "objectId": "5df3d710129ec20d34d07537",
    "owningId": "TMSqCsw19k",
    "relatedId": "zxQqI86U6J"
  },
  {
    "objectId": "5df3d710129ec20d34d0753e",
    "owningId": "TMSqCsw19k",
    "relatedId": "rBT6dRcAvV"
  },
  {
    "objectId": "5df3d710129ec20d34d0753d",
    "owningId": "TMSqCsw19k",
    "relatedId": "23IpHNWIfW"
  },
  {
    "objectId": "5df3d710129ec20d34d07540",
    "owningId": "TMSqCsw19k",
    "relatedId": "PH0oid2f3c"
  },
  {
    "objectId": "5df3d710129ec20d34d07544",
    "owningId": "TMSqCsw19k",
    "relatedId": "XkClBqteaC"
  },
  {
    "objectId": "5df3dcf5129ec20d34d07790",
    "owningId": "23hsxgd1RW",
    "relatedId": "6U596yrSpl"
  },
  {
    "objectId": "5df3dcf5129ec20d34d07795",
    "owningId": "23hsxgd1RW",
    "relatedId": "H2YJwIO8vl"
  },
  {
    "objectId": "5df3dcf5129ec20d34d0778d",
    "owningId": "23hsxgd1RW",
    "relatedId": "2AVJJ6U7jn"
  },
  {
    "objectId": "5df3dcf5129ec20d34d0779d",
    "owningId": "FquOpY92qX",
    "relatedId": "FLeXGujhlm"
  },
  {
    "objectId": "5df3dcf5129ec20d34d0779a",
    "owningId": "FquOpY92qX",
    "relatedId": "bvbDufW2Bi"
  },
  {
    "objectId": "5df3dcf5129ec20d34d07791",
    "owningId": "FquOpY92qX",
    "relatedId": "035EUbQGfr"
  },
  {
    "objectId": "5df3dcf5129ec20d34d07797",
    "owningId": "FquOpY92qX",
    "relatedId": "6U596yrSpl"
  },
  {
    "objectId": "5df3dcf5129ec20d34d0779c",
    "owningId": "FquOpY92qX",
    "relatedId": "UvV3OomQL5"
  },
  {
    "objectId": "5df3dcf5129ec20d34d077a4",
    "owningId": "FquOpY92qX",
    "relatedId": "PFK81q3OP4"
  },
  {
    "objectId": "5df3dcf5129ec20d34d077a0",
    "owningId": "FquOpY92qX",
    "relatedId": "2AVJJ6U7jn"
  },
  {
    "objectId": "5df3dcf5129ec20d34d077a3",
    "owningId": "FquOpY92qX",
    "relatedId": "pRfXD2itaC"
  },
  {
    "objectId": "5df3dcf5129ec20d34d077a5",
    "owningId": "FquOpY92qX",
    "relatedId": "H2YJwIO8vl"
  },
  {
    "objectId": "5df3dcf5129ec20d34d077a6",
    "owningId": "FquOpY92qX",
    "relatedId": "DzvYDr33wp"
  },
  {
    "objectId": "5df3dcf5129ec20d34d077ae",
    "owningId": "FquOpY92qX",
    "relatedId": "n6DRvj6szh"
  },
  {
    "objectId": "5df3dcf5129ec20d34d077b1",
    "owningId": "FquOpY92qX",
    "relatedId": "iYtGMpNbXU"
  },
  {
    "objectId": "5df3dcf5129ec20d34d077b6",
    "owningId": "FquOpY92qX",
    "relatedId": "NIRRDQ3qd9"
  },
  {
    "objectId": "5df3dcf5129ec20d34d077f0",
    "owningId": "hEhgrld4aW",
    "relatedId": "AdvYOuTQmt"
  },
  {
    "objectId": "5df3dcf5129ec20d34d077fe",
    "owningId": "hEhgrld4aW",
    "relatedId": "cgRyGJZUnx"
  },
  {
    "objectId": "5df3dcf5129ec20d34d077ff",
    "owningId": "hEhgrld4aW",
    "relatedId": "035EUbQGfr"
  },
  {
    "objectId": "5df3dcf5129ec20d34d07811",
    "owningId": "hEhgrld4aW",
    "relatedId": "nIDFvzLvcy"
  },
  {
    "objectId": "5df3dcf5129ec20d34d0783b",
    "owningId": "Y3WOXJrFhI",
    "relatedId": "nDwVRfGSa7"
  },
  {
    "objectId": "5df3dcf5129ec20d34d07841",
    "owningId": "Y3WOXJrFhI",
    "relatedId": "tgm7xxNva7"
  },
  {
    "objectId": "5df3dcf5129ec20d34d07842",
    "owningId": "Y3WOXJrFhI",
    "relatedId": "2AVJJ6U7jn"
  },
  {
    "objectId": "5df3dcf5129ec20d34d0784d",
    "owningId": "Y3WOXJrFhI",
    "relatedId": "H2YJwIO8vl"
  },
  {
    "objectId": "5df3dcf5129ec20d34d07848",
    "owningId": "Y3WOXJrFhI",
    "relatedId": "6U596yrSpl"
  },
  {
    "objectId": "5df3dd27129ec20d34d079bd",
    "owningId": "h0pbYbYHHB",
    "relatedId": "bGVURQoQo5"
  },
  {
    "objectId": "5df3dd27129ec20d34d079b3",
    "owningId": "h0pbYbYHHB",
    "relatedId": "FDNCYulCUe"
  },
  {
    "objectId": "5df3dd27129ec20d34d079b7",
    "owningId": "h0pbYbYHHB",
    "relatedId": "gxG412p0ux"
  },
  {
    "objectId": "5df3dd27129ec20d34d079b5",
    "owningId": "3zkZDjNrAb",
    "relatedId": "CERsg073Tp"
  },
  {
    "objectId": "5df3dd27129ec20d34d079bb",
    "owningId": "3zkZDjNrAb",
    "relatedId": "u92lLdPvLD"
  },
  {
    "objectId": "5df3dd27129ec20d34d079b4",
    "owningId": "h0pbYbYHHB",
    "relatedId": "CERsg073Tp"
  },
  {
    "objectId": "5df3dd27129ec20d34d079c1",
    "owningId": "3zkZDjNrAb",
    "relatedId": "KQfN9P9DZO"
  },
  {
    "objectId": "5df3dd27129ec20d34d079b8",
    "owningId": "3zkZDjNrAb",
    "relatedId": "NngriBzl2P"
  },
  {
    "objectId": "5df3dd27129ec20d34d079ba",
    "owningId": "3zkZDjNrAb",
    "relatedId": "gxG412p0ux"
  },
  {
    "objectId": "5df3dd27129ec20d34d079c2",
    "owningId": "3zkZDjNrAb",
    "relatedId": "qWBEsELx58"
  },
  {
    "objectId": "5df3dd27129ec20d34d079c4",
    "owningId": "3zkZDjNrAb",
    "relatedId": "eQLsymqDH3"
  },
  {
    "objectId": "5df3dd27129ec20d34d079d6",
    "owningId": "3zkZDjNrAb",
    "relatedId": "JehJ7v7KYa"
  },
  {
    "objectId": "5df3dd27129ec20d34d079d3",
    "owningId": "3zkZDjNrAb",
    "relatedId": "FDNCYulCUe"
  },
  {
    "objectId": "5df3dd27129ec20d34d079d1",
    "owningId": "h0pbYbYHHB",
    "relatedId": "vE8XODWasx"
  },
  {
    "objectId": "5df3dd27129ec20d34d079dd",
    "owningId": "3zkZDjNrAb",
    "relatedId": "2qGAhW7Uzm"
  },
  {
    "objectId": "5df3dd27129ec20d34d079dc",
    "owningId": "3zkZDjNrAb",
    "relatedId": "1wRHnRzI8u"
  },
  {
    "objectId": "5df3dd27129ec20d34d079e8",
    "owningId": "3zkZDjNrAb",
    "relatedId": "TZSUrlJmM3"
  },
  {
    "objectId": "5df3dd27129ec20d34d079ee",
    "owningId": "3zkZDjNrAb",
    "relatedId": "u8bfbLYDtc"
  },
  {
    "objectId": "5df3dd27129ec20d34d079fe",
    "owningId": "toA31G2Cwh",
    "relatedId": "1wRHnRzI8u"
  },
  {
    "objectId": "5df3dd27129ec20d34d07a1c",
    "owningId": "toA31G2Cwh",
    "relatedId": "ew8IiHmfiI"
  },
  {
    "objectId": "5df3dd27129ec20d34d07a2f",
    "owningId": "toA31G2Cwh",
    "relatedId": "3GGUzkbGeQ"
  },
  {
    "objectId": "5df3dd27129ec20d34d07a4b",
    "owningId": "toA31G2Cwh",
    "relatedId": "S1OQEKPRFy"
  },
  {
    "objectId": "5df3dd27129ec20d34d07a5c",
    "owningId": "mEdyL0V5nl",
    "relatedId": "FDNCYulCUe"
  },
  {
    "objectId": "5df3dd27129ec20d34d07a5d",
    "owningId": "mEdyL0V5nl",
    "relatedId": "1wRHnRzI8u"
  },
  {
    "objectId": "5df3dd27129ec20d34d07a5f",
    "owningId": "mEdyL0V5nl",
    "relatedId": "gxG412p0ux"
  },
  {
    "objectId": "5df3dd27129ec20d34d07a5e",
    "owningId": "mEdyL0V5nl",
    "relatedId": "qmnL2s8SWz"
  },
  {
    "objectId": "5df3dd27129ec20d34d07a6c",
    "owningId": "mEdyL0V5nl",
    "relatedId": "CERsg073Tp"
  },
  {
    "objectId": "5df3dd27129ec20d34d07a95",
    "owningId": "p7jxAaqj9Q",
    "relatedId": "LTXagtztHs"
  },
  {
    "objectId": "5df3dd27129ec20d34d07a93",
    "owningId": "p7jxAaqj9Q",
    "relatedId": "NngriBzl2P"
  },
  {
    "objectId": "5df3dd27129ec20d34d07aa0",
    "owningId": "p7jxAaqj9Q",
    "relatedId": "FDNCYulCUe"
  },
  {
    "objectId": "5df3dd27129ec20d34d07aad",
    "owningId": "zTqx98jEFV",
    "relatedId": "CERsg073Tp"
  },
  {
    "objectId": "5df3dd27129ec20d34d07ab2",
    "owningId": "zTqx98jEFV",
    "relatedId": "gxG412p0ux"
  },
  {
    "objectId": "5df3dd27129ec20d34d07ac5",
    "owningId": "zTqx98jEFV",
    "relatedId": "FDNCYulCUe"
  },
  {
    "objectId": "5df3e9ab129ec20d34d07eb0",
    "owningId": "GteveE4ytb",
    "relatedId": "PL36fSGLoW"
  },
  {
    "objectId": "5df3e9ab129ec20d34d07eb4",
    "owningId": "GteveE4ytb",
    "relatedId": "43NzGsaO90"
  },
  {
    "objectId": "5df3e9ab129ec20d34d07eb5",
    "owningId": "GteveE4ytb",
    "relatedId": "JNgiSeuJwR"
  },
  {
    "objectId": "5df3e9ab129ec20d34d07ee2",
    "owningId": "mRAWzGNBfG",
    "relatedId": "lZHyO0MIr6"
  },
  {
    "objectId": "5df3e9ab129ec20d34d07ee9",
    "owningId": "mRAWzGNBfG",
    "relatedId": "8v6oV8B1vV"
  },
  {
    "objectId": "5df3e9ab129ec20d34d07ee5",
    "owningId": "mRAWzGNBfG",
    "relatedId": "vGTILbhPdN"
  },
  {
    "objectId": "5df3e9ab129ec20d34d07eed",
    "owningId": "mRAWzGNBfG",
    "relatedId": "hQRmOitrd4"
  },
  {
    "objectId": "5df3e9ab129ec20d34d07f02",
    "owningId": "fMoDABNwV9",
    "relatedId": "PL36fSGLoW"
  },
  {
    "objectId": "5df3e9ab129ec20d34d07f0b",
    "owningId": "fMoDABNwV9",
    "relatedId": "6EhvyQR6tl"
  },
  {
    "objectId": "5df3e9ab129ec20d34d07f15",
    "owningId": "fMoDABNwV9",
    "relatedId": "AmxEngCKLr"
  },
  {
    "objectId": "5df3e9ab129ec20d34d07f27",
    "owningId": "RbyX4ouadm",
    "relatedId": "AmxEngCKLr"
  },
  {
    "objectId": "5df3e9ab129ec20d34d07f28",
    "owningId": "RbyX4ouadm",
    "relatedId": "PL36fSGLoW"
  },
  {
    "objectId": "5df3e9ab129ec20d34d07f2e",
    "owningId": "RbyX4ouadm",
    "relatedId": "43NzGsaO90"
  },
  {
    "objectId": "5df3e9ab129ec20d34d07f31",
    "owningId": "RbyX4ouadm",
    "relatedId": "EDefVfBjfK"
  },
  {
    "objectId": "5df3e9ab129ec20d34d07f2f",
    "owningId": "RbyX4ouadm",
    "relatedId": "lZHyO0MIr6"
  },
  {
    "objectId": "5df3e9ab129ec20d34d07f32",
    "owningId": "RbyX4ouadm",
    "relatedId": "3M3m6D09tw"
  },
  {
    "objectId": "5df3e9ab129ec20d34d07f36",
    "owningId": "RbyX4ouadm",
    "relatedId": "6EhvyQR6tl"
  },
  {
    "objectId": "5df3e9ab129ec20d34d07f38",
    "owningId": "RbyX4ouadm",
    "relatedId": "O0AF6Vm9y8"
  },
  {
    "objectId": "5df3e9ab129ec20d34d07f3a",
    "owningId": "RbyX4ouadm",
    "relatedId": "EvtUWbZuHM"
  },
  {
    "objectId": "5df3e9ab129ec20d34d07f3c",
    "owningId": "RbyX4ouadm",
    "relatedId": "KhAN9CBelR"
  },
  {
    "objectId": "5df3e9ab129ec20d34d07f3e",
    "owningId": "RbyX4ouadm",
    "relatedId": "ubZP8dWW5W"
  },
  {
    "objectId": "5df3e9ab129ec20d34d07f40",
    "owningId": "RbyX4ouadm",
    "relatedId": "Jt7sJ8ZI7t"
  },
  {
    "objectId": "5df3e9ab129ec20d34d07f43",
    "owningId": "RbyX4ouadm",
    "relatedId": "gklElx7jRT"
  },
  {
    "objectId": "5df3e9ab129ec20d34d07f9a",
    "owningId": "SFHc9Y4gXA",
    "relatedId": "lZHyO0MIr6"
  },
  {
    "objectId": "5df3e9ab129ec20d34d07fa2",
    "owningId": "SFHc9Y4gXA",
    "relatedId": "6EhvyQR6tl"
  },
  {
    "objectId": "5df3e9ab129ec20d34d07fa8",
    "owningId": "SFHc9Y4gXA",
    "relatedId": "XkKWE6DYG2"
  },
  {
    "objectId": "5df3e9ab129ec20d34d07fad",
    "owningId": "SFHc9Y4gXA",
    "relatedId": "PL36fSGLoW"
  },
  {
    "objectId": "5df3e9ab129ec20d34d07fb2",
    "owningId": "SFHc9Y4gXA",
    "relatedId": "AmxEngCKLr"
  },
  {
    "objectId": "5df3e9ab129ec20d34d07fcc",
    "owningId": "NtEIWnlRYH",
    "relatedId": "AmxEngCKLr"
  },
  {
    "objectId": "5df3e9ab129ec20d34d07fd8",
    "owningId": "NtEIWnlRYH",
    "relatedId": "PL36fSGLoW"
  },
  {
    "objectId": "5df3e9ab129ec20d34d07fd9",
    "owningId": "NtEIWnlRYH",
    "relatedId": "6EhvyQR6tl"
  },
  {
    "objectId": "5df3e9ab129ec20d34d07fdf",
    "owningId": "NtEIWnlRYH",
    "relatedId": "z2uJ1N7RUj"
  },
  {
    "objectId": "5df3e9ab129ec20d34d07fe5",
    "owningId": "NtEIWnlRYH",
    "relatedId": "nn4RvL2myQ"
  }
]
}