{
"results" : [

  {
    "objectId": "5df356a7129ec20d34d05880",
    "owningId": "15EnXUntsv",
    "relatedId": "nUhihsi6bm"
  },
  {
    "objectId": "5df356a7129ec20d34d0587c",
    "owningId": "15EnXUntsv",
    "relatedId": "tYRN5DGwsj"
  },
  {
    "objectId": "5df356a7129ec20d34d0587f",
    "owningId": "15EnXUntsv",
    "relatedId": "TgWzcSdtDi"
  },
  {
    "objectId": "5df356a7129ec20d34d0587d",
    "owningId": "15EnXUntsv",
    "relatedId": "aYoAGH4zNE"
  },
  {
    "objectId": "5df356a7129ec20d34d0587e",
    "owningId": "15EnXUntsv",
    "relatedId": "jZWMCkU0Dg"
  },
  {
    "objectId": "5df356a7129ec20d34d05884",
    "owningId": "15EnXUntsv",
    "relatedId": "XnFyeCBSs3"
  },
  {
    "objectId": "5df356a7129ec20d34d05882",
    "owningId": "15EnXUntsv",
    "relatedId": "lLzeTX6YWA"
  },
  {
    "objectId": "5df356a7129ec20d34d05883",
    "owningId": "15EnXUntsv",
    "relatedId": "ic6j5Xx401"
  },
  {
    "objectId": "5df356a7129ec20d34d05885",
    "owningId": "15EnXUntsv",
    "relatedId": "nleC1Q0yNt"
  },
  {
    "objectId": "5df356a7129ec20d34d058a5",
    "owningId": "ESGfBFcbKb",
    "relatedId": "aYoAGH4zNE"
  },
  {
    "objectId": "5df356a7129ec20d34d058a4",
    "owningId": "ESGfBFcbKb",
    "relatedId": "TgWzcSdtDi"
  },
  {
    "objectId": "5df356a7129ec20d34d058a7",
    "owningId": "ESGfBFcbKb",
    "relatedId": "BNqhqjz0GX"
  },
  {
    "objectId": "5df356a7129ec20d34d058aa",
    "owningId": "ESGfBFcbKb",
    "relatedId": "FV6wJJiV8c"
  },
  {
    "objectId": "5df356a7129ec20d34d058ad",
    "owningId": "ESGfBFcbKb",
    "relatedId": "nijiTjYGpx"
  },
  {
    "objectId": "5df356a7129ec20d34d058ba",
    "owningId": "doHcQt0MbC",
    "relatedId": "3wPr6RaPHA"
  },
  {
    "objectId": "5df356a7129ec20d34d058af",
    "owningId": "doHcQt0MbC",
    "relatedId": "nijiTjYGpx"
  },
  {
    "objectId": "5df356a7129ec20d34d058b9",
    "owningId": "doHcQt0MbC",
    "relatedId": "dutMCIshUe"
  },
  {
    "objectId": "5df356a7129ec20d34d058bd",
    "owningId": "doHcQt0MbC",
    "relatedId": "LQEQYmtCph"
  },
  {
    "objectId": "5df356a7129ec20d34d058b3",
    "owningId": "doHcQt0MbC",
    "relatedId": "IlD9THKbz8"
  },
  {
    "objectId": "5df356a7129ec20d34d058b1",
    "owningId": "doHcQt0MbC",
    "relatedId": "SQJHTj2oki"
  },
  {
    "objectId": "5df356a7129ec20d34d058b7",
    "owningId": "doHcQt0MbC",
    "relatedId": "3xpLzYWtog"
  },
  {
    "objectId": "5df356a7129ec20d34d058ac",
    "owningId": "ESGfBFcbKb",
    "relatedId": "nUhihsi6bm"
  },
  {
    "objectId": "5df356a7129ec20d34d058b8",
    "owningId": "doHcQt0MbC",
    "relatedId": "N6DNrccROo"
  },
  {
    "objectId": "5df356a7129ec20d34d058b5",
    "owningId": "doHcQt0MbC",
    "relatedId": "TYBhi0hC4A"
  },
  {
    "objectId": "5df356a7129ec20d34d058b0",
    "owningId": "doHcQt0MbC",
    "relatedId": "AyEDfTYjEg"
  },
  {
    "objectId": "5df356a7129ec20d34d058b2",
    "owningId": "doHcQt0MbC",
    "relatedId": "RhUQZRKtkI"
  },
  {
    "objectId": "5df356a7129ec20d34d058b6",
    "owningId": "doHcQt0MbC",
    "relatedId": "ER1atr0tVI"
  },
  {
    "objectId": "5df356a7129ec20d34d058bc",
    "owningId": "ESGfBFcbKb",
    "relatedId": "FoTeG8CR3c"
  },
  {
    "objectId": "5df356a7129ec20d34d058d7",
    "owningId": "RdkDrHMuTM",
    "relatedId": "C4m1KuseOD"
  },
  {
    "objectId": "5df356a7129ec20d34d058d3",
    "owningId": "RdkDrHMuTM",
    "relatedId": "idSCK6aTfP"
  },
  {
    "objectId": "5df356a7129ec20d34d058d5",
    "owningId": "RdkDrHMuTM",
    "relatedId": "IlD9THKbz8"
  },
  {
    "objectId": "5df356a7129ec20d34d058d4",
    "owningId": "RdkDrHMuTM",
    "relatedId": "DUHxhtkroG"
  },
  {
    "objectId": "5df356a7129ec20d34d058d8",
    "owningId": "RdkDrHMuTM",
    "relatedId": "oXzL7NQpCe"
  },
  {
    "objectId": "5df356a7129ec20d34d05916",
    "owningId": "7wZQGbcoCt",
    "relatedId": "ic6j5Xx401"
  },
  {
    "objectId": "5df356a7129ec20d34d058fb",
    "owningId": "ESGfBFcbKb",
    "relatedId": "jZWMCkU0Dg"
  },
  {
    "objectId": "5df356a7129ec20d34d0590c",
    "owningId": "7wZQGbcoCt",
    "relatedId": "TgWzcSdtDi"
  },
  {
    "objectId": "5df356a7129ec20d34d05907",
    "owningId": "7wZQGbcoCt",
    "relatedId": "nijiTjYGpx"
  },
  {
    "objectId": "5df356a7129ec20d34d05943",
    "owningId": "7wZQGbcoCt",
    "relatedId": "nUhihsi6bm"
  },
  {
    "objectId": "5df356a7129ec20d34d05967",
    "owningId": "7wZQGbcoCt",
    "relatedId": "nleC1Q0yNt"
  },
  {
    "objectId": "5df356a7129ec20d34d05970",
    "owningId": "7wZQGbcoCt",
    "relatedId": "dQUBhwqNTd"
  },
  {
    "objectId": "5df356a7129ec20d34d0597b",
    "owningId": "GleJiIhEsp",
    "relatedId": "29pQVApDeQ"
  },
  {
    "objectId": "5df356a7129ec20d34d0597e",
    "owningId": "GleJiIhEsp",
    "relatedId": "AyEDfTYjEg"
  },
  {
    "objectId": "5df356a7129ec20d34d05976",
    "owningId": "GleJiIhEsp",
    "relatedId": "idSCK6aTfP"
  },
  {
    "objectId": "5df356a7129ec20d34d05974",
    "owningId": "GleJiIhEsp",
    "relatedId": "4RSsVURPMc"
  },
  {
    "objectId": "5df356a7129ec20d34d05975",
    "owningId": "GleJiIhEsp",
    "relatedId": "IlD9THKbz8"
  },
  {
    "objectId": "5df356a7129ec20d34d0597c",
    "owningId": "GleJiIhEsp",
    "relatedId": "wKF8fWZW4W"
  },
  {
    "objectId": "5df356a7129ec20d34d05973",
    "owningId": "GleJiIhEsp",
    "relatedId": "JnWroFpLGP"
  },
  {
    "objectId": "5df356a7129ec20d34d05977",
    "owningId": "GleJiIhEsp",
    "relatedId": "lLzeTX6YWA"
  },
  {
    "objectId": "5df356a7129ec20d34d0597d",
    "owningId": "GleJiIhEsp",
    "relatedId": "pnZvjdWIKb"
  },
  {
    "objectId": "5df356a7129ec20d34d059cc",
    "owningId": "7wZQGbcoCt",
    "relatedId": "aYoAGH4zNE"
  },
  {
    "objectId": "5df356a7129ec20d34d059d1",
    "owningId": "7wZQGbcoCt",
    "relatedId": "P6cyKA7zSZ"
  },
  {
    "objectId": "5df356a7129ec20d34d059ce",
    "owningId": "7wZQGbcoCt",
    "relatedId": "jZWMCkU0Dg"
  },
  {
    "objectId": "5df356a7129ec20d34d059cf",
    "owningId": "7wZQGbcoCt",
    "relatedId": "tYRN5DGwsj"
  },
  {
    "objectId": "5df356a7129ec20d34d059d2",
    "owningId": "7wZQGbcoCt",
    "relatedId": "yYsIiuSYcJ"
  },
  {
    "objectId": "5df356a7129ec20d34d059d3",
    "owningId": "7wZQGbcoCt",
    "relatedId": "XnFyeCBSs3"
  },
  {
    "objectId": "5df35716129ec20d34d05af5",
    "owningId": "AvwJkkbuFu",
    "relatedId": "xJj9ok6M3D"
  },
  {
    "objectId": "5df35716129ec20d34d05af9",
    "owningId": "AvwJkkbuFu",
    "relatedId": "Zg38UYDQi4"
  },
  {
    "objectId": "5df35716129ec20d34d05af4",
    "owningId": "AvwJkkbuFu",
    "relatedId": "EbDaNjqqhY"
  },
  {
    "objectId": "5df35716129ec20d34d05af7",
    "owningId": "AvwJkkbuFu",
    "relatedId": "RQBtpQwCM3"
  },
  {
    "objectId": "5df35716129ec20d34d05af8",
    "owningId": "AvwJkkbuFu",
    "relatedId": "pRj3wlW7T4"
  },
  {
    "objectId": "5df35716129ec20d34d05af6",
    "owningId": "AvwJkkbuFu",
    "relatedId": "nN4NGNJBQ4"
  },
  {
    "objectId": "5df35716129ec20d34d05afa",
    "owningId": "AvwJkkbuFu",
    "relatedId": "dO71CUSfVm"
  },
  {
    "objectId": "5df35716129ec20d34d05afd",
    "owningId": "AvwJkkbuFu",
    "relatedId": "Kt23dPKzgB"
  },
  {
    "objectId": "5df35716129ec20d34d05b1a",
    "owningId": "tArSC3RkKD",
    "relatedId": "Kt23dPKzgB"
  },
  {
    "objectId": "5df35716129ec20d34d05b1c",
    "owningId": "tArSC3RkKD",
    "relatedId": "wzv34aNa8N"
  },
  {
    "objectId": "5df35716129ec20d34d05b1b",
    "owningId": "tArSC3RkKD",
    "relatedId": "Zg38UYDQi4"
  },
  {
    "objectId": "5df35716129ec20d34d05b1d",
    "owningId": "tArSC3RkKD",
    "relatedId": "vgc65rhXn2"
  },
  {
    "objectId": "5df35716129ec20d34d05b25",
    "owningId": "tArSC3RkKD",
    "relatedId": "pRj3wlW7T4"
  },
  {
    "objectId": "5df35716129ec20d34d05b23",
    "owningId": "tArSC3RkKD",
    "relatedId": "dkxTXp0FXX"
  },
  {
    "objectId": "5df35716129ec20d34d05b2a",
    "owningId": "tArSC3RkKD",
    "relatedId": "nN4NGNJBQ4"
  },
  {
    "objectId": "5df35716129ec20d34d05b2e",
    "owningId": "tArSC3RkKD",
    "relatedId": "JjD5foHHmp"
  },
  {
    "objectId": "5df35716129ec20d34d05b2f",
    "owningId": "tArSC3RkKD",
    "relatedId": "nP99bhRBEg"
  },
  {
    "objectId": "5df35716129ec20d34d05b3b",
    "owningId": "XnNTzQjXS0",
    "relatedId": "4ilGVqYUA9"
  },
  {
    "objectId": "5df35716129ec20d34d05b42",
    "owningId": "XnNTzQjXS0",
    "relatedId": "1f8QIXDCIZ"
  },
  {
    "objectId": "5df35716129ec20d34d05b35",
    "owningId": "0DourTuy8a",
    "relatedId": "p3kyYeF2nU"
  },
  {
    "objectId": "5df35716129ec20d34d05b3e",
    "owningId": "XnNTzQjXS0",
    "relatedId": "p3kyYeF2nU"
  },
  {
    "objectId": "5df35716129ec20d34d05b36",
    "owningId": "0DourTuy8a",
    "relatedId": "NqCPOCwr8O"
  },
  {
    "objectId": "5df35716129ec20d34d05b3a",
    "owningId": "0DourTuy8a",
    "relatedId": "hsiABVDCgJ"
  },
  {
    "objectId": "5df35716129ec20d34d05b38",
    "owningId": "0DourTuy8a",
    "relatedId": "9f3yAIYv7H"
  },
  {
    "objectId": "5df35716129ec20d34d05b34",
    "owningId": "0DourTuy8a",
    "relatedId": "JjD5foHHmp"
  },
  {
    "objectId": "5df35716129ec20d34d05b3f",
    "owningId": "0DourTuy8a",
    "relatedId": "1Dtyo9VAit"
  },
  {
    "objectId": "5df35716129ec20d34d05b3d",
    "owningId": "XnNTzQjXS0",
    "relatedId": "b3qnl9t1Pb"
  },
  {
    "objectId": "5df35716129ec20d34d05b41",
    "owningId": "0DourTuy8a",
    "relatedId": "gGns0iVnvB"
  },
  {
    "objectId": "5df35716129ec20d34d05b37",
    "owningId": "0DourTuy8a",
    "relatedId": "Q4ZY2moYAU"
  },
  {
    "objectId": "5df35716129ec20d34d05b3c",
    "owningId": "XnNTzQjXS0",
    "relatedId": "NqCPOCwr8O"
  },
  {
    "objectId": "5df35716129ec20d34d05b4a",
    "owningId": "0DourTuy8a",
    "relatedId": "8veLt8Tmqg"
  },
  {
    "objectId": "5df35716129ec20d34d05b7d",
    "owningId": "Aa5qQqLrLw",
    "relatedId": "Kt23dPKzgB"
  },
  {
    "objectId": "5df35716129ec20d34d05b8b",
    "owningId": "7XfvS3vAUj",
    "relatedId": "p3kyYeF2nU"
  },
  {
    "objectId": "5df35716129ec20d34d05b84",
    "owningId": "Aa5qQqLrLw",
    "relatedId": "wzv34aNa8N"
  },
  {
    "objectId": "5df35716129ec20d34d05b98",
    "owningId": "7XfvS3vAUj",
    "relatedId": "xFXFWlEUGi"
  },
  {
    "objectId": "5df35716129ec20d34d05b8f",
    "owningId": "7XfvS3vAUj",
    "relatedId": "GM45APZatb"
  },
  {
    "objectId": "5df35716129ec20d34d05bbf",
    "owningId": "7XfvS3vAUj",
    "relatedId": "NJ8S2uZxQQ"
  },
  {
    "objectId": "5df35716129ec20d34d05bb1",
    "owningId": "7XfvS3vAUj",
    "relatedId": "EbDaNjqqhY"
  },
  {
    "objectId": "5df35716129ec20d34d05bc8",
    "owningId": "7XfvS3vAUj",
    "relatedId": "rv1SEnG2UQ"
  },
  {
    "objectId": "5df35716129ec20d34d05bee",
    "owningId": "Aa5qQqLrLw",
    "relatedId": "EbDaNjqqhY"
  },
  {
    "objectId": "5df35716129ec20d34d05be9",
    "owningId": "Aa5qQqLrLw",
    "relatedId": "nN4NGNJBQ4"
  },
  {
    "objectId": "5df35716129ec20d34d05be8",
    "owningId": "Aa5qQqLrLw",
    "relatedId": "Zg38UYDQi4"
  },
  {
    "objectId": "5df35716129ec20d34d05bec",
    "owningId": "Aa5qQqLrLw",
    "relatedId": "pRj3wlW7T4"
  },
  {
    "objectId": "5df35717129ec20d34d05bfe",
    "owningId": "Aa5qQqLrLw",
    "relatedId": "dkxTXp0FXX"
  },
  {
    "objectId": "5df35717129ec20d34d05c02",
    "owningId": "Aa5qQqLrLw",
    "relatedId": "YJAtdWsJCN"
  },
  {
    "objectId": "5df35717129ec20d34d05c04",
    "owningId": "Aa5qQqLrLw",
    "relatedId": "nP99bhRBEg"
  },
  {
    "objectId": "5df35717129ec20d34d05c06",
    "owningId": "Aa5qQqLrLw",
    "relatedId": "vgc65rhXn2"
  },
  {
    "objectId": "5df35717129ec20d34d05c08",
    "owningId": "Aa5qQqLrLw",
    "relatedId": "OsTGC1YPjX"
  },
  {
    "objectId": "5df35717129ec20d34d05c0a",
    "owningId": "Aa5qQqLrLw",
    "relatedId": "zVIp6GvFq6"
  },
  {
    "objectId": "5df35717129ec20d34d05c17",
    "owningId": "7XfvS3vAUj",
    "relatedId": "hsiABVDCgJ"
  },
  {
    "objectId": "5df35717129ec20d34d05c1c",
    "owningId": "7XfvS3vAUj",
    "relatedId": "uqwGs7Ig9x"
  },
  {
    "objectId": "5df35717129ec20d34d05c1d",
    "owningId": "7XfvS3vAUj",
    "relatedId": "JBzioyRo9j"
  },
  {
    "objectId": "5df35717129ec20d34d05c22",
    "owningId": "7XfvS3vAUj",
    "relatedId": "TYI4SJ29gB"
  },
  {
    "objectId": "5df35717129ec20d34d05c24",
    "owningId": "7XfvS3vAUj",
    "relatedId": "m0oejXInUH"
  },
  {
    "objectId": "5df35717129ec20d34d05c2c",
    "owningId": "7XfvS3vAUj",
    "relatedId": "5VRKBAqyov"
  },
  {
    "objectId": "5df3576e129ec20d34d05d71",
    "owningId": "ewdqSZFJj7",
    "relatedId": "yaUUdq8cfD"
  },
  {
    "objectId": "5df3576e129ec20d34d05d6f",
    "owningId": "ewdqSZFJj7",
    "relatedId": "gFuZT6b2cU"
  },
  {
    "objectId": "5df3576e129ec20d34d05d6e",
    "owningId": "ewdqSZFJj7",
    "relatedId": "OO0hWLG41b"
  },
  {
    "objectId": "5df3576e129ec20d34d05d70",
    "owningId": "ewdqSZFJj7",
    "relatedId": "IaI9zW0Cxi"
  },
  {
    "objectId": "5df3576e129ec20d34d05d72",
    "owningId": "ewdqSZFJj7",
    "relatedId": "DCCUkwr6tp"
  },
  {
    "objectId": "5df3576e129ec20d34d05d6c",
    "owningId": "ewdqSZFJj7",
    "relatedId": "XvGENRYXSx"
  },
  {
    "objectId": "5df3576e129ec20d34d05d6d",
    "owningId": "ewdqSZFJj7",
    "relatedId": "Gfb9Cc0A20"
  },
  {
    "objectId": "5df3576e129ec20d34d05d73",
    "owningId": "ewdqSZFJj7",
    "relatedId": "T0urzgfVVI"
  },
  {
    "objectId": "5df3576e129ec20d34d05d92",
    "owningId": "VEvEDBV9lg",
    "relatedId": "OO0hWLG41b"
  },
  {
    "objectId": "5df3576e129ec20d34d05d96",
    "owningId": "VEvEDBV9lg",
    "relatedId": "F6MccEEQZn"
  },
  {
    "objectId": "5df3576e129ec20d34d05d97",
    "owningId": "VEvEDBV9lg",
    "relatedId": "fcakHYyXdA"
  },
  {
    "objectId": "5df3576e129ec20d34d05d95",
    "owningId": "VEvEDBV9lg",
    "relatedId": "T0urzgfVVI"
  },
  {
    "objectId": "5df3576e129ec20d34d05d94",
    "owningId": "VEvEDBV9lg",
    "relatedId": "yaUUdq8cfD"
  },
  {
    "objectId": "5df3576e129ec20d34d05d93",
    "owningId": "VEvEDBV9lg",
    "relatedId": "XvGENRYXSx"
  },
  {
    "objectId": "5df3576e129ec20d34d05d98",
    "owningId": "VEvEDBV9lg",
    "relatedId": "YoL3wAyRTe"
  },
  {
    "objectId": "5df3576e129ec20d34d05d99",
    "owningId": "VEvEDBV9lg",
    "relatedId": "Sq2MCSwsri"
  },
  {
    "objectId": "5df3576e129ec20d34d05d9a",
    "owningId": "VEvEDBV9lg",
    "relatedId": "bHLKvNoRoF"
  },
  {
    "objectId": "5df3576e129ec20d34d05dbb",
    "owningId": "Whf16PZWja",
    "relatedId": "Aigvqz40mW"
  },
  {
    "objectId": "5df3576e129ec20d34d05dba",
    "owningId": "Whf16PZWja",
    "relatedId": "Kzyaugko9k"
  },
  {
    "objectId": "5df3576e129ec20d34d05dc5",
    "owningId": "0kBbn0ivpB",
    "relatedId": "F6MccEEQZn"
  },
  {
    "objectId": "5df3576e129ec20d34d05dca",
    "owningId": "Whf16PZWja",
    "relatedId": "sG6CZohDCL"
  },
  {
    "objectId": "5df3576e129ec20d34d05dc7",
    "owningId": "0kBbn0ivpB",
    "relatedId": "Gfb9Cc0A20"
  },
  {
    "objectId": "5df3576e129ec20d34d05dc8",
    "owningId": "0kBbn0ivpB",
    "relatedId": "yaUUdq8cfD"
  },
  {
    "objectId": "5df3576e129ec20d34d05dc6",
    "owningId": "0kBbn0ivpB",
    "relatedId": "XvGENRYXSx"
  },
  {
    "objectId": "5df3576e129ec20d34d05dcb",
    "owningId": "0kBbn0ivpB",
    "relatedId": "OO0hWLG41b"
  },
  {
    "objectId": "5df3576e129ec20d34d05dcf",
    "owningId": "EK0aAOqjpF",
    "relatedId": "Yr5AIz58rt"
  },
  {
    "objectId": "5df3576e129ec20d34d05dcc",
    "owningId": "Whf16PZWja",
    "relatedId": "jzhut89twi"
  },
  {
    "objectId": "5df3576e129ec20d34d05dd4",
    "owningId": "0kBbn0ivpB",
    "relatedId": "Sq2MCSwsri"
  },
  {
    "objectId": "5df3576e129ec20d34d05dc9",
    "owningId": "Whf16PZWja",
    "relatedId": "yjSyig63oF"
  },
  {
    "objectId": "5df3576e129ec20d34d05dd5",
    "owningId": "0kBbn0ivpB",
    "relatedId": "T0urzgfVVI"
  },
  {
    "objectId": "5df3576e129ec20d34d05dd8",
    "owningId": "EK0aAOqjpF",
    "relatedId": "2VPttqlbhb"
  },
  {
    "objectId": "5df3576e129ec20d34d05dd3",
    "owningId": "0kBbn0ivpB",
    "relatedId": "YoL3wAyRTe"
  },
  {
    "objectId": "5df3576e129ec20d34d05dd7",
    "owningId": "0kBbn0ivpB",
    "relatedId": "bHLKvNoRoF"
  },
  {
    "objectId": "5df3576e129ec20d34d05dde",
    "owningId": "0kBbn0ivpB",
    "relatedId": "zisGlL6wM7"
  },
  {
    "objectId": "5df3576e129ec20d34d05dd2",
    "owningId": "0kBbn0ivpB",
    "relatedId": "1gfwEnhu3K"
  },
  {
    "objectId": "5df3576e129ec20d34d05ddc",
    "owningId": "0kBbn0ivpB",
    "relatedId": "ayW5h5jWv6"
  },
  {
    "objectId": "5df3576e129ec20d34d05dfd",
    "owningId": "EK0aAOqjpF",
    "relatedId": "Kzyaugko9k"
  },
  {
    "objectId": "5df3576e129ec20d34d05e03",
    "owningId": "EK0aAOqjpF",
    "relatedId": "Z0YyQYy9Wu"
  },
  {
    "objectId": "5df3576e129ec20d34d05e13",
    "owningId": "N87N6IN4pz",
    "relatedId": "jzhut89twi"
  },
  {
    "objectId": "5df3576e129ec20d34d05e1a",
    "owningId": "N87N6IN4pz",
    "relatedId": "4QYbKYutdd"
  },
  {
    "objectId": "5df3576e129ec20d34d05e1c",
    "owningId": "N87N6IN4pz",
    "relatedId": "Kzyaugko9k"
  },
  {
    "objectId": "5df3576e129ec20d34d05e2d",
    "owningId": "N87N6IN4pz",
    "relatedId": "q43OLsJscD"
  },
  {
    "objectId": "5df3576e129ec20d34d05e1f",
    "owningId": "N87N6IN4pz",
    "relatedId": "PqRUujWhhr"
  },
  {
    "objectId": "5df3576e129ec20d34d05e26",
    "owningId": "N87N6IN4pz",
    "relatedId": "80DjTe4CWp"
  },
  {
    "objectId": "5df3576e129ec20d34d05e11",
    "owningId": "EK0aAOqjpF",
    "relatedId": "0Ce8ptxG8n"
  },
  {
    "objectId": "5df3576e129ec20d34d05e27",
    "owningId": "N87N6IN4pz",
    "relatedId": "fcakHYyXdA"
  },
  {
    "objectId": "5df3576e129ec20d34d05e32",
    "owningId": "N87N6IN4pz",
    "relatedId": "0Ce8ptxG8n"
  },
  {
    "objectId": "5df3576e129ec20d34d05e22",
    "owningId": "N87N6IN4pz",
    "relatedId": "wHeusvz7PZ"
  },
  {
    "objectId": "5df3576e129ec20d34d05e37",
    "owningId": "EK0aAOqjpF",
    "relatedId": "nxlwmGleFJ"
  },
  {
    "objectId": "5df3576e129ec20d34d05e28",
    "owningId": "EK0aAOqjpF",
    "relatedId": "Gfb9Cc0A20"
  },
  {
    "objectId": "5df3576e129ec20d34d05e47",
    "owningId": "EK0aAOqjpF",
    "relatedId": "6KPlehzXOC"
  },
  {
    "objectId": "5df3576e129ec20d34d05e43",
    "owningId": "EK0aAOqjpF",
    "relatedId": "ngaFiJT9Mu"
  },
  {
    "objectId": "5df3576e129ec20d34d05e59",
    "owningId": "EK0aAOqjpF",
    "relatedId": "uenwZ5FMBX"
  },
  {
    "objectId": "5df3576e129ec20d34d05e79",
    "owningId": "EK0aAOqjpF",
    "relatedId": "TfOznhVyTR"
  },
  {
    "objectId": "5df3576e129ec20d34d05e93",
    "owningId": "EK0aAOqjpF",
    "relatedId": "UD1FavcT7t"
  },
  {
    "objectId": "5df35ab9129ec20d34d0604f",
    "owningId": "absaiCHEBc",
    "relatedId": "uKiKKU462N"
  },
  {
    "objectId": "5df35ab9129ec20d34d06052",
    "owningId": "absaiCHEBc",
    "relatedId": "RZTgOISa3y"
  },
  {
    "objectId": "5df35ab9129ec20d34d06050",
    "owningId": "absaiCHEBc",
    "relatedId": "JVGljjm2Ce"
  },
  {
    "objectId": "5df35ab9129ec20d34d06051",
    "owningId": "absaiCHEBc",
    "relatedId": "VUix1TKcl5"
  },
  {
    "objectId": "5df35ab9129ec20d34d0605f",
    "owningId": "absaiCHEBc",
    "relatedId": "H2gRyxBv9C"
  },
  {
    "objectId": "5df35ab9129ec20d34d0605a",
    "owningId": "absaiCHEBc",
    "relatedId": "DUj6eK1Xdq"
  },
  {
    "objectId": "5df35ab9129ec20d34d06058",
    "owningId": "absaiCHEBc",
    "relatedId": "MoCH7G7ZF1"
  },
  {
    "objectId": "5df35ab9129ec20d34d06063",
    "owningId": "absaiCHEBc",
    "relatedId": "HVF9CVeT7q"
  },
  {
    "objectId": "5df35ab9129ec20d34d06064",
    "owningId": "absaiCHEBc",
    "relatedId": "Htpbojmaih"
  },
  {
    "objectId": "5df35ab9129ec20d34d06065",
    "owningId": "Z8aoioLpWJ",
    "relatedId": "zYvkfGjZzg"
  },
  {
    "objectId": "5df35ab9129ec20d34d06069",
    "owningId": "Z8aoioLpWJ",
    "relatedId": "gNxjN9VvvF"
  },
  {
    "objectId": "5df35ab9129ec20d34d0606b",
    "owningId": "Z8aoioLpWJ",
    "relatedId": "H2gRyxBv9C"
  },
  {
    "objectId": "5df35ab9129ec20d34d0606c",
    "owningId": "Z8aoioLpWJ",
    "relatedId": "MoCH7G7ZF1"
  },
  {
    "objectId": "5df35ab9129ec20d34d0606e",
    "owningId": "Z8aoioLpWJ",
    "relatedId": "rFgZckKREf"
  },
  {
    "objectId": "5df35ab9129ec20d34d06075",
    "owningId": "JGuSRx3wce",
    "relatedId": "rFgZckKREf"
  },
  {
    "objectId": "5df35ab9129ec20d34d06076",
    "owningId": "JGuSRx3wce",
    "relatedId": "H2gRyxBv9C"
  },
  {
    "objectId": "5df35ab9129ec20d34d0607d",
    "owningId": "JGuSRx3wce",
    "relatedId": "JVGljjm2Ce"
  },
  {
    "objectId": "5df35ab9129ec20d34d0607c",
    "owningId": "JGuSRx3wce",
    "relatedId": "Htpbojmaih"
  },
  {
    "objectId": "5df35ab9129ec20d34d0607f",
    "owningId": "JGuSRx3wce",
    "relatedId": "GF6GB73IXy"
  },
  {
    "objectId": "5df35ab9129ec20d34d06081",
    "owningId": "GJxBPYrMSj",
    "relatedId": "NetuZ4tKAz"
  },
  {
    "objectId": "5df35ab9129ec20d34d06086",
    "owningId": "GJxBPYrMSj",
    "relatedId": "r9LEiwunAA"
  },
  {
    "objectId": "5df35ab9129ec20d34d06079",
    "owningId": "Z8aoioLpWJ",
    "relatedId": "h9dc8tNoB2"
  },
  {
    "objectId": "5df35ab9129ec20d34d0607e",
    "owningId": "JGuSRx3wce",
    "relatedId": "FmMJSt5kJK"
  },
  {
    "objectId": "5df35ab9129ec20d34d06078",
    "owningId": "Z8aoioLpWJ",
    "relatedId": "uKiKKU462N"
  },
  {
    "objectId": "5df35ab9129ec20d34d06080",
    "owningId": "GJxBPYrMSj",
    "relatedId": "vDSdlzw7lh"
  },
  {
    "objectId": "5df35ab9129ec20d34d0607a",
    "owningId": "Z8aoioLpWJ",
    "relatedId": "DUj6eK1Xdq"
  },
  {
    "objectId": "5df35ab9129ec20d34d06083",
    "owningId": "GJxBPYrMSj",
    "relatedId": "bxSZy7aH4N"
  },
  {
    "objectId": "5df35ab9129ec20d34d06089",
    "owningId": "GJxBPYrMSj",
    "relatedId": "wic9Sonrir"
  },
  {
    "objectId": "5df35ab9129ec20d34d060e1",
    "owningId": "C48syQ0LWn",
    "relatedId": "NetuZ4tKAz"
  },
  {
    "objectId": "5df35ab9129ec20d34d060e4",
    "owningId": "C48syQ0LWn",
    "relatedId": "VOnOwZAO3z"
  },
  {
    "objectId": "5df35ab9129ec20d34d060e3",
    "owningId": "C48syQ0LWn",
    "relatedId": "P51YTGdKei"
  },
  {
    "objectId": "5df35ab9129ec20d34d060e5",
    "owningId": "C48syQ0LWn",
    "relatedId": "HVF9CVeT7q"
  },
  {
    "objectId": "5df35ab9129ec20d34d060e2",
    "owningId": "C48syQ0LWn",
    "relatedId": "e7rhLfBiSp"
  },
  {
    "objectId": "5df35ab9129ec20d34d060e7",
    "owningId": "C48syQ0LWn",
    "relatedId": "P4emf6zQnf"
  },
  {
    "objectId": "5df35ab9129ec20d34d060e6",
    "owningId": "C48syQ0LWn",
    "relatedId": "r9LEiwunAA"
  },
  {
    "objectId": "5df35ab9129ec20d34d060ea",
    "owningId": "C48syQ0LWn",
    "relatedId": "JosZswcdIv"
  },
  {
    "objectId": "5df35ab9129ec20d34d060f2",
    "owningId": "C48syQ0LWn",
    "relatedId": "66vXzRYImU"
  },
  {
    "objectId": "5df35ab9129ec20d34d06138",
    "owningId": "JGuSRx3wce",
    "relatedId": "MoCH7G7ZF1"
  },
  {
    "objectId": "5df35ab9129ec20d34d06141",
    "owningId": "JGuSRx3wce",
    "relatedId": "VUix1TKcl5"
  },
  {
    "objectId": "5df35ab9129ec20d34d06143",
    "owningId": "JGuSRx3wce",
    "relatedId": "DUj6eK1Xdq"
  },
  {
    "objectId": "5df35ab9129ec20d34d06146",
    "owningId": "JGuSRx3wce",
    "relatedId": "uKiKKU462N"
  },
  {
    "objectId": "5df35ab9129ec20d34d0614a",
    "owningId": "JGuSRx3wce",
    "relatedId": "RZTgOISa3y"
  },
  {
    "objectId": "5df35ab9129ec20d34d0614e",
    "owningId": "JGuSRx3wce",
    "relatedId": "CcukhuposG"
  },
  {
    "objectId": "5df35aba129ec20d34d06167",
    "owningId": "3XBhh1SFap",
    "relatedId": "gN7mXLuHro"
  },
  {
    "objectId": "5df35aba129ec20d34d06168",
    "owningId": "3XBhh1SFap",
    "relatedId": "OfOnSmM5Yz"
  },
  {
    "objectId": "5df35aba129ec20d34d0616a",
    "owningId": "3XBhh1SFap",
    "relatedId": "0HlzPFiogh"
  },
  {
    "objectId": "5df35aba129ec20d34d06169",
    "owningId": "3XBhh1SFap",
    "relatedId": "qHdpzfHiqb"
  },
  {
    "objectId": "5df35aba129ec20d34d0616c",
    "owningId": "3XBhh1SFap",
    "relatedId": "bNbzoChXmX"
  },
  {
    "objectId": "5df35aba129ec20d34d06172",
    "owningId": "3XBhh1SFap",
    "relatedId": "NetuZ4tKAz"
  },
  {
    "objectId": "5df35aba129ec20d34d06170",
    "owningId": "3XBhh1SFap",
    "relatedId": "VOnOwZAO3z"
  },
  {
    "objectId": "5df35aba129ec20d34d06173",
    "owningId": "3XBhh1SFap",
    "relatedId": "rFgZckKREf"
  },
  {
    "objectId": "5df35aba129ec20d34d0617e",
    "owningId": "3XBhh1SFap",
    "relatedId": "eC0aJpx9Es"
  },
  {
    "objectId": "5df35aba129ec20d34d06182",
    "owningId": "3XBhh1SFap",
    "relatedId": "eUIYH6yiK3"
  },
  {
    "objectId": "5df35aba129ec20d34d0617f",
    "owningId": "3XBhh1SFap",
    "relatedId": "xX75LXiDb0"
  },
  {
    "objectId": "5df35aba129ec20d34d06193",
    "owningId": "3XBhh1SFap",
    "relatedId": "ZgB2BAEcHO"
  },
  {
    "objectId": "5df3d17b129ec20d34d06965",
    "owningId": "G9lujlgD6e",
    "relatedId": "iflIGpsb3U"
  },
  {
    "objectId": "5df3d17b129ec20d34d06966",
    "owningId": "G9lujlgD6e",
    "relatedId": "fZ9oEbNZNO"
  },
  {
    "objectId": "5df3d17b129ec20d34d06967",
    "owningId": "G9lujlgD6e",
    "relatedId": "DjCTEL3J9E"
  },
  {
    "objectId": "5df3d17b129ec20d34d06964",
    "owningId": "G9lujlgD6e",
    "relatedId": "pantKJIFv1"
  },
  {
    "objectId": "5df3d17b129ec20d34d06963",
    "owningId": "G9lujlgD6e",
    "relatedId": "WkauqWRZby"
  },
  {
    "objectId": "5df3d17b129ec20d34d06968",
    "owningId": "G9lujlgD6e",
    "relatedId": "V8c7jg8DLA"
  },
  {
    "objectId": "5df3d17b129ec20d34d0696d",
    "owningId": "G9lujlgD6e",
    "relatedId": "y9skGoTBK0"
  },
  {
    "objectId": "5df3d17b129ec20d34d06969",
    "owningId": "G9lujlgD6e",
    "relatedId": "cxNQF9SOCW"
  },
  {
    "objectId": "5df3d17b129ec20d34d06972",
    "owningId": "vIXV6okxrR",
    "relatedId": "r6bOtFnt2H"
  },
  {
    "objectId": "5df3d17b129ec20d34d06988",
    "owningId": "vIXV6okxrR",
    "relatedId": "iflIGpsb3U"
  },
  {
    "objectId": "5df3d17b129ec20d34d06991",
    "owningId": "vIXV6okxrR",
    "relatedId": "WkauqWRZby"
  },
  {
    "objectId": "5df3d17b129ec20d34d06993",
    "owningId": "vIXV6okxrR",
    "relatedId": "42wZEiPJEE"
  },
  {
    "objectId": "5df3d17b129ec20d34d06995",
    "owningId": "vIXV6okxrR",
    "relatedId": "cxNQF9SOCW"
  },
  {
    "objectId": "5df3d17b129ec20d34d06990",
    "owningId": "vIXV6okxrR",
    "relatedId": "y9skGoTBK0"
  },
  {
    "objectId": "5df3d17b129ec20d34d06999",
    "owningId": "0F0k8lV3Ms",
    "relatedId": "quFzpztIRD"
  },
  {
    "objectId": "5df3d17b129ec20d34d0699d",
    "owningId": "0F0k8lV3Ms",
    "relatedId": "74UqSncSLD"
  },
  {
    "objectId": "5df3d17b129ec20d34d0699b",
    "owningId": "vIXV6okxrR",
    "relatedId": "27E87zdYjt"
  },
  {
    "objectId": "5df3d17b129ec20d34d069a2",
    "owningId": "f3fhjjGFjZ",
    "relatedId": "iflIGpsb3U"
  },
  {
    "objectId": "5df3d17b129ec20d34d069a4",
    "owningId": "f3fhjjGFjZ",
    "relatedId": "cxNQF9SOCW"
  },
  {
    "objectId": "5df3d17b129ec20d34d0699f",
    "owningId": "vIXV6okxrR",
    "relatedId": "tx9ih4FdvT"
  },
  {
    "objectId": "5df3d17b129ec20d34d069a9",
    "owningId": "f3fhjjGFjZ",
    "relatedId": "r6bOtFnt2H"
  },
  {
    "objectId": "5df3d17b129ec20d34d069a3",
    "owningId": "f3fhjjGFjZ",
    "relatedId": "WkauqWRZby"
  },
  {
    "objectId": "5df3d17b129ec20d34d069a1",
    "owningId": "vIXV6okxrR",
    "relatedId": "kQYYTXQTdw"
  },
  {
    "objectId": "5df3d17b129ec20d34d069b3",
    "owningId": "f3fhjjGFjZ",
    "relatedId": "5Z0W6NOWLR"
  },
  {
    "objectId": "5df3d17b129ec20d34d069a8",
    "owningId": "f3fhjjGFjZ",
    "relatedId": "kQYYTXQTdw"
  },
  {
    "objectId": "5df3d17b129ec20d34d069a7",
    "owningId": "f3fhjjGFjZ",
    "relatedId": "pantKJIFv1"
  },
  {
    "objectId": "5df3d17b129ec20d34d069aa",
    "owningId": "f3fhjjGFjZ",
    "relatedId": "42wZEiPJEE"
  },
  {
    "objectId": "5df3d17b129ec20d34d069b1",
    "owningId": "f3fhjjGFjZ",
    "relatedId": "Got7fQFF9E"
  },
  {
    "objectId": "5df3d17b129ec20d34d069a5",
    "owningId": "f3fhjjGFjZ",
    "relatedId": "y9skGoTBK0"
  },
  {
    "objectId": "5df3d17b129ec20d34d069b4",
    "owningId": "f3fhjjGFjZ",
    "relatedId": "dHdmoR4DNI"
  },
  {
    "objectId": "5df3d17b129ec20d34d069ae",
    "owningId": "f3fhjjGFjZ",
    "relatedId": "27E87zdYjt"
  },
  {
    "objectId": "5df3d17b129ec20d34d069c0",
    "owningId": "7mCsz2IBgk",
    "relatedId": "Voy67vUAdH"
  },
  {
    "objectId": "5df3d17b129ec20d34d069bf",
    "owningId": "7mCsz2IBgk",
    "relatedId": "6pucali5Pl"
  },
  {
    "objectId": "5df3d17b129ec20d34d069c3",
    "owningId": "7mCsz2IBgk",
    "relatedId": "iZmCj6I6qH"
  },
  {
    "objectId": "5df3d17b129ec20d34d069be",
    "owningId": "7mCsz2IBgk",
    "relatedId": "t5ExmJvDBL"
  },
  {
    "objectId": "5df3d17b129ec20d34d069d3",
    "owningId": "7mCsz2IBgk",
    "relatedId": "tx9ih4FdvT"
  },
  {
    "objectId": "5df3d17b129ec20d34d069ec",
    "owningId": "7mCsz2IBgk",
    "relatedId": "7NDZ1qsjIv"
  },
  {
    "objectId": "5df3d17b129ec20d34d069f2",
    "owningId": "7mCsz2IBgk",
    "relatedId": "iDIZAdHHG3"
  },
  {
    "objectId": "5df3d17b129ec20d34d069ed",
    "owningId": "7mCsz2IBgk",
    "relatedId": "V5gTvZiHfX"
  },
  {
    "objectId": "5df3d17b129ec20d34d069ef",
    "owningId": "7mCsz2IBgk",
    "relatedId": "Q9cGREbxHp"
  },
  {
    "objectId": "5df3d17b129ec20d34d06a1f",
    "owningId": "0F0k8lV3Ms",
    "relatedId": "6pucali5Pl"
  },
  {
    "objectId": "5df3d17b129ec20d34d06a22",
    "owningId": "0F0k8lV3Ms",
    "relatedId": "t5ExmJvDBL"
  },
  {
    "objectId": "5df3d17b129ec20d34d06a23",
    "owningId": "0F0k8lV3Ms",
    "relatedId": "juuFJVdQO4"
  },
  {
    "objectId": "5df3d2c4129ec20d34d06b81",
    "owningId": "St6JiVMbO0",
    "relatedId": "eO2HAyIh78"
  },
  {
    "objectId": "5df3d2c4129ec20d34d06b83",
    "owningId": "St6JiVMbO0",
    "relatedId": "4TBF2ZxDtr"
  },
  {
    "objectId": "5df3d2c4129ec20d34d06b82",
    "owningId": "St6JiVMbO0",
    "relatedId": "syCTklIpIn"
  },
  {
    "objectId": "5df3d2c4129ec20d34d06b85",
    "owningId": "St6JiVMbO0",
    "relatedId": "HMEBW5bEWL"
  },
  {
    "objectId": "5df3d2c4129ec20d34d06b89",
    "owningId": "St6JiVMbO0",
    "relatedId": "EMTb0auw98"
  },
  {
    "objectId": "5df3d2c4129ec20d34d06b84",
    "owningId": "St6JiVMbO0",
    "relatedId": "ApgEOSJ9hC"
  },
  {
    "objectId": "5df3d2c4129ec20d34d06b86",
    "owningId": "St6JiVMbO0",
    "relatedId": "YqWruBF8EQ"
  },
  {
    "objectId": "5df3d2c4129ec20d34d06b88",
    "owningId": "St6JiVMbO0",
    "relatedId": "Mn6FdStLy5"
  },
  {
    "objectId": "5df3d2c4129ec20d34d06b8a",
    "owningId": "St6JiVMbO0",
    "relatedId": "6huoQbIIeK"
  },
  {
    "objectId": "5df3d2c4129ec20d34d06bac",
    "owningId": "uxLEBX5BfJ",
    "relatedId": "ApgEOSJ9hC"
  },
  {
    "objectId": "5df3d2c4129ec20d34d06ba9",
    "owningId": "uxLEBX5BfJ",
    "relatedId": "ShWgcIHUFn"
  },
  {
    "objectId": "5df3d2c4129ec20d34d06baa",
    "owningId": "uxLEBX5BfJ",
    "relatedId": "syCTklIpIn"
  },
  {
    "objectId": "5df3d2c4129ec20d34d06bad",
    "owningId": "uxLEBX5BfJ",
    "relatedId": "4TBF2ZxDtr"
  },
  {
    "objectId": "5df3d2c4129ec20d34d06bab",
    "owningId": "uxLEBX5BfJ",
    "relatedId": "HMEBW5bEWL"
  },
  {
    "objectId": "5df3d2c4129ec20d34d06bae",
    "owningId": "uxLEBX5BfJ",
    "relatedId": "EMTb0auw98"
  },
  {
    "objectId": "5df3d2c4129ec20d34d06bb4",
    "owningId": "uxLEBX5BfJ",
    "relatedId": "AFdFsq5PfH"
  },
  {
    "objectId": "5df3d2c4129ec20d34d06bb7",
    "owningId": "uxLEBX5BfJ",
    "relatedId": "AWMwvrOM23"
  },
  {
    "objectId": "5df3d2c4129ec20d34d06baf",
    "owningId": "uxLEBX5BfJ",
    "relatedId": "eO2HAyIh78"
  },
  {
    "objectId": "5df3d2c4129ec20d34d06bb0",
    "owningId": "uxLEBX5BfJ",
    "relatedId": "LlHnNtlqzC"
  },
  {
    "objectId": "5df3d2c4129ec20d34d06bb1",
    "owningId": "uxLEBX5BfJ",
    "relatedId": "YqWruBF8EQ"
  },
  {
    "objectId": "5df3d2c4129ec20d34d06bb2",
    "owningId": "uxLEBX5BfJ",
    "relatedId": "6huoQbIIeK"
  },
  {
    "objectId": "5df3d2c4129ec20d34d06bca",
    "owningId": "umV1r61yyF",
    "relatedId": "wUWj7ZgCqM"
  },
  {
    "objectId": "5df3d2c4129ec20d34d06bcd",
    "owningId": "umV1r61yyF",
    "relatedId": "fr7F9Ghp0j"
  },
  {
    "objectId": "5df3d2c4129ec20d34d06bd2",
    "owningId": "umV1r61yyF",
    "relatedId": "sXRTIVv21M"
  },
  {
    "objectId": "5df3d2c4129ec20d34d06bce",
    "owningId": "umV1r61yyF",
    "relatedId": "8fUII8BFxj"
  },
  {
    "objectId": "5df3d2c4129ec20d34d06bd3",
    "owningId": "umV1r61yyF",
    "relatedId": "PJWDyEGNlj"
  },
  {
    "objectId": "5df3d2c4129ec20d34d06bd1",
    "owningId": "umV1r61yyF",
    "relatedId": "8JD2D384BY"
  },
  {
    "objectId": "5df3d2c4129ec20d34d06bd5",
    "owningId": "umV1r61yyF",
    "relatedId": "r1ruVJsiQr"
  },
  {
    "objectId": "5df3d2c4129ec20d34d06bdc",
    "owningId": "umV1r61yyF",
    "relatedId": "ShWgcIHUFn"
  },
  {
    "objectId": "5df3d2c4129ec20d34d06bdb",
    "owningId": "umV1r61yyF",
    "relatedId": "3bsRzuaG2l"
  },
  {
    "objectId": "5df3d2c4129ec20d34d06bd7",
    "owningId": "umV1r61yyF",
    "relatedId": "IemylJsX3K"
  },
  {
    "objectId": "5df3d2c4129ec20d34d06bd0",
    "owningId": "2xJIO01dk2",
    "relatedId": "rEcdfmGV3h"
  },
  {
    "objectId": "5df3d2c4129ec20d34d06be5",
    "owningId": "umV1r61yyF",
    "relatedId": "xe4TmaAnwC"
  },
  {
    "objectId": "5df3d2c4129ec20d34d06bee",
    "owningId": "umV1r61yyF",
    "relatedId": "ZWO04tDGY6"
  },
  {
    "objectId": "5df3d2c4129ec20d34d06be0",
    "owningId": "2xJIO01dk2",
    "relatedId": "J260n1JBv2"
  },
  {
    "objectId": "5df3d2c4129ec20d34d06be1",
    "owningId": "2xJIO01dk2",
    "relatedId": "5cgUD3vg1C"
  },
  {
    "objectId": "5df3d2c4129ec20d34d06bf3",
    "owningId": "2xJIO01dk2",
    "relatedId": "l8PFsW0PYu"
  },
  {
    "objectId": "5df3d2c4129ec20d34d06bf5",
    "owningId": "2xJIO01dk2",
    "relatedId": "wUWj7ZgCqM"
  },
  {
    "objectId": "5df3d2c4129ec20d34d06c80",
    "owningId": "vcatUNG8Sy",
    "relatedId": "fr7F9Ghp0j"
  },
  {
    "objectId": "5df3d2c4129ec20d34d06c81",
    "owningId": "vcatUNG8Sy",
    "relatedId": "tSJpfejD7g"
  },
  {
    "objectId": "5df3d2c4129ec20d34d06c82",
    "owningId": "vcatUNG8Sy",
    "relatedId": "CmBIJlvKJb"
  },
  {
    "objectId": "5df3d2c4129ec20d34d06c83",
    "owningId": "vcatUNG8Sy",
    "relatedId": "Mn6FdStLy5"
  },
  {
    "objectId": "5df3d2c4129ec20d34d06c84",
    "owningId": "vcatUNG8Sy",
    "relatedId": "wUWj7ZgCqM"
  },
  {
    "objectId": "5df3d2c4129ec20d34d06c88",
    "owningId": "vcatUNG8Sy",
    "relatedId": "TE35cunc18"
  },
  {
    "objectId": "5df3d2c4129ec20d34d06c89",
    "owningId": "vcatUNG8Sy",
    "relatedId": "rEcdfmGV3h"
  },
  {
    "objectId": "5df3d2c4129ec20d34d06c85",
    "owningId": "vcatUNG8Sy",
    "relatedId": "D7UMkkaTbf"
  },
  {
    "objectId": "5df3d2c4129ec20d34d06c8c",
    "owningId": "vcatUNG8Sy",
    "relatedId": "Wa2vFDEHWZ"
  },
  {
    "objectId": "5df3d2c4129ec20d34d06ccf",
    "owningId": "9XR29QutcM",
    "relatedId": "ShWgcIHUFn"
  },
  {
    "objectId": "5df3d2c4129ec20d34d06cd0",
    "owningId": "9XR29QutcM",
    "relatedId": "pmLceAbJNZ"
  },
  {
    "objectId": "5df3d2c4129ec20d34d06cd2",
    "owningId": "9XR29QutcM",
    "relatedId": "4TBF2ZxDtr"
  },
  {
    "objectId": "5df3d2c4129ec20d34d06cd1",
    "owningId": "9XR29QutcM",
    "relatedId": "1vLRpB9MaD"
  },
  {
    "objectId": "5df3d2c4129ec20d34d06cd3",
    "owningId": "9XR29QutcM",
    "relatedId": "syCTklIpIn"
  },
  {
    "objectId": "5df3d2c4129ec20d34d06cd6",
    "owningId": "9XR29QutcM",
    "relatedId": "ApgEOSJ9hC"
  },
  {
    "objectId": "5df3d2c4129ec20d34d06cd5",
    "owningId": "9XR29QutcM",
    "relatedId": "HMEBW5bEWL"
  },
  {
    "objectId": "5df3d2c4129ec20d34d06cd8",
    "owningId": "9XR29QutcM",
    "relatedId": "JXHZJFUeEj"
  },
  {
    "objectId": "5df3d324129ec20d34d06e85",
    "owningId": "o2UXkur4xZ",
    "relatedId": "GkTB4Da5ce"
  },
  {
    "objectId": "5df3d324129ec20d34d06e83",
    "owningId": "o2UXkur4xZ",
    "relatedId": "2rDe8nGMaE"
  },
  {
    "objectId": "5df3d324129ec20d34d06e82",
    "owningId": "o2UXkur4xZ",
    "relatedId": "hysMBWcNLY"
  },
  {
    "objectId": "5df3d324129ec20d34d06e84",
    "owningId": "o2UXkur4xZ",
    "relatedId": "LCnebf5sIb"
  },
  {
    "objectId": "5df3d324129ec20d34d06e89",
    "owningId": "o2UXkur4xZ",
    "relatedId": "EYtINzkzU1"
  },
  {
    "objectId": "5df3d324129ec20d34d06e87",
    "owningId": "o2UXkur4xZ",
    "relatedId": "OxhEQ18c8X"
  },
  {
    "objectId": "5df3d324129ec20d34d06e88",
    "owningId": "o2UXkur4xZ",
    "relatedId": "viyBfow2RC"
  },
  {
    "objectId": "5df3d324129ec20d34d06e8e",
    "owningId": "o2UXkur4xZ",
    "relatedId": "hhEhBMzwOC"
  },
  {
    "objectId": "5df3d324129ec20d34d06e9b",
    "owningId": "gy6h5lohFv",
    "relatedId": "GkTB4Da5ce"
  },
  {
    "objectId": "5df3d324129ec20d34d06e97",
    "owningId": "gy6h5lohFv",
    "relatedId": "hhEhBMzwOC"
  },
  {
    "objectId": "5df3d324129ec20d34d06e96",
    "owningId": "gy6h5lohFv",
    "relatedId": "viyBfow2RC"
  },
  {
    "objectId": "5df3d324129ec20d34d06e9c",
    "owningId": "gy6h5lohFv",
    "relatedId": "OxhEQ18c8X"
  },
  {
    "objectId": "5df3d324129ec20d34d06ea4",
    "owningId": "gy6h5lohFv",
    "relatedId": "366Vgt90N9"
  },
  {
    "objectId": "5df3d324129ec20d34d06ead",
    "owningId": "hCjiCKfNqu",
    "relatedId": "hysMBWcNLY"
  },
  {
    "objectId": "5df3d324129ec20d34d06eb1",
    "owningId": "hCjiCKfNqu",
    "relatedId": "BVYxa73x4H"
  },
  {
    "objectId": "5df3d324129ec20d34d06eae",
    "owningId": "hCjiCKfNqu",
    "relatedId": "Bi7jR56xhT"
  },
  {
    "objectId": "5df3d324129ec20d34d06eaf",
    "owningId": "hCjiCKfNqu",
    "relatedId": "PrINa5LgwP"
  },
  {
    "objectId": "5df3d324129ec20d34d06eb0",
    "owningId": "hCjiCKfNqu",
    "relatedId": "FEX5nZPVgV"
  },
  {
    "objectId": "5df3d324129ec20d34d06eb2",
    "owningId": "hCjiCKfNqu",
    "relatedId": "dnhR9woMZH"
  },
  {
    "objectId": "5df3d324129ec20d34d06ebc",
    "owningId": "hCjiCKfNqu",
    "relatedId": "AVAhOqaipF"
  },
  {
    "objectId": "5df3d324129ec20d34d06eb5",
    "owningId": "hCjiCKfNqu",
    "relatedId": "32ak7RC3Gn"
  },
  {
    "objectId": "5df3d324129ec20d34d06eb4",
    "owningId": "hCjiCKfNqu",
    "relatedId": "7G3NoP6EF0"
  },
  {
    "objectId": "5df3d324129ec20d34d06eb3",
    "owningId": "gy6h5lohFv",
    "relatedId": "QlT66sseta"
  },
  {
    "objectId": "5df3d324129ec20d34d06eb6",
    "owningId": "hCjiCKfNqu",
    "relatedId": "EJuIB7385J"
  },
  {
    "objectId": "5df3d324129ec20d34d06eba",
    "owningId": "hCjiCKfNqu",
    "relatedId": "wfiR0CnTrA"
  },
  {
    "objectId": "5df3d324129ec20d34d06eb7",
    "owningId": "hCjiCKfNqu",
    "relatedId": "IprdwYbqHL"
  },
  {
    "objectId": "5df3d324129ec20d34d06ec6",
    "owningId": "gy6h5lohFv",
    "relatedId": "HE04W2Np3T"
  },
  {
    "objectId": "5df3d324129ec20d34d06ec8",
    "owningId": "gy6h5lohFv",
    "relatedId": "EbIqkgRI0F"
  },
  {
    "objectId": "5df3d324129ec20d34d06ec3",
    "owningId": "gy6h5lohFv",
    "relatedId": "ev1O4UefFB"
  },
  {
    "objectId": "5df3d324129ec20d34d06f2e",
    "owningId": "22WgxoErVl",
    "relatedId": "viyBfow2RC"
  },
  {
    "objectId": "5df3d324129ec20d34d06f30",
    "owningId": "22WgxoErVl",
    "relatedId": "OxhEQ18c8X"
  },
  {
    "objectId": "5df3d324129ec20d34d06f2c",
    "owningId": "22WgxoErVl",
    "relatedId": "GkTB4Da5ce"
  },
  {
    "objectId": "5df3d324129ec20d34d06f2d",
    "owningId": "22WgxoErVl",
    "relatedId": "hysMBWcNLY"
  },
  {
    "objectId": "5df3d324129ec20d34d06f2f",
    "owningId": "22WgxoErVl",
    "relatedId": "hhEhBMzwOC"
  },
  {
    "objectId": "5df3d324129ec20d34d06f31",
    "owningId": "22WgxoErVl",
    "relatedId": "366Vgt90N9"
  },
  {
    "objectId": "5df3d324129ec20d34d06f32",
    "owningId": "22WgxoErVl",
    "relatedId": "cAZpBKRmAK"
  },
  {
    "objectId": "5df3d324129ec20d34d06f35",
    "owningId": "22WgxoErVl",
    "relatedId": "QlT66sseta"
  },
  {
    "objectId": "5df3d324129ec20d34d06f34",
    "owningId": "22WgxoErVl",
    "relatedId": "EbIqkgRI0F"
  },
  {
    "objectId": "5df3d324129ec20d34d06f33",
    "owningId": "22WgxoErVl",
    "relatedId": "ev1O4UefFB"
  },
  {
    "objectId": "5df3d324129ec20d34d06f36",
    "owningId": "22WgxoErVl",
    "relatedId": "gQu8beWYDZ"
  },
  {
    "objectId": "5df3d324129ec20d34d06f38",
    "owningId": "22WgxoErVl",
    "relatedId": "hSzRp57Nga"
  },
  {
    "objectId": "5df3d324129ec20d34d06f5d",
    "owningId": "f2hwb4CWUH",
    "relatedId": "wMwCn1Ev9r"
  },
  {
    "objectId": "5df3d324129ec20d34d06f65",
    "owningId": "f2hwb4CWUH",
    "relatedId": "Un4m4cAKvI"
  },
  {
    "objectId": "5df3d324129ec20d34d06f5e",
    "owningId": "f2hwb4CWUH",
    "relatedId": "X4zeRkIPbF"
  },
  {
    "objectId": "5df3d324129ec20d34d06f5c",
    "owningId": "f2hwb4CWUH",
    "relatedId": "HE04W2Np3T"
  },
  {
    "objectId": "5df3d324129ec20d34d06f63",
    "owningId": "f2hwb4CWUH",
    "relatedId": "dnhR9woMZH"
  },
  {
    "objectId": "5df3d324129ec20d34d06f62",
    "owningId": "f2hwb4CWUH",
    "relatedId": "KJ87fgDoEo"
  },
  {
    "objectId": "5df3d324129ec20d34d06f64",
    "owningId": "f2hwb4CWUH",
    "relatedId": "PrINa5LgwP"
  },
  {
    "objectId": "5df3d324129ec20d34d06f6b",
    "owningId": "f2hwb4CWUH",
    "relatedId": "CGsSPjyZeU"
  },
  {
    "objectId": "5df3d324129ec20d34d06f69",
    "owningId": "f2hwb4CWUH",
    "relatedId": "YCU4ypvHPP"
  },
  {
    "objectId": "5df3d662129ec20d34d070c1",
    "owningId": "ik1vz4srLr",
    "relatedId": "IMzCEGzmi8"
  },
  {
    "objectId": "5df3d662129ec20d34d070c2",
    "owningId": "ik1vz4srLr",
    "relatedId": "8lPkKFwHBf"
  },
  {
    "objectId": "5df3d662129ec20d34d070c3",
    "owningId": "ik1vz4srLr",
    "relatedId": "CKGeRpI3sv"
  },
  {
    "objectId": "5df3d662129ec20d34d070c0",
    "owningId": "ik1vz4srLr",
    "relatedId": "dyjVjtA2t3"
  },
  {
    "objectId": "5df3d662129ec20d34d070c8",
    "owningId": "ik1vz4srLr",
    "relatedId": "nWFBIYR4wf"
  },
  {
    "objectId": "5df3d662129ec20d34d070c4",
    "owningId": "ik1vz4srLr",
    "relatedId": "OZRamqTGzt"
  },
  {
    "objectId": "5df3d662129ec20d34d070c5",
    "owningId": "ik1vz4srLr",
    "relatedId": "7qZASBacOb"
  },
  {
    "objectId": "5df3d662129ec20d34d070d5",
    "owningId": "erAysjHdDP",
    "relatedId": "PKRYrBxnxJ"
  },
  {
    "objectId": "5df3d662129ec20d34d070cc",
    "owningId": "erAysjHdDP",
    "relatedId": "vremFESUoZ"
  },
  {
    "objectId": "5df3d662129ec20d34d070c6",
    "owningId": "ik1vz4srLr",
    "relatedId": "ezQRU2scSK"
  },
  {
    "objectId": "5df3d662129ec20d34d070f7",
    "owningId": "erAysjHdDP",
    "relatedId": "vN09FxSY29"
  },
  {
    "objectId": "5df3d662129ec20d34d070bf",
    "owningId": "ik1vz4srLr",
    "relatedId": "qGyi7rk2U0"
  },
  {
    "objectId": "5df3d662129ec20d34d070cd",
    "owningId": "erAysjHdDP",
    "relatedId": "Whubf82HUv"
  },
  {
    "objectId": "5df3d662129ec20d34d070e6",
    "owningId": "erAysjHdDP",
    "relatedId": "iIxOOuook6"
  },
  {
    "objectId": "5df3d662129ec20d34d07106",
    "owningId": "erAysjHdDP",
    "relatedId": "9tKbLXy2mP"
  },
  {
    "objectId": "5df3d662129ec20d34d070ec",
    "owningId": "MdrCUIMj67",
    "relatedId": "vsZc2UF87e"
  },
  {
    "objectId": "5df3d662129ec20d34d070d2",
    "owningId": "erAysjHdDP",
    "relatedId": "0OzRoR8ygh"
  },
  {
    "objectId": "5df3d662129ec20d34d070e8",
    "owningId": "MdrCUIMj67",
    "relatedId": "UAAJqgOQpJ"
  },
  {
    "objectId": "5df3d662129ec20d34d070eb",
    "owningId": "MdrCUIMj67",
    "relatedId": "wxxTZiZ5zI"
  },
  {
    "objectId": "5df3d662129ec20d34d070f8",
    "owningId": "MdrCUIMj67",
    "relatedId": "IMzCEGzmi8"
  },
  {
    "objectId": "5df3d662129ec20d34d070e3",
    "owningId": "MdrCUIMj67",
    "relatedId": "dyjVjtA2t3"
  },
  {
    "objectId": "5df3d662129ec20d34d07109",
    "owningId": "erAysjHdDP",
    "relatedId": "peh2KtM8EX"
  },
  {
    "objectId": "5df3d662129ec20d34d0711a",
    "owningId": "erAysjHdDP",
    "relatedId": "6EWymGG2uQ"
  },
  {
    "objectId": "5df3d662129ec20d34d07125",
    "owningId": "erAysjHdDP",
    "relatedId": "Fp4pSCYJpo"
  },
  {
    "objectId": "5df3d662129ec20d34d0712a",
    "owningId": "erAysjHdDP",
    "relatedId": "JzsHm9BDdB"
  },
  {
    "objectId": "5df3d662129ec20d34d07138",
    "owningId": "erAysjHdDP",
    "relatedId": "wIvU2IitaZ"
  },
  {
    "objectId": "5df3d662129ec20d34d0717c",
    "owningId": "EhhW2oGSAm",
    "relatedId": "9tKbLXy2mP"
  },
  {
    "objectId": "5df3d662129ec20d34d07181",
    "owningId": "EhhW2oGSAm",
    "relatedId": "wIvU2IitaZ"
  },
  {
    "objectId": "5df3d662129ec20d34d0717d",
    "owningId": "EhhW2oGSAm",
    "relatedId": "vremFESUoZ"
  },
  {
    "objectId": "5df3d662129ec20d34d07183",
    "owningId": "EhhW2oGSAm",
    "relatedId": "qGyi7rk2U0"
  },
  {
    "objectId": "5df3d662129ec20d34d07187",
    "owningId": "EhhW2oGSAm",
    "relatedId": "6EWymGG2uQ"
  },
  {
    "objectId": "5df3d662129ec20d34d07188",
    "owningId": "EhhW2oGSAm",
    "relatedId": "iIxOOuook6"
  },
  {
    "objectId": "5df3d662129ec20d34d0719c",
    "owningId": "Wk3dCI67wQ",
    "relatedId": "iIxOOuook6"
  },
  {
    "objectId": "5df3d662129ec20d34d0719b",
    "owningId": "Wk3dCI67wQ",
    "relatedId": "vN09FxSY29"
  },
  {
    "objectId": "5df3d662129ec20d34d0719f",
    "owningId": "EhhW2oGSAm",
    "relatedId": "peh2KtM8EX"
  },
  {
    "objectId": "5df3d662129ec20d34d0719a",
    "owningId": "EhhW2oGSAm",
    "relatedId": "Whubf82HUv"
  },
  {
    "objectId": "5df3d662129ec20d34d0719d",
    "owningId": "Wk3dCI67wQ",
    "relatedId": "vremFESUoZ"
  },
  {
    "objectId": "5df3d662129ec20d34d0719e",
    "owningId": "Wk3dCI67wQ",
    "relatedId": "9tKbLXy2mP"
  },
  {
    "objectId": "5df3d662129ec20d34d07199",
    "owningId": "EhhW2oGSAm",
    "relatedId": "0OzRoR8ygh"
  },
  {
    "objectId": "5df3d662129ec20d34d071c1",
    "owningId": "Wk3dCI67wQ",
    "relatedId": "6EWymGG2uQ"
  },
  {
    "objectId": "5df3d662129ec20d34d071c2",
    "owningId": "Wk3dCI67wQ",
    "relatedId": "LMnPqaUcPL"
  },
  {
    "objectId": "5df3d662129ec20d34d071c4",
    "owningId": "Wk3dCI67wQ",
    "relatedId": "R8HLzMvnlr"
  },
  {
    "objectId": "5df3d662129ec20d34d071c8",
    "owningId": "metAoBGOUb",
    "relatedId": "dyjVjtA2t3"
  },
  {
    "objectId": "5df3d662129ec20d34d071c6",
    "owningId": "metAoBGOUb",
    "relatedId": "vN09FxSY29"
  },
  {
    "objectId": "5df3d662129ec20d34d071cb",
    "owningId": "metAoBGOUb",
    "relatedId": "OZRamqTGzt"
  },
  {
    "objectId": "5df3d662129ec20d34d071ca",
    "owningId": "metAoBGOUb",
    "relatedId": "beCUOER3cJ"
  },
  {
    "objectId": "5df3d662129ec20d34d071c9",
    "owningId": "Wk3dCI67wQ",
    "relatedId": "QFvUBUy18P"
  },
  {
    "objectId": "5df3d662129ec20d34d071cd",
    "owningId": "metAoBGOUb",
    "relatedId": "WAEE2O0Cd6"
  },
  {
    "objectId": "5df3d662129ec20d34d071ce",
    "owningId": "metAoBGOUb",
    "relatedId": "c0zNjNhD2u"
  },
  {
    "objectId": "5df3d662129ec20d34d071f8",
    "owningId": "metAoBGOUb",
    "relatedId": "EIJqhMlmts"
  },
  {
    "objectId": "5df3d662129ec20d34d071fc",
    "owningId": "metAoBGOUb",
    "relatedId": "IWsRPv0oT6"
  },
  {
    "objectId": "5df3d662129ec20d34d071fd",
    "owningId": "metAoBGOUb",
    "relatedId": "jNyFO8HSVl"
  },
  {
    "objectId": "5df3d662129ec20d34d071ff",
    "owningId": "metAoBGOUb",
    "relatedId": "7shvR6uf7Z"
  },
  {
    "objectId": "5df3d662129ec20d34d07203",
    "owningId": "metAoBGOUb",
    "relatedId": "BMQ5yBDtRR"
  },
  {
    "objectId": "5df3d662129ec20d34d07206",
    "owningId": "metAoBGOUb",
    "relatedId": "e1CNsqFjmn"
  },
  {
    "objectId": "5df3d710129ec20d34d0740d",
    "owningId": "ySERXwSQJt",
    "relatedId": "UDIfmgoZR1"
  },
  {
    "objectId": "5df3d710129ec20d34d0740e",
    "owningId": "ySERXwSQJt",
    "relatedId": "TBYyRT33sP"
  },
  {
    "objectId": "5df3d710129ec20d34d0740c",
    "owningId": "ySERXwSQJt",
    "relatedId": "nEXN94RCpr"
  },
  {
    "objectId": "5df3d710129ec20d34d07410",
    "owningId": "ySERXwSQJt",
    "relatedId": "1TPmp5ubcz"
  },
  {
    "objectId": "5df3d710129ec20d34d07411",
    "owningId": "ySERXwSQJt",
    "relatedId": "8ksHWFYOsG"
  },
  {
    "objectId": "5df3d710129ec20d34d07413",
    "owningId": "ySERXwSQJt",
    "relatedId": "MQGm3alUEy"
  },
  {
    "objectId": "5df3d710129ec20d34d0740f",
    "owningId": "ySERXwSQJt",
    "relatedId": "48lxAfbSOe"
  },
  {
    "objectId": "5df3d710129ec20d34d07412",
    "owningId": "ySERXwSQJt",
    "relatedId": "kMEpa173Qy"
  },
  {
    "objectId": "5df3d710129ec20d34d07414",
    "owningId": "ySERXwSQJt",
    "relatedId": "llOW2JLceg"
  },
  {
    "objectId": "5df3d710129ec20d34d07430",
    "owningId": "oupwtInNG8",
    "relatedId": "TBYyRT33sP"
  },
  {
    "objectId": "5df3d710129ec20d34d07432",
    "owningId": "oupwtInNG8",
    "relatedId": "nDMvdRWwM7"
  },
  {
    "objectId": "5df3d710129ec20d34d07437",
    "owningId": "oupwtInNG8",
    "relatedId": "LAYW68Z5Vl"
  },
  {
    "objectId": "5df3d710129ec20d34d07436",
    "owningId": "oupwtInNG8",
    "relatedId": "4BlcADeXxD"
  },
  {
    "objectId": "5df3d710129ec20d34d07438",
    "owningId": "oupwtInNG8",
    "relatedId": "nEXN94RCpr"
  },
  {
    "objectId": "5df3d710129ec20d34d0743a",
    "owningId": "oupwtInNG8",
    "relatedId": "UDIfmgoZR1"
  },
  {
    "objectId": "5df3d710129ec20d34d0743c",
    "owningId": "oupwtInNG8",
    "relatedId": "1TPmp5ubcz"
  },
  {
    "objectId": "5df3d710129ec20d34d0743b",
    "owningId": "kEgRE5Qpt2",
    "relatedId": "OqVEoMtuCL"
  },
  {
    "objectId": "5df3d710129ec20d34d07440",
    "owningId": "kEgRE5Qpt2",
    "relatedId": "O9cHYb9qH7"
  },
  {
    "objectId": "5df3d710129ec20d34d0743e",
    "owningId": "kEgRE5Qpt2",
    "relatedId": "Bot1MXzCGL"
  },
  {
    "objectId": "5df3d710129ec20d34d0743f",
    "owningId": "oupwtInNG8",
    "relatedId": "3q5NdVJP0Q"
  },
  {
    "objectId": "5df3d710129ec20d34d07442",
    "owningId": "kEgRE5Qpt2",
    "relatedId": "gHeRKnES96"
  },
  {
    "objectId": "5df3d710129ec20d34d07444",
    "owningId": "SSvOy4LW1d",
    "relatedId": "gHeRKnES96"
  },
  {
    "objectId": "5df3d710129ec20d34d07446",
    "owningId": "SSvOy4LW1d",
    "relatedId": "88hKV8I6Sy"
  },
  {
    "objectId": "5df3d710129ec20d34d07443",
    "owningId": "SSvOy4LW1d",
    "relatedId": "7UntEQqjd6"
  },
  {
    "objectId": "5df3d710129ec20d34d07447",
    "owningId": "SSvOy4LW1d",
    "relatedId": "rlY14FgIGV"
  },
  {
    "objectId": "5df3d710129ec20d34d07441",
    "owningId": "kEgRE5Qpt2",
    "relatedId": "88hKV8I6Sy"
  },
  {
    "objectId": "5df3d710129ec20d34d07449",
    "owningId": "SSvOy4LW1d",
    "relatedId": "kMEpa173Qy"
  },
  {
    "objectId": "5df3d710129ec20d34d0744a",
    "owningId": "SSvOy4LW1d",
    "relatedId": "pOK7CGN3wk"
  },
  {
    "objectId": "5df3d710129ec20d34d0744d",
    "owningId": "SSvOy4LW1d",
    "relatedId": "rU8BoHFlpC"
  },
  {
    "objectId": "5df3d710129ec20d34d07451",
    "owningId": "SSvOy4LW1d",
    "relatedId": "pTe7WnbVZl"
  },
  {
    "objectId": "5df3d710129ec20d34d07452",
    "owningId": "SSvOy4LW1d",
    "relatedId": "bemAHo6jRd"
  },
  {
    "objectId": "5df3d710129ec20d34d074cd",
    "owningId": "mLDOC4VnGT",
    "relatedId": "gHeRKnES96"
  },
  {
    "objectId": "5df3d710129ec20d34d074ce",
    "owningId": "mLDOC4VnGT",
    "relatedId": "pTe7WnbVZl"
  },
  {
    "objectId": "5df3d710129ec20d34d074d0",
    "owningId": "mLDOC4VnGT",
    "relatedId": "FcUPleJchE"
  },
  {
    "objectId": "5df3d710129ec20d34d074cf",
    "owningId": "mLDOC4VnGT",
    "relatedId": "4BlcADeXxD"
  },
  {
    "objectId": "5df3d710129ec20d34d074d1",
    "owningId": "mLDOC4VnGT",
    "relatedId": "G34KjAMGbY"
  },
  {
    "objectId": "5df3d710129ec20d34d074d6",
    "owningId": "mLDOC4VnGT",
    "relatedId": "W2hzz4ki7U"
  },
  {
    "objectId": "5df3d710129ec20d34d074d7",
    "owningId": "mLDOC4VnGT",
    "relatedId": "6WEysQ3H57"
  },
  {
    "objectId": "5df3d710129ec20d34d074d8",
    "owningId": "mLDOC4VnGT",
    "relatedId": "OAplF3Wwrb"
  },
  {
    "objectId": "5df3d710129ec20d34d074d9",
    "owningId": "mLDOC4VnGT",
    "relatedId": "5k89Z0PmHr"
  },
  {
    "objectId": "5df3d710129ec20d34d074dc",
    "owningId": "mLDOC4VnGT",
    "relatedId": "D9XJQ98q3A"
  },
  {
    "objectId": "5df3d710129ec20d34d074e1",
    "owningId": "mLDOC4VnGT",
    "relatedId": "Ti7lqpRCYn"
  },
  {
    "objectId": "5df3d710129ec20d34d074e3",
    "owningId": "mLDOC4VnGT",
    "relatedId": "INZjFMgcyD"
  },
  {
    "objectId": "5df3d710129ec20d34d07506",
    "owningId": "TMSqCsw19k",
    "relatedId": "4BlcADeXxD"
  },
  {
    "objectId": "5df3d710129ec20d34d07514",
    "owningId": "TMSqCsw19k",
    "relatedId": "48lxAfbSOe"
  },
  {
    "objectId": "5df3d710129ec20d34d07515",
    "owningId": "TMSqCsw19k",
    "relatedId": "nEXN94RCpr"
  },
  {
    "objectId": "5df3d710129ec20d34d0751a",
    "owningId": "TMSqCsw19k",
    "relatedId": "TBYyRT33sP"
  },
  {
    "objectId": "5df3d710129ec20d34d0751b",
    "owningId": "TMSqCsw19k",
    "relatedId": "1TPmp5ubcz"
  },
  {
    "objectId": "5df3d710129ec20d34d0751c",
    "owningId": "TMSqCsw19k",
    "relatedId": "8ksHWFYOsG"
  },
  {
    "objectId": "5df3d710129ec20d34d07520",
    "owningId": "TMSqCsw19k",
    "relatedId": "UDIfmgoZR1"
  },
  {
    "objectId": "5df3d710129ec20d34d0751e",
    "owningId": "TMSqCsw19k",
    "relatedId": "ZFsGWhfEgg"
  },
  {
    "objectId": "5df3d710129ec20d34d07525",
    "owningId": "TMSqCsw19k",
    "relatedId": "MQGm3alUEy"
  },
  {
    "objectId": "5df3d710129ec20d34d07523",
    "owningId": "TMSqCsw19k",
    "relatedId": "llOW2JLceg"
  },
  {
    "objectId": "5df3d710129ec20d34d07526",
    "owningId": "TMSqCsw19k",
    "relatedId": "MJsOXBRfd0"
  },
  {
    "objectId": "5df3d710129ec20d34d07528",
    "owningId": "TMSqCsw19k",
    "relatedId": "SaDIpNOwdt"
  },
  {
    "objectId": "5df3dcf5129ec20d34d0776b",
    "owningId": "FquOpY92qX",
    "relatedId": "stuChFqpHc"
  },
  {
    "objectId": "5df3dcf5129ec20d34d0776e",
    "owningId": "FquOpY92qX",
    "relatedId": "EG3j7V6FWK"
  },
  {
    "objectId": "5df3dcf5129ec20d34d07777",
    "owningId": "FquOpY92qX",
    "relatedId": "Ry3nNyG15L"
  },
  {
    "objectId": "5df3dcf5129ec20d34d0776c",
    "owningId": "FquOpY92qX",
    "relatedId": "3DASQqi3tn"
  },
  {
    "objectId": "5df3dcf5129ec20d34d0776f",
    "owningId": "FquOpY92qX",
    "relatedId": "Ii4sWVeDdk"
  },
  {
    "objectId": "5df3dcf5129ec20d34d07772",
    "owningId": "FquOpY92qX",
    "relatedId": "udJMYnXamg"
  },
  {
    "objectId": "5df3dcf5129ec20d34d0776d",
    "owningId": "FquOpY92qX",
    "relatedId": "E5UpLFFC2K"
  },
  {
    "objectId": "5df3dcf5129ec20d34d07770",
    "owningId": "FquOpY92qX",
    "relatedId": "9n5qEIvHLm"
  },
  {
    "objectId": "5df3dcf5129ec20d34d07779",
    "owningId": "FquOpY92qX",
    "relatedId": "b3EB0ONiEc"
  },
  {
    "objectId": "5df3dcf5129ec20d34d07773",
    "owningId": "FquOpY92qX",
    "relatedId": "glLwbW0Hca"
  },
  {
    "objectId": "5df3dcf5129ec20d34d07774",
    "owningId": "hEhgrld4aW",
    "relatedId": "rR5iUSus2W"
  },
  {
    "objectId": "5df3dcf5129ec20d34d0777c",
    "owningId": "23hsxgd1RW",
    "relatedId": "3DASQqi3tn"
  },
  {
    "objectId": "5df3dcf5129ec20d34d0777a",
    "owningId": "FquOpY92qX",
    "relatedId": "V3vUyGOUEw"
  },
  {
    "objectId": "5df3dcf5129ec20d34d07775",
    "owningId": "hEhgrld4aW",
    "relatedId": "4fv0JCBeFg"
  },
  {
    "objectId": "5df3dcf5129ec20d34d07780",
    "owningId": "23hsxgd1RW",
    "relatedId": "m0cTyvrbLv"
  },
  {
    "objectId": "5df3dcf5129ec20d34d07771",
    "owningId": "hEhgrld4aW",
    "relatedId": "bwGWtChPEZ"
  },
  {
    "objectId": "5df3dcf5129ec20d34d0777f",
    "owningId": "FquOpY92qX",
    "relatedId": "P4rxv3es4g"
  },
  {
    "objectId": "5df3dcf5129ec20d34d07776",
    "owningId": "hEhgrld4aW",
    "relatedId": "53Rd6FkWAc"
  },
  {
    "objectId": "5df3dcf5129ec20d34d0777d",
    "owningId": "23hsxgd1RW",
    "relatedId": "GdowYPf9Xo"
  },
  {
    "objectId": "5df3dcf5129ec20d34d07787",
    "owningId": "23hsxgd1RW",
    "relatedId": "3QQSgAVPGG"
  },
  {
    "objectId": "5df3dcf5129ec20d34d07781",
    "owningId": "23hsxgd1RW",
    "relatedId": "S0lTeX0jDJ"
  },
  {
    "objectId": "5df3dcf5129ec20d34d0778a",
    "owningId": "hEhgrld4aW",
    "relatedId": "BCe6MaCcUT"
  },
  {
    "objectId": "5df3dcf5129ec20d34d077ad",
    "owningId": "hEhgrld4aW",
    "relatedId": "fBSwznK0a2"
  },
  {
    "objectId": "5df3dcf5129ec20d34d077be",
    "owningId": "hEhgrld4aW",
    "relatedId": "MSIhbsBvDO"
  },
  {
    "objectId": "5df3dcf5129ec20d34d077cf",
    "owningId": "hEhgrld4aW",
    "relatedId": "uOPNMaLti9"
  },
  {
    "objectId": "5df3dcf5129ec20d34d077c4",
    "owningId": "hEhgrld4aW",
    "relatedId": "MbgBlJXUAk"
  },
  {
    "objectId": "5df3dcf5129ec20d34d0782e",
    "owningId": "Y3WOXJrFhI",
    "relatedId": "uOPNMaLti9"
  },
  {
    "objectId": "5df3dcf5129ec20d34d0782c",
    "owningId": "Y3WOXJrFhI",
    "relatedId": "HMluvVOl6K"
  },
  {
    "objectId": "5df3dcf5129ec20d34d0782f",
    "owningId": "Y3WOXJrFhI",
    "relatedId": "G1NCKtBOvC"
  },
  {
    "objectId": "5df3dcf5129ec20d34d0782d",
    "owningId": "Y3WOXJrFhI",
    "relatedId": "LZbYXENcgs"
  },
  {
    "objectId": "5df3dcf5129ec20d34d0782b",
    "owningId": "Y3WOXJrFhI",
    "relatedId": "3DASQqi3tn"
  },
  {
    "objectId": "5df3dcf5129ec20d34d07830",
    "owningId": "Y3WOXJrFhI",
    "relatedId": "QSM9Hs4J9y"
  },
  {
    "objectId": "5df3dcf5129ec20d34d07834",
    "owningId": "Y3WOXJrFhI",
    "relatedId": "S0lTeX0jDJ"
  },
  {
    "objectId": "5df3dcf5129ec20d34d07831",
    "owningId": "Y3WOXJrFhI",
    "relatedId": "stuChFqpHc"
  },
  {
    "objectId": "5df3dcf5129ec20d34d07835",
    "owningId": "Y3WOXJrFhI",
    "relatedId": "bVDfEVaZn8"
  },
  {
    "objectId": "5df3dd27129ec20d34d07985",
    "owningId": "toA31G2Cwh",
    "relatedId": "YuIGd1JlEF"
  },
  {
    "objectId": "5df3dd27129ec20d34d07988",
    "owningId": "toA31G2Cwh",
    "relatedId": "cFq0mVDqqX"
  },
  {
    "objectId": "5df3dd27129ec20d34d07989",
    "owningId": "toA31G2Cwh",
    "relatedId": "mg8BvrgwCW"
  },
  {
    "objectId": "5df3dd27129ec20d34d0798a",
    "owningId": "3zkZDjNrAb",
    "relatedId": "O5Q2dLLeXl"
  },
  {
    "objectId": "5df3dd27129ec20d34d07992",
    "owningId": "h0pbYbYHHB",
    "relatedId": "EUQwbKpqam"
  },
  {
    "objectId": "5df3dd27129ec20d34d07986",
    "owningId": "toA31G2Cwh",
    "relatedId": "HWNC70eX2c"
  },
  {
    "objectId": "5df3dd27129ec20d34d07987",
    "owningId": "toA31G2Cwh",
    "relatedId": "xbFQQ5sfzo"
  },
  {
    "objectId": "5df3dd27129ec20d34d07991",
    "owningId": "h0pbYbYHHB",
    "relatedId": "I9hpiuQcav"
  },
  {
    "objectId": "5df3dd27129ec20d34d0798d",
    "owningId": "h0pbYbYHHB",
    "relatedId": "9VzRb6JUCE"
  },
  {
    "objectId": "5df3dd27129ec20d34d07993",
    "owningId": "3zkZDjNrAb",
    "relatedId": "0QFP9hycE4"
  },
  {
    "objectId": "5df3dd27129ec20d34d0798f",
    "owningId": "3zkZDjNrAb",
    "relatedId": "xEyEwEPhkU"
  },
  {
    "objectId": "5df3dd27129ec20d34d0798e",
    "owningId": "h0pbYbYHHB",
    "relatedId": "xbFQQ5sfzo"
  },
  {
    "objectId": "5df3dd27129ec20d34d0798c",
    "owningId": "h0pbYbYHHB",
    "relatedId": "8p71F1LX22"
  },
  {
    "objectId": "5df3dd27129ec20d34d07994",
    "owningId": "3zkZDjNrAb",
    "relatedId": "e0BhoIzz8U"
  },
  {
    "objectId": "5df3dd27129ec20d34d0798b",
    "owningId": "3zkZDjNrAb",
    "relatedId": "8p71F1LX22"
  },
  {
    "objectId": "5df3dd27129ec20d34d07990",
    "owningId": "3zkZDjNrAb",
    "relatedId": "LMjIjBG1ky"
  },
  {
    "objectId": "5df3dd27129ec20d34d07998",
    "owningId": "h0pbYbYHHB",
    "relatedId": "xEyEwEPhkU"
  },
  {
    "objectId": "5df3dd27129ec20d34d0799b",
    "owningId": "h0pbYbYHHB",
    "relatedId": "LBzsnZDSLg"
  },
  {
    "objectId": "5df3dd27129ec20d34d07996",
    "owningId": "h0pbYbYHHB",
    "relatedId": "wPo0Y2HpTU"
  },
  {
    "objectId": "5df3dd27129ec20d34d07995",
    "owningId": "h0pbYbYHHB",
    "relatedId": "pGrDZ2l7F5"
  },
  {
    "objectId": "5df3dd27129ec20d34d079a0",
    "owningId": "3zkZDjNrAb",
    "relatedId": "42MCBfx5jW"
  },
  {
    "objectId": "5df3dd27129ec20d34d0799a",
    "owningId": "3zkZDjNrAb",
    "relatedId": "K5qGhcBmlt"
  },
  {
    "objectId": "5df3dd27129ec20d34d07997",
    "owningId": "3zkZDjNrAb",
    "relatedId": "sFUn9b8odm"
  },
  {
    "objectId": "5df3dd27129ec20d34d07999",
    "owningId": "3zkZDjNrAb",
    "relatedId": "h2m1Xl7TCy"
  },
  {
    "objectId": "5df3dd27129ec20d34d0799e",
    "owningId": "3zkZDjNrAb",
    "relatedId": "CejaSG7jzU"
  },
  {
    "objectId": "5df3dd27129ec20d34d079a2",
    "owningId": "mEdyL0V5nl",
    "relatedId": "mg8BvrgwCW"
  },
  {
    "objectId": "5df3dd27129ec20d34d0799f",
    "owningId": "toA31G2Cwh",
    "relatedId": "PuwNB6ueq8"
  },
  {
    "objectId": "5df3dd27129ec20d34d079bc",
    "owningId": "3zkZDjNrAb",
    "relatedId": "CDdVoEmKMA"
  },
  {
    "objectId": "5df3dd27129ec20d34d079c0",
    "owningId": "mEdyL0V5nl",
    "relatedId": "YuIGd1JlEF"
  },
  {
    "objectId": "5df3dd27129ec20d34d079c7",
    "owningId": "mEdyL0V5nl",
    "relatedId": "ZlVdfS4fHA"
  },
  {
    "objectId": "5df3dd27129ec20d34d079bf",
    "owningId": "mEdyL0V5nl",
    "relatedId": "HWNC70eX2c"
  },
  {
    "objectId": "5df3dd27129ec20d34d079d7",
    "owningId": "mEdyL0V5nl",
    "relatedId": "PuwNB6ueq8"
  },
  {
    "objectId": "5df3dd27129ec20d34d079d8",
    "owningId": "mEdyL0V5nl",
    "relatedId": "cFq0mVDqqX"
  },
  {
    "objectId": "5df3dd27129ec20d34d079cf",
    "owningId": "toA31G2Cwh",
    "relatedId": "hbfHuuUI5r"
  },
  {
    "objectId": "5df3dd27129ec20d34d079db",
    "owningId": "toA31G2Cwh",
    "relatedId": "ZlVdfS4fHA"
  },
  {
    "objectId": "5df3dd27129ec20d34d079cc",
    "owningId": "mEdyL0V5nl",
    "relatedId": "O5Q2dLLeXl"
  },
  {
    "objectId": "5df3dd27129ec20d34d079e2",
    "owningId": "toA31G2Cwh",
    "relatedId": "ZmcFcitiJ4"
  },
  {
    "objectId": "5df3dd27129ec20d34d079e1",
    "owningId": "mEdyL0V5nl",
    "relatedId": "hbfHuuUI5r"
  },
  {
    "objectId": "5df3dd27129ec20d34d07a06",
    "owningId": "mEdyL0V5nl",
    "relatedId": "ZmcFcitiJ4"
  },
  {
    "objectId": "5df3dd27129ec20d34d07a16",
    "owningId": "mEdyL0V5nl",
    "relatedId": "V4MTtneBck"
  },
  {
    "objectId": "5df3dd27129ec20d34d07a1f",
    "owningId": "mEdyL0V5nl",
    "relatedId": "EFbShIZVP9"
  },
  {
    "objectId": "5df3dd27129ec20d34d07a1e",
    "owningId": "mEdyL0V5nl",
    "relatedId": "p95YJhHmSF"
  },
  {
    "objectId": "5df3dd27129ec20d34d07a73",
    "owningId": "p7jxAaqj9Q",
    "relatedId": "HWNC70eX2c"
  },
  {
    "objectId": "5df3dd27129ec20d34d07a72",
    "owningId": "p7jxAaqj9Q",
    "relatedId": "O5Q2dLLeXl"
  },
  {
    "objectId": "5df3dd27129ec20d34d07a7a",
    "owningId": "p7jxAaqj9Q",
    "relatedId": "RskfjqfcnL"
  },
  {
    "objectId": "5df3dd27129ec20d34d07a7b",
    "owningId": "p7jxAaqj9Q",
    "relatedId": "cFq0mVDqqX"
  },
  {
    "objectId": "5df3dd27129ec20d34d07a7d",
    "owningId": "p7jxAaqj9Q",
    "relatedId": "YuIGd1JlEF"
  },
  {
    "objectId": "5df3dd27129ec20d34d07a88",
    "owningId": "p7jxAaqj9Q",
    "relatedId": "mg8BvrgwCW"
  },
  {
    "objectId": "5df3dd27129ec20d34d07a86",
    "owningId": "p7jxAaqj9Q",
    "relatedId": "50TRyRbYKd"
  },
  {
    "objectId": "5df3dd27129ec20d34d07a90",
    "owningId": "p7jxAaqj9Q",
    "relatedId": "6ZvrvSRqQk"
  },
  {
    "objectId": "5df3dd27129ec20d34d07a98",
    "owningId": "zTqx98jEFV",
    "relatedId": "2wX5xTT3os"
  },
  {
    "objectId": "5df3dd27129ec20d34d07aa1",
    "owningId": "zTqx98jEFV",
    "relatedId": "o2DsmbFsBA"
  },
  {
    "objectId": "5df3dd27129ec20d34d07aac",
    "owningId": "zTqx98jEFV",
    "relatedId": "JWWkGdwHb6"
  },
  {
    "objectId": "5df3dd27129ec20d34d07aaf",
    "owningId": "zTqx98jEFV",
    "relatedId": "8p71F1LX22"
  },
  {
    "objectId": "5df3dd27129ec20d34d07ab1",
    "owningId": "zTqx98jEFV",
    "relatedId": "9VzRb6JUCE"
  },
  {
    "objectId": "5df3e9ab129ec20d34d07ea8",
    "owningId": "GteveE4ytb",
    "relatedId": "g9bAc5wnTN"
  },
  {
    "objectId": "5df3e9ab129ec20d34d07ea9",
    "owningId": "GteveE4ytb",
    "relatedId": "deSSraPLXL"
  },
  {
    "objectId": "5df3e9ab129ec20d34d07ead",
    "owningId": "GteveE4ytb",
    "relatedId": "ERk3O2ELin"
  },
  {
    "objectId": "5df3e9ab129ec20d34d07eaa",
    "owningId": "GteveE4ytb",
    "relatedId": "xrnyX0HUG9"
  },
  {
    "objectId": "5df3e9ab129ec20d34d07ea7",
    "owningId": "GteveE4ytb",
    "relatedId": "Or6puNLEn5"
  },
  {
    "objectId": "5df3e9ab129ec20d34d07eae",
    "owningId": "GteveE4ytb",
    "relatedId": "F5l2KSa4Xk"
  },
  {
    "objectId": "5df3e9ab129ec20d34d07eac",
    "owningId": "GteveE4ytb",
    "relatedId": "ZwoZE4IXAr"
  },
  {
    "objectId": "5df3e9ab129ec20d34d07eab",
    "owningId": "GteveE4ytb",
    "relatedId": "RTHryjQp6d"
  },
  {
    "objectId": "5df3e9ab129ec20d34d07ecb",
    "owningId": "fMoDABNwV9",
    "relatedId": "9lTVqvWu97"
  },
  {
    "objectId": "5df3e9ab129ec20d34d07ed0",
    "owningId": "fMoDABNwV9",
    "relatedId": "nYhnGcgBDc"
  },
  {
    "objectId": "5df3e9ab129ec20d34d07ecd",
    "owningId": "fMoDABNwV9",
    "relatedId": "n18UV3HGbg"
  },
  {
    "objectId": "5df3e9ab129ec20d34d07ed5",
    "owningId": "mRAWzGNBfG",
    "relatedId": "ERk3O2ELin"
  },
  {
    "objectId": "5df3e9ab129ec20d34d07ed1",
    "owningId": "fMoDABNwV9",
    "relatedId": "zcFdsEk27W"
  },
  {
    "objectId": "5df3e9ab129ec20d34d07edb",
    "owningId": "mRAWzGNBfG",
    "relatedId": "eC4XhsytIo"
  },
  {
    "objectId": "5df3e9ab129ec20d34d07ed9",
    "owningId": "mRAWzGNBfG",
    "relatedId": "utk70kfdBh"
  },
  {
    "objectId": "5df3e9ab129ec20d34d07ed6",
    "owningId": "mRAWzGNBfG",
    "relatedId": "F5l2KSa4Xk"
  },
  {
    "objectId": "5df3e9ab129ec20d34d07ed2",
    "owningId": "RbyX4ouadm",
    "relatedId": "hoJsNB1dYq"
  },
  {
    "objectId": "5df3e9ab129ec20d34d07edd",
    "owningId": "mRAWzGNBfG",
    "relatedId": "Dp5YCEIXR3"
  },
  {
    "objectId": "5df3e9ab129ec20d34d07ede",
    "owningId": "mRAWzGNBfG",
    "relatedId": "GyKsQsPAiW"
  },
  {
    "objectId": "5df3e9ab129ec20d34d07ed7",
    "owningId": "mRAWzGNBfG",
    "relatedId": "ZwoZE4IXAr"
  },
  {
    "objectId": "5df3e9ab129ec20d34d07ed8",
    "owningId": "mRAWzGNBfG",
    "relatedId": "g9bAc5wnTN"
  },
  {
    "objectId": "5df3e9ab129ec20d34d07ed3",
    "owningId": "RbyX4ouadm",
    "relatedId": "Or6puNLEn5"
  },
  {
    "objectId": "5df3e9ab129ec20d34d07ee0",
    "owningId": "mRAWzGNBfG",
    "relatedId": "PHCjzxmE2l"
  },
  {
    "objectId": "5df3e9ab129ec20d34d07ed4",
    "owningId": "RbyX4ouadm",
    "relatedId": "PcHTkdaQZM"
  },
  {
    "objectId": "5df3e9ab129ec20d34d07eda",
    "owningId": "RbyX4ouadm",
    "relatedId": "5q1xW3G5MP"
  },
  {
    "objectId": "5df3e9ab129ec20d34d07edc",
    "owningId": "RbyX4ouadm",
    "relatedId": "n18UV3HGbg"
  },
  {
    "objectId": "5df3e9ab129ec20d34d07ee8",
    "owningId": "fMoDABNwV9",
    "relatedId": "nY2fTXX1F1"
  },
  {
    "objectId": "5df3e9ab129ec20d34d07efc",
    "owningId": "RbyX4ouadm",
    "relatedId": "PzM6RB4tW9"
  },
  {
    "objectId": "5df3e9ab129ec20d34d07ef9",
    "owningId": "RbyX4ouadm",
    "relatedId": "78QvzwEkoC"
  },
  {
    "objectId": "5df3e9ab129ec20d34d07f03",
    "owningId": "RbyX4ouadm",
    "relatedId": "isut9lrQGD"
  },
  {
    "objectId": "5df3e9ab129ec20d34d07f01",
    "owningId": "RbyX4ouadm",
    "relatedId": "QjOyk3CH8K"
  },
  {
    "objectId": "5df3e9ab129ec20d34d07f04",
    "owningId": "RbyX4ouadm",
    "relatedId": "mYHlk0khPd"
  },
  {
    "objectId": "5df3e9ab129ec20d34d07f0c",
    "owningId": "RbyX4ouadm",
    "relatedId": "udnaqe2L4V"
  },
  {
    "objectId": "5df3e9ab129ec20d34d07f10",
    "owningId": "RbyX4ouadm",
    "relatedId": "kSnCBuvjnO"
  },
  {
    "objectId": "5df3e9ab129ec20d34d07f73",
    "owningId": "SFHc9Y4gXA",
    "relatedId": "g9bAc5wnTN"
  },
  {
    "objectId": "5df3e9ab129ec20d34d07f7d",
    "owningId": "SFHc9Y4gXA",
    "relatedId": "utk70kfdBh"
  },
  {
    "objectId": "5df3e9ab129ec20d34d07f7b",
    "owningId": "SFHc9Y4gXA",
    "relatedId": "F5l2KSa4Xk"
  },
  {
    "objectId": "5df3e9ab129ec20d34d07f82",
    "owningId": "SFHc9Y4gXA",
    "relatedId": "ZwoZE4IXAr"
  },
  {
    "objectId": "5df3e9ab129ec20d34d07f84",
    "owningId": "SFHc9Y4gXA",
    "relatedId": "eC4XhsytIo"
  },
  {
    "objectId": "5df3e9ab129ec20d34d07f86",
    "owningId": "SFHc9Y4gXA",
    "relatedId": "xgGROzsSND"
  },
  {
    "objectId": "5df3e9ab129ec20d34d07f87",
    "owningId": "SFHc9Y4gXA",
    "relatedId": "Or6puNLEn5"
  },
  {
    "objectId": "5df3e9ab129ec20d34d07f8c",
    "owningId": "SFHc9Y4gXA",
    "relatedId": "GyKsQsPAiW"
  },
  {
    "objectId": "5df3e9ab129ec20d34d07f8a",
    "owningId": "SFHc9Y4gXA",
    "relatedId": "ERk3O2ELin"
  },
  {
    "objectId": "5df3e9ab129ec20d34d07f92",
    "owningId": "SFHc9Y4gXA",
    "relatedId": "PHCjzxmE2l"
  },
  {
    "objectId": "5df3e9ab129ec20d34d07f96",
    "owningId": "SFHc9Y4gXA",
    "relatedId": "SmAGL2YRes"
  },
  {
    "objectId": "5df3e9ab129ec20d34d07f99",
    "owningId": "SFHc9Y4gXA",
    "relatedId": "zfyE9VfkZj"
  },
  {
    "objectId": "5df3e9ab129ec20d34d07fa6",
    "owningId": "NtEIWnlRYH",
    "relatedId": "nYhnGcgBDc"
  },
  {
    "objectId": "5df3e9ab129ec20d34d07fae",
    "owningId": "NtEIWnlRYH",
    "relatedId": "Dp5YCEIXR3"
  },
  {
    "objectId": "5df3e9ab129ec20d34d07fb0",
    "owningId": "NtEIWnlRYH",
    "relatedId": "7bbrEEnPp3"
  },
  {
    "objectId": "5df3e9ab129ec20d34d07fb5",
    "owningId": "NtEIWnlRYH",
    "relatedId": "n18UV3HGbg"
  },
  {
    "objectId": "5df3e9ab129ec20d34d07fb8",
    "owningId": "NtEIWnlRYH",
    "relatedId": "PcHTkdaQZM"
  },
  {
    "objectId": "5df3e9ab129ec20d34d07fbe",
    "owningId": "NtEIWnlRYH",
    "relatedId": "bHPFB3mOuL"
  },
  {
    "objectId": "5df3e9ab129ec20d34d07fbf",
    "owningId": "NtEIWnlRYH",
    "relatedId": "p5HhbwwBGu"
  },
  {
    "objectId": "5df3e9ab129ec20d34d07fbd",
    "owningId": "NtEIWnlRYH",
    "relatedId": "GLTYEk8zyL"
  },
  {
    "objectId": "5df3e9ab129ec20d34d07fc9",
    "owningId": "NtEIWnlRYH",
    "relatedId": "I7KA16svWR"
  }
]
}