{
"results" : [

  {
    "objectId": "5df356a7129ec20d34d0589c",
    "owningId": "15EnXUntsv",
    "relatedId": "jgji7nJNOI"
  },
  {
    "objectId": "5df356a7129ec20d34d058a0",
    "owningId": "15EnXUntsv",
    "relatedId": "aBX3ZYf3qY"
  },
  {
    "objectId": "5df356a7129ec20d34d0589e",
    "owningId": "15EnXUntsv",
    "relatedId": "AlAyDv8XYv"
  },
  {
    "objectId": "5df356a7129ec20d34d058a3",
    "owningId": "15EnXUntsv",
    "relatedId": "q4x2O3bHCb"
  },
  {
    "objectId": "5df356a7129ec20d34d058a2",
    "owningId": "15EnXUntsv",
    "relatedId": "xVDrCnR8wV"
  },
  {
    "objectId": "5df356a7129ec20d34d058b4",
    "owningId": "ESGfBFcbKb",
    "relatedId": "41JDlrGgom"
  },
  {
    "objectId": "5df356a7129ec20d34d05912",
    "owningId": "doHcQt0MbC",
    "relatedId": "jgji7nJNOI"
  },
  {
    "objectId": "5df356a7129ec20d34d0591d",
    "owningId": "doHcQt0MbC",
    "relatedId": "q4x2O3bHCb"
  },
  {
    "objectId": "5df356a7129ec20d34d0591a",
    "owningId": "doHcQt0MbC",
    "relatedId": "aBX3ZYf3qY"
  },
  {
    "objectId": "5df356a7129ec20d34d05902",
    "owningId": "ESGfBFcbKb",
    "relatedId": "edT1Uvrrj2"
  },
  {
    "objectId": "5df356a7129ec20d34d0591c",
    "owningId": "doHcQt0MbC",
    "relatedId": "GMldGtlXDY"
  },
  {
    "objectId": "5df356a7129ec20d34d05918",
    "owningId": "doHcQt0MbC",
    "relatedId": "WLE6K00rjv"
  },
  {
    "objectId": "5df356a7129ec20d34d05925",
    "owningId": "doHcQt0MbC",
    "relatedId": "MhzgzL3Y4U"
  },
  {
    "objectId": "5df356a7129ec20d34d05923",
    "owningId": "doHcQt0MbC",
    "relatedId": "OJIx5vE6Lc"
  },
  {
    "objectId": "5df356a7129ec20d34d05922",
    "owningId": "doHcQt0MbC",
    "relatedId": "QZclc91YWw"
  },
  {
    "objectId": "5df356a7129ec20d34d05929",
    "owningId": "doHcQt0MbC",
    "relatedId": "R5iM0zVD5g"
  },
  {
    "objectId": "5df356a7129ec20d34d0593b",
    "owningId": "doHcQt0MbC",
    "relatedId": "bAMSRls3XS"
  },
  {
    "objectId": "5df356a7129ec20d34d05933",
    "owningId": "doHcQt0MbC",
    "relatedId": "wBPqhFMrc3"
  },
  {
    "objectId": "5df356a7129ec20d34d05924",
    "owningId": "doHcQt0MbC",
    "relatedId": "AlAyDv8XYv"
  },
  {
    "objectId": "5df356a7129ec20d34d05935",
    "owningId": "doHcQt0MbC",
    "relatedId": "taMWp7plLK"
  },
  {
    "objectId": "5df356a7129ec20d34d0594e",
    "owningId": "RdkDrHMuTM",
    "relatedId": "q4x2O3bHCb"
  },
  {
    "objectId": "5df356a7129ec20d34d05937",
    "owningId": "doHcQt0MbC",
    "relatedId": "OGVUBrMOa5"
  },
  {
    "objectId": "5df356a7129ec20d34d0592c",
    "owningId": "doHcQt0MbC",
    "relatedId": "7L97aR6drT"
  },
  {
    "objectId": "5df356a7129ec20d34d0592a",
    "owningId": "doHcQt0MbC",
    "relatedId": "tRUWFnIxQp"
  },
  {
    "objectId": "5df356a7129ec20d34d05930",
    "owningId": "doHcQt0MbC",
    "relatedId": "kg9TYbmTMb"
  },
  {
    "objectId": "5df356a7129ec20d34d05949",
    "owningId": "doHcQt0MbC",
    "relatedId": "XDtNUZSNgV"
  },
  {
    "objectId": "5df356a7129ec20d34d05940",
    "owningId": "doHcQt0MbC",
    "relatedId": "tfqPwHfkMy"
  },
  {
    "objectId": "5df356a7129ec20d34d05932",
    "owningId": "doHcQt0MbC",
    "relatedId": "8Q2yGRG653"
  },
  {
    "objectId": "5df356a7129ec20d34d05955",
    "owningId": "RdkDrHMuTM",
    "relatedId": "aBX3ZYf3qY"
  },
  {
    "objectId": "5df356a7129ec20d34d05956",
    "owningId": "RdkDrHMuTM",
    "relatedId": "jgji7nJNOI"
  },
  {
    "objectId": "5df356a7129ec20d34d05959",
    "owningId": "RdkDrHMuTM",
    "relatedId": "JD5j75Pajz"
  },
  {
    "objectId": "5df356a7129ec20d34d05957",
    "owningId": "7wZQGbcoCt",
    "relatedId": "AlAyDv8XYv"
  },
  {
    "objectId": "5df356a7129ec20d34d05954",
    "owningId": "RdkDrHMuTM",
    "relatedId": "upXOHr7EgI"
  },
  {
    "objectId": "5df356a7129ec20d34d0595e",
    "owningId": "RdkDrHMuTM",
    "relatedId": "Xgps1MVLXz"
  },
  {
    "objectId": "5df356a7129ec20d34d0595a",
    "owningId": "7wZQGbcoCt",
    "relatedId": "LD3pntGmy5"
  },
  {
    "objectId": "5df356a7129ec20d34d05964",
    "owningId": "RdkDrHMuTM",
    "relatedId": "uj3hwh8BC1"
  },
  {
    "objectId": "5df356a7129ec20d34d05962",
    "owningId": "RdkDrHMuTM",
    "relatedId": "OJIx5vE6Lc"
  },
  {
    "objectId": "5df356a7129ec20d34d05961",
    "owningId": "RdkDrHMuTM",
    "relatedId": "x1vi0R0oFP"
  },
  {
    "objectId": "5df356a7129ec20d34d05960",
    "owningId": "RdkDrHMuTM",
    "relatedId": "MhzgzL3Y4U"
  },
  {
    "objectId": "5df356a7129ec20d34d0595c",
    "owningId": "RdkDrHMuTM",
    "relatedId": "WLE6K00rjv"
  },
  {
    "objectId": "5df356a7129ec20d34d0595f",
    "owningId": "RdkDrHMuTM",
    "relatedId": "IU7HKH3lRN"
  },
  {
    "objectId": "5df356a7129ec20d34d0595b",
    "owningId": "RdkDrHMuTM",
    "relatedId": "GMldGtlXDY"
  },
  {
    "objectId": "5df356a7129ec20d34d0596c",
    "owningId": "RdkDrHMuTM",
    "relatedId": "taMWp7plLK"
  },
  {
    "objectId": "5df356a7129ec20d34d0596b",
    "owningId": "RdkDrHMuTM",
    "relatedId": "XUzN3k4Cgp"
  },
  {
    "objectId": "5df356a7129ec20d34d0596e",
    "owningId": "RdkDrHMuTM",
    "relatedId": "QZclc91YWw"
  },
  {
    "objectId": "5df356a7129ec20d34d05968",
    "owningId": "RdkDrHMuTM",
    "relatedId": "6UxaCpjBrv"
  },
  {
    "objectId": "5df356a7129ec20d34d05965",
    "owningId": "RdkDrHMuTM",
    "relatedId": "7OmRYvy34f"
  },
  {
    "objectId": "5df356a7129ec20d34d0596d",
    "owningId": "RdkDrHMuTM",
    "relatedId": "7L97aR6drT"
  },
  {
    "objectId": "5df356a7129ec20d34d0596a",
    "owningId": "RdkDrHMuTM",
    "relatedId": "kg9TYbmTMb"
  },
  {
    "objectId": "5df356a7129ec20d34d059b6",
    "owningId": "GleJiIhEsp",
    "relatedId": "IU7HKH3lRN"
  },
  {
    "objectId": "5df356a7129ec20d34d059b4",
    "owningId": "GleJiIhEsp",
    "relatedId": "aBX3ZYf3qY"
  },
  {
    "objectId": "5df356a7129ec20d34d059c5",
    "owningId": "GleJiIhEsp",
    "relatedId": "tfqPwHfkMy"
  },
  {
    "objectId": "5df356a7129ec20d34d059c7",
    "owningId": "GleJiIhEsp",
    "relatedId": "GMldGtlXDY"
  },
  {
    "objectId": "5df356a7129ec20d34d059ba",
    "owningId": "GleJiIhEsp",
    "relatedId": "tRUWFnIxQp"
  },
  {
    "objectId": "5df356a7129ec20d34d059c0",
    "owningId": "GleJiIhEsp",
    "relatedId": "JD5j75Pajz"
  },
  {
    "objectId": "5df356a7129ec20d34d059c3",
    "owningId": "GleJiIhEsp",
    "relatedId": "wBPqhFMrc3"
  },
  {
    "objectId": "5df356a7129ec20d34d059c6",
    "owningId": "GleJiIhEsp",
    "relatedId": "XDtNUZSNgV"
  },
  {
    "objectId": "5df356a7129ec20d34d059bc",
    "owningId": "GleJiIhEsp",
    "relatedId": "wYPieyiUdl"
  },
  {
    "objectId": "5df356a7129ec20d34d059c4",
    "owningId": "GleJiIhEsp",
    "relatedId": "jgji7nJNOI"
  },
  {
    "objectId": "5df356a7129ec20d34d059bf",
    "owningId": "GleJiIhEsp",
    "relatedId": "8Q2yGRG653"
  },
  {
    "objectId": "5df356a7129ec20d34d059c8",
    "owningId": "GleJiIhEsp",
    "relatedId": "R5iM0zVD5g"
  },
  {
    "objectId": "5df356a7129ec20d34d059c9",
    "owningId": "GleJiIhEsp",
    "relatedId": "e1TcltGvKm"
  },
  {
    "objectId": "5df356a7129ec20d34d059c2",
    "owningId": "GleJiIhEsp",
    "relatedId": "q4x2O3bHCb"
  },
  {
    "objectId": "5df356a7129ec20d34d059b9",
    "owningId": "ESGfBFcbKb",
    "relatedId": "q4x2O3bHCb"
  },
  {
    "objectId": "5df356a7129ec20d34d059cb",
    "owningId": "ESGfBFcbKb",
    "relatedId": "AlAyDv8XYv"
  },
  {
    "objectId": "5df356a7129ec20d34d059ca",
    "owningId": "ESGfBFcbKb",
    "relatedId": "jgji7nJNOI"
  },
  {
    "objectId": "5df356a7129ec20d34d059d8",
    "owningId": "7wZQGbcoCt",
    "relatedId": "q4x2O3bHCb"
  },
  {
    "objectId": "5df356a7129ec20d34d059dd",
    "owningId": "7wZQGbcoCt",
    "relatedId": "AarKDnECrK"
  },
  {
    "objectId": "5df356a7129ec20d34d059ea",
    "owningId": "7wZQGbcoCt",
    "relatedId": "edT1Uvrrj2"
  },
  {
    "objectId": "5df356a7129ec20d34d059ed",
    "owningId": "7wZQGbcoCt",
    "relatedId": "GMldGtlXDY"
  },
  {
    "objectId": "5df356a7129ec20d34d059eb",
    "owningId": "7wZQGbcoCt",
    "relatedId": "jgji7nJNOI"
  },
  {
    "objectId": "5df356a7129ec20d34d059ef",
    "owningId": "7wZQGbcoCt",
    "relatedId": "NE4pEUpVak"
  },
  {
    "objectId": "5df356a7129ec20d34d059ee",
    "owningId": "7wZQGbcoCt",
    "relatedId": "aBX3ZYf3qY"
  },
  {
    "objectId": "5df35716129ec20d34d05b13",
    "owningId": "AvwJkkbuFu",
    "relatedId": "BGkHzCIyQo"
  },
  {
    "objectId": "5df35716129ec20d34d05b15",
    "owningId": "AvwJkkbuFu",
    "relatedId": "McZDh8CWky"
  },
  {
    "objectId": "5df35716129ec20d34d05b14",
    "owningId": "AvwJkkbuFu",
    "relatedId": "cas9AtuAJb"
  },
  {
    "objectId": "5df35716129ec20d34d05b18",
    "owningId": "AvwJkkbuFu",
    "relatedId": "905tYG9Esn"
  },
  {
    "objectId": "5df35716129ec20d34d05b19",
    "owningId": "AvwJkkbuFu",
    "relatedId": "LsAk9AX5zo"
  },
  {
    "objectId": "5df35716129ec20d34d05b29",
    "owningId": "tArSC3RkKD",
    "relatedId": "4FQRoviB1f"
  },
  {
    "objectId": "5df35716129ec20d34d05b2c",
    "owningId": "tArSC3RkKD",
    "relatedId": "cas9AtuAJb"
  },
  {
    "objectId": "5df35716129ec20d34d05baa",
    "owningId": "XnNTzQjXS0",
    "relatedId": "YZTSGQliVN"
  },
  {
    "objectId": "5df35716129ec20d34d05b95",
    "owningId": "XnNTzQjXS0",
    "relatedId": "sDSicLSQ1r"
  },
  {
    "objectId": "5df35716129ec20d34d05ba6",
    "owningId": "XnNTzQjXS0",
    "relatedId": "HCMgjzuTNx"
  },
  {
    "objectId": "5df35716129ec20d34d05b8e",
    "owningId": "XnNTzQjXS0",
    "relatedId": "McZDh8CWky"
  },
  {
    "objectId": "5df35716129ec20d34d05ba8",
    "owningId": "0DourTuy8a",
    "relatedId": "bj4BPxOjvh"
  },
  {
    "objectId": "5df35716129ec20d34d05b9b",
    "owningId": "XnNTzQjXS0",
    "relatedId": "GOOLhONQnz"
  },
  {
    "objectId": "5df35716129ec20d34d05bad",
    "owningId": "0DourTuy8a",
    "relatedId": "McZDh8CWky"
  },
  {
    "objectId": "5df35716129ec20d34d05b92",
    "owningId": "XnNTzQjXS0",
    "relatedId": "n4LUggXRY5"
  },
  {
    "objectId": "5df35716129ec20d34d05ba0",
    "owningId": "XnNTzQjXS0",
    "relatedId": "wgadCGt6jI"
  },
  {
    "objectId": "5df35716129ec20d34d05ba9",
    "owningId": "XnNTzQjXS0",
    "relatedId": "DfJ2UXsqGG"
  },
  {
    "objectId": "5df35716129ec20d34d05baf",
    "owningId": "XnNTzQjXS0",
    "relatedId": "JJVZ0HK204"
  },
  {
    "objectId": "5df35716129ec20d34d05ba1",
    "owningId": "0DourTuy8a",
    "relatedId": "sDSicLSQ1r"
  },
  {
    "objectId": "5df35716129ec20d34d05ba3",
    "owningId": "XnNTzQjXS0",
    "relatedId": "BGkHzCIyQo"
  },
  {
    "objectId": "5df35716129ec20d34d05bab",
    "owningId": "XnNTzQjXS0",
    "relatedId": "ulTj8nqLAW"
  },
  {
    "objectId": "5df35716129ec20d34d05bb9",
    "owningId": "XnNTzQjXS0",
    "relatedId": "lrSaYzqGTA"
  },
  {
    "objectId": "5df35716129ec20d34d05bb2",
    "owningId": "XnNTzQjXS0",
    "relatedId": "9UfRBeBhE0"
  },
  {
    "objectId": "5df35716129ec20d34d05bbd",
    "owningId": "0DourTuy8a",
    "relatedId": "i0jxvN7ixc"
  },
  {
    "objectId": "5df35716129ec20d34d05bb5",
    "owningId": "0DourTuy8a",
    "relatedId": "11ZcYPiCW3"
  },
  {
    "objectId": "5df35716129ec20d34d05bb6",
    "owningId": "0DourTuy8a",
    "relatedId": "BGkHzCIyQo"
  },
  {
    "objectId": "5df35716129ec20d34d05bbc",
    "owningId": "0DourTuy8a",
    "relatedId": "g2NZj0Qypq"
  },
  {
    "objectId": "5df35716129ec20d34d05bbb",
    "owningId": "XnNTzQjXS0",
    "relatedId": "GItndZJ5kH"
  },
  {
    "objectId": "5df35716129ec20d34d05bb8",
    "owningId": "XnNTzQjXS0",
    "relatedId": "bd1bGcDGTG"
  },
  {
    "objectId": "5df35716129ec20d34d05bc4",
    "owningId": "0DourTuy8a",
    "relatedId": "4FQRoviB1f"
  },
  {
    "objectId": "5df35716129ec20d34d05bc2",
    "owningId": "XnNTzQjXS0",
    "relatedId": "Xt1ZdasfC7"
  },
  {
    "objectId": "5df35716129ec20d34d05bc3",
    "owningId": "0DourTuy8a",
    "relatedId": "7EhXFZfhm7"
  },
  {
    "objectId": "5df35716129ec20d34d05bd0",
    "owningId": "Aa5qQqLrLw",
    "relatedId": "11ZcYPiCW3"
  },
  {
    "objectId": "5df35716129ec20d34d05bca",
    "owningId": "0DourTuy8a",
    "relatedId": "r6eDFaNkAP"
  },
  {
    "objectId": "5df35716129ec20d34d05bd6",
    "owningId": "0DourTuy8a",
    "relatedId": "585mEVupAT"
  },
  {
    "objectId": "5df35716129ec20d34d05be2",
    "owningId": "XnNTzQjXS0",
    "relatedId": "4FQRoviB1f"
  },
  {
    "objectId": "5df35716129ec20d34d05bcb",
    "owningId": "Aa5qQqLrLw",
    "relatedId": "905tYG9Esn"
  },
  {
    "objectId": "5df35716129ec20d34d05bed",
    "owningId": "0DourTuy8a",
    "relatedId": "HCMgjzuTNx"
  },
  {
    "objectId": "5df35717129ec20d34d05bfd",
    "owningId": "7XfvS3vAUj",
    "relatedId": "UUGHPNk2jT"
  },
  {
    "objectId": "5df35716129ec20d34d05bf5",
    "owningId": "0DourTuy8a",
    "relatedId": "xAw8OC9Kr3"
  },
  {
    "objectId": "5df35716129ec20d34d05bf3",
    "owningId": "XnNTzQjXS0",
    "relatedId": "xuqV3LkAcA"
  },
  {
    "objectId": "5df35717129ec20d34d05bfb",
    "owningId": "7XfvS3vAUj",
    "relatedId": "09j7CAH7Ms"
  },
  {
    "objectId": "5df35716129ec20d34d05beb",
    "owningId": "XnNTzQjXS0",
    "relatedId": "11ZcYPiCW3"
  },
  {
    "objectId": "5df35716129ec20d34d05bf1",
    "owningId": "0DourTuy8a",
    "relatedId": "09j7CAH7Ms"
  },
  {
    "objectId": "5df35717129ec20d34d05bf6",
    "owningId": "7XfvS3vAUj",
    "relatedId": "11ZcYPiCW3"
  },
  {
    "objectId": "5df35716129ec20d34d05bf0",
    "owningId": "XnNTzQjXS0",
    "relatedId": "HcmNlKs9IM"
  },
  {
    "objectId": "5df35717129ec20d34d05bff",
    "owningId": "7XfvS3vAUj",
    "relatedId": "Xt1ZdasfC7"
  },
  {
    "objectId": "5df35717129ec20d34d05bfc",
    "owningId": "7XfvS3vAUj",
    "relatedId": "4FQRoviB1f"
  },
  {
    "objectId": "5df35717129ec20d34d05c00",
    "owningId": "7XfvS3vAUj",
    "relatedId": "r6eDFaNkAP"
  },
  {
    "objectId": "5df35717129ec20d34d05bf7",
    "owningId": "7XfvS3vAUj",
    "relatedId": "xuqV3LkAcA"
  },
  {
    "objectId": "5df35717129ec20d34d05c01",
    "owningId": "7XfvS3vAUj",
    "relatedId": "vehp3un3iN"
  },
  {
    "objectId": "5df35717129ec20d34d05c10",
    "owningId": "tArSC3RkKD",
    "relatedId": "bPREJJ9QT8"
  },
  {
    "objectId": "5df35717129ec20d34d05c14",
    "owningId": "tArSC3RkKD",
    "relatedId": "BGkHzCIyQo"
  },
  {
    "objectId": "5df35717129ec20d34d05c1e",
    "owningId": "tArSC3RkKD",
    "relatedId": "McZDh8CWky"
  },
  {
    "objectId": "5df35717129ec20d34d05c34",
    "owningId": "Aa5qQqLrLw",
    "relatedId": "McZDh8CWky"
  },
  {
    "objectId": "5df35717129ec20d34d05c3c",
    "owningId": "Aa5qQqLrLw",
    "relatedId": "v9EzORZa6r"
  },
  {
    "objectId": "5df35717129ec20d34d05c3e",
    "owningId": "Aa5qQqLrLw",
    "relatedId": "4FQRoviB1f"
  },
  {
    "objectId": "5df35717129ec20d34d05c3d",
    "owningId": "Aa5qQqLrLw",
    "relatedId": "BGkHzCIyQo"
  },
  {
    "objectId": "5df35717129ec20d34d05c3f",
    "owningId": "Aa5qQqLrLw",
    "relatedId": "cas9AtuAJb"
  },
  {
    "objectId": "5df35717129ec20d34d05c43",
    "owningId": "Aa5qQqLrLw",
    "relatedId": "WJdZFJ9wAJ"
  },
  {
    "objectId": "5df35717129ec20d34d05c45",
    "owningId": "Aa5qQqLrLw",
    "relatedId": "SjeESmaY5R"
  },
  {
    "objectId": "5df35717129ec20d34d05c57",
    "owningId": "7XfvS3vAUj",
    "relatedId": "cas9AtuAJb"
  },
  {
    "objectId": "5df35717129ec20d34d05c59",
    "owningId": "7XfvS3vAUj",
    "relatedId": "9UfRBeBhE0"
  },
  {
    "objectId": "5df35717129ec20d34d05c5b",
    "owningId": "7XfvS3vAUj",
    "relatedId": "i0jxvN7ixc"
  },
  {
    "objectId": "5df35717129ec20d34d05c5d",
    "owningId": "7XfvS3vAUj",
    "relatedId": "xAw8OC9Kr3"
  },
  {
    "objectId": "5df35717129ec20d34d05c5f",
    "owningId": "7XfvS3vAUj",
    "relatedId": "McZDh8CWky"
  },
  {
    "objectId": "5df35717129ec20d34d05c61",
    "owningId": "7XfvS3vAUj",
    "relatedId": "lrSaYzqGTA"
  },
  {
    "objectId": "5df35717129ec20d34d05c63",
    "owningId": "7XfvS3vAUj",
    "relatedId": "DfJ2UXsqGG"
  },
  {
    "objectId": "5df35717129ec20d34d05c62",
    "owningId": "7XfvS3vAUj",
    "relatedId": "BGkHzCIyQo"
  },
  {
    "objectId": "5df35717129ec20d34d05c65",
    "owningId": "7XfvS3vAUj",
    "relatedId": "HcmNlKs9IM"
  },
  {
    "objectId": "5df35717129ec20d34d05c64",
    "owningId": "7XfvS3vAUj",
    "relatedId": "7EhXFZfhm7"
  },
  {
    "objectId": "5df35717129ec20d34d05c66",
    "owningId": "7XfvS3vAUj",
    "relatedId": "GItndZJ5kH"
  },
  {
    "objectId": "5df35717129ec20d34d05c67",
    "owningId": "7XfvS3vAUj",
    "relatedId": "585mEVupAT"
  },
  {
    "objectId": "5df3576e129ec20d34d05d8f",
    "owningId": "ewdqSZFJj7",
    "relatedId": "ldMrDiF5nW"
  },
  {
    "objectId": "5df3576e129ec20d34d05d8b",
    "owningId": "ewdqSZFJj7",
    "relatedId": "zYlELYwRgC"
  },
  {
    "objectId": "5df3576e129ec20d34d05d91",
    "owningId": "ewdqSZFJj7",
    "relatedId": "Qlu31PH9Xi"
  },
  {
    "objectId": "5df3576e129ec20d34d05d8c",
    "owningId": "ewdqSZFJj7",
    "relatedId": "UMRO4QALUg"
  },
  {
    "objectId": "5df3576e129ec20d34d05d90",
    "owningId": "ewdqSZFJj7",
    "relatedId": "9iN11DMi6g"
  },
  {
    "objectId": "5df3576e129ec20d34d05db4",
    "owningId": "VEvEDBV9lg",
    "relatedId": "zYlELYwRgC"
  },
  {
    "objectId": "5df3576e129ec20d34d05db0",
    "owningId": "VEvEDBV9lg",
    "relatedId": "UMRO4QALUg"
  },
  {
    "objectId": "5df3576e129ec20d34d05db8",
    "owningId": "VEvEDBV9lg",
    "relatedId": "Qlu31PH9Xi"
  },
  {
    "objectId": "5df3576e129ec20d34d05db7",
    "owningId": "VEvEDBV9lg",
    "relatedId": "yaoBGQ0P7I"
  },
  {
    "objectId": "5df3576e129ec20d34d05db9",
    "owningId": "VEvEDBV9lg",
    "relatedId": "HYvkZabox6"
  },
  {
    "objectId": "5df3576e129ec20d34d05dff",
    "owningId": "0kBbn0ivpB",
    "relatedId": "zYlELYwRgC"
  },
  {
    "objectId": "5df3576e129ec20d34d05df6",
    "owningId": "Whf16PZWja",
    "relatedId": "pmVE6VWlbv"
  },
  {
    "objectId": "5df3576e129ec20d34d05def",
    "owningId": "Whf16PZWja",
    "relatedId": "qJAIRyee7t"
  },
  {
    "objectId": "5df3576e129ec20d34d05dfe",
    "owningId": "Whf16PZWja",
    "relatedId": "3XE7gbxnyl"
  },
  {
    "objectId": "5df3576e129ec20d34d05dfc",
    "owningId": "Whf16PZWja",
    "relatedId": "yNjJ8FqC96"
  },
  {
    "objectId": "5df3576e129ec20d34d05e06",
    "owningId": "Whf16PZWja",
    "relatedId": "4J70WOOJf8"
  },
  {
    "objectId": "5df3576e129ec20d34d05e09",
    "owningId": "0kBbn0ivpB",
    "relatedId": "txqLCQvX5m"
  },
  {
    "objectId": "5df3576e129ec20d34d05e14",
    "owningId": "0kBbn0ivpB",
    "relatedId": "9iN11DMi6g"
  },
  {
    "objectId": "5df3576e129ec20d34d05e19",
    "owningId": "0kBbn0ivpB",
    "relatedId": "GiCn9XwgdS"
  },
  {
    "objectId": "5df3576e129ec20d34d05e0e",
    "owningId": "0kBbn0ivpB",
    "relatedId": "Qlu31PH9Xi"
  },
  {
    "objectId": "5df3576e129ec20d34d05e15",
    "owningId": "0kBbn0ivpB",
    "relatedId": "ejOZY9L648"
  },
  {
    "objectId": "5df3576e129ec20d34d05e0f",
    "owningId": "0kBbn0ivpB",
    "relatedId": "UMRO4QALUg"
  },
  {
    "objectId": "5df3576e129ec20d34d05e20",
    "owningId": "0kBbn0ivpB",
    "relatedId": "yaoBGQ0P7I"
  },
  {
    "objectId": "5df3576e129ec20d34d05e1b",
    "owningId": "0kBbn0ivpB",
    "relatedId": "azMYeMwfpm"
  },
  {
    "objectId": "5df3576e129ec20d34d05e4a",
    "owningId": "Whf16PZWja",
    "relatedId": "zYlELYwRgC"
  },
  {
    "objectId": "5df3576e129ec20d34d05e44",
    "owningId": "Whf16PZWja",
    "relatedId": "b6BUBYAc4c"
  },
  {
    "objectId": "5df3576e129ec20d34d05e57",
    "owningId": "Whf16PZWja",
    "relatedId": "tuDAKAmArw"
  },
  {
    "objectId": "5df3576e129ec20d34d05e5e",
    "owningId": "Whf16PZWja",
    "relatedId": "bEbhEzBRwz"
  },
  {
    "objectId": "5df3576e129ec20d34d05e72",
    "owningId": "N87N6IN4pz",
    "relatedId": "zYlELYwRgC"
  },
  {
    "objectId": "5df3576e129ec20d34d05e66",
    "owningId": "Whf16PZWja",
    "relatedId": "bmCjOUXP1a"
  },
  {
    "objectId": "5df3576e129ec20d34d05e7b",
    "owningId": "N87N6IN4pz",
    "relatedId": "EyHHk7kQJl"
  },
  {
    "objectId": "5df3576e129ec20d34d05e7c",
    "owningId": "N87N6IN4pz",
    "relatedId": "xEvzGfpbG9"
  },
  {
    "objectId": "5df3576e129ec20d34d05e86",
    "owningId": "N87N6IN4pz",
    "relatedId": "qMeThfNEha"
  },
  {
    "objectId": "5df3576e129ec20d34d05e7f",
    "owningId": "N87N6IN4pz",
    "relatedId": "ECyo8AzZEs"
  },
  {
    "objectId": "5df3576e129ec20d34d05e8b",
    "owningId": "N87N6IN4pz",
    "relatedId": "azMYeMwfpm"
  },
  {
    "objectId": "5df3576e129ec20d34d05e84",
    "owningId": "N87N6IN4pz",
    "relatedId": "UMRO4QALUg"
  },
  {
    "objectId": "5df3576e129ec20d34d05e80",
    "owningId": "N87N6IN4pz",
    "relatedId": "CvfMw1YNkY"
  },
  {
    "objectId": "5df3576e129ec20d34d05e87",
    "owningId": "N87N6IN4pz",
    "relatedId": "3XE7gbxnyl"
  },
  {
    "objectId": "5df3576e129ec20d34d05e82",
    "owningId": "N87N6IN4pz",
    "relatedId": "yaoBGQ0P7I"
  },
  {
    "objectId": "5df3576e129ec20d34d05e85",
    "owningId": "Whf16PZWja",
    "relatedId": "54NNeeXdMy"
  },
  {
    "objectId": "5df3576e129ec20d34d05e90",
    "owningId": "N87N6IN4pz",
    "relatedId": "xiSDW9pmNI"
  },
  {
    "objectId": "5df3576e129ec20d34d05e91",
    "owningId": "N87N6IN4pz",
    "relatedId": "sMk9vEQ3is"
  },
  {
    "objectId": "5df3576e129ec20d34d05e8d",
    "owningId": "N87N6IN4pz",
    "relatedId": "JMzEyp4O5r"
  },
  {
    "objectId": "5df3576e129ec20d34d05e8f",
    "owningId": "N87N6IN4pz",
    "relatedId": "sPOwjHt6Io"
  },
  {
    "objectId": "5df3576e129ec20d34d05e9d",
    "owningId": "Whf16PZWja",
    "relatedId": "Emoe43eGSa"
  },
  {
    "objectId": "5df3576e129ec20d34d05e9c",
    "owningId": "EK0aAOqjpF",
    "relatedId": "azMYeMwfpm"
  },
  {
    "objectId": "5df3576e129ec20d34d05eaa",
    "owningId": "EK0aAOqjpF",
    "relatedId": "Qlu31PH9Xi"
  },
  {
    "objectId": "5df3576e129ec20d34d05eab",
    "owningId": "EK0aAOqjpF",
    "relatedId": "XYFxIGEiWS"
  },
  {
    "objectId": "5df3576e129ec20d34d05eac",
    "owningId": "EK0aAOqjpF",
    "relatedId": "EyHHk7kQJl"
  },
  {
    "objectId": "5df3576e129ec20d34d05ead",
    "owningId": "EK0aAOqjpF",
    "relatedId": "xiSDW9pmNI"
  },
  {
    "objectId": "5df3576e129ec20d34d05eaf",
    "owningId": "EK0aAOqjpF",
    "relatedId": "0mL72PhOOP"
  },
  {
    "objectId": "5df3576e129ec20d34d05eb5",
    "owningId": "EK0aAOqjpF",
    "relatedId": "UMRO4QALUg"
  },
  {
    "objectId": "5df3576e129ec20d34d05eb4",
    "owningId": "EK0aAOqjpF",
    "relatedId": "JMzEyp4O5r"
  },
  {
    "objectId": "5df3576e129ec20d34d05ebb",
    "owningId": "EK0aAOqjpF",
    "relatedId": "bEbhEzBRwz"
  },
  {
    "objectId": "5df3576e129ec20d34d05ebe",
    "owningId": "EK0aAOqjpF",
    "relatedId": "w2v5wEaY3E"
  },
  {
    "objectId": "5df3576e129ec20d34d05ec4",
    "owningId": "Whf16PZWja",
    "relatedId": "UMRO4QALUg"
  },
  {
    "objectId": "5df3576e129ec20d34d05ec3",
    "owningId": "EK0aAOqjpF",
    "relatedId": "4J70WOOJf8"
  },
  {
    "objectId": "5df3576e129ec20d34d05ec7",
    "owningId": "EK0aAOqjpF",
    "relatedId": "ECyo8AzZEs"
  },
  {
    "objectId": "5df3576e129ec20d34d05ec9",
    "owningId": "Whf16PZWja",
    "relatedId": "xEvzGfpbG9"
  },
  {
    "objectId": "5df3576e129ec20d34d05eca",
    "owningId": "Whf16PZWja",
    "relatedId": "yaoBGQ0P7I"
  },
  {
    "objectId": "5df3576e129ec20d34d05ece",
    "owningId": "Whf16PZWja",
    "relatedId": "azMYeMwfpm"
  },
  {
    "objectId": "5df3576e129ec20d34d05ecd",
    "owningId": "Whf16PZWja",
    "relatedId": "JSBlv2HpHI"
  },
  {
    "objectId": "5df3576e129ec20d34d05ed0",
    "owningId": "Whf16PZWja",
    "relatedId": "jBIoNBDlNs"
  },
  {
    "objectId": "5df3576e129ec20d34d05ed1",
    "owningId": "Whf16PZWja",
    "relatedId": "XYFxIGEiWS"
  },
  {
    "objectId": "5df3576e129ec20d34d05ed5",
    "owningId": "Whf16PZWja",
    "relatedId": "0mL72PhOOP"
  },
  {
    "objectId": "5df3576e129ec20d34d05ed7",
    "owningId": "EK0aAOqjpF",
    "relatedId": "zYlELYwRgC"
  },
  {
    "objectId": "5df3576e129ec20d34d05eda",
    "owningId": "EK0aAOqjpF",
    "relatedId": "jBIoNBDlNs"
  },
  {
    "objectId": "5df3576e129ec20d34d05ed9",
    "owningId": "EK0aAOqjpF",
    "relatedId": "yaoBGQ0P7I"
  },
  {
    "objectId": "5df3576e129ec20d34d05edb",
    "owningId": "EK0aAOqjpF",
    "relatedId": "Emoe43eGSa"
  },
  {
    "objectId": "5df3576e129ec20d34d05edc",
    "owningId": "EK0aAOqjpF",
    "relatedId": "bmCjOUXP1a"
  },
  {
    "objectId": "5df3576e129ec20d34d05ede",
    "owningId": "EK0aAOqjpF",
    "relatedId": "qMeThfNEha"
  },
  {
    "objectId": "5df3576e129ec20d34d05edd",
    "owningId": "EK0aAOqjpF",
    "relatedId": "sPOwjHt6Io"
  },
  {
    "objectId": "5df3576f129ec20d34d05ee0",
    "owningId": "EK0aAOqjpF",
    "relatedId": "Zlz2RMqA0d"
  },
  {
    "objectId": "5df35ab9129ec20d34d06061",
    "owningId": "absaiCHEBc",
    "relatedId": "1nRIZGTsCQ"
  },
  {
    "objectId": "5df35ab9129ec20d34d0605e",
    "owningId": "absaiCHEBc",
    "relatedId": "0dkQlK27Ri"
  },
  {
    "objectId": "5df35ab9129ec20d34d06072",
    "owningId": "Z8aoioLpWJ",
    "relatedId": "K64vvb7qnM"
  },
  {
    "objectId": "5df35ab9129ec20d34d060b8",
    "owningId": "JGuSRx3wce",
    "relatedId": "WHjRnRc207"
  },
  {
    "objectId": "5df35ab9129ec20d34d060b3",
    "owningId": "JGuSRx3wce",
    "relatedId": "1ZKNH6fqwX"
  },
  {
    "objectId": "5df35ab9129ec20d34d060b1",
    "owningId": "JGuSRx3wce",
    "relatedId": "K64vvb7qnM"
  },
  {
    "objectId": "5df35ab9129ec20d34d060ba",
    "owningId": "JGuSRx3wce",
    "relatedId": "R6Eq2V5pTZ"
  },
  {
    "objectId": "5df35ab9129ec20d34d060bc",
    "owningId": "GJxBPYrMSj",
    "relatedId": "k0DvOEau2I"
  },
  {
    "objectId": "5df35ab9129ec20d34d060c1",
    "owningId": "GJxBPYrMSj",
    "relatedId": "8MNtlSuSCS"
  },
  {
    "objectId": "5df35ab9129ec20d34d060c5",
    "owningId": "GJxBPYrMSj",
    "relatedId": "BryOm6f3XQ"
  },
  {
    "objectId": "5df35ab9129ec20d34d060c8",
    "owningId": "GJxBPYrMSj",
    "relatedId": "QhQ8fpUe6c"
  },
  {
    "objectId": "5df35ab9129ec20d34d060ca",
    "owningId": "GJxBPYrMSj",
    "relatedId": "uCmMnTz4Ee"
  },
  {
    "objectId": "5df35ab9129ec20d34d060c6",
    "owningId": "GJxBPYrMSj",
    "relatedId": "1ZKNH6fqwX"
  },
  {
    "objectId": "5df35ab9129ec20d34d060cc",
    "owningId": "GJxBPYrMSj",
    "relatedId": "0dkQlK27Ri"
  },
  {
    "objectId": "5df35ab9129ec20d34d060ce",
    "owningId": "GJxBPYrMSj",
    "relatedId": "K64vvb7qnM"
  },
  {
    "objectId": "5df35ab9129ec20d34d060d3",
    "owningId": "GJxBPYrMSj",
    "relatedId": "yw81OLpyq1"
  },
  {
    "objectId": "5df35ab9129ec20d34d060d0",
    "owningId": "GJxBPYrMSj",
    "relatedId": "dVoCXoDR1V"
  },
  {
    "objectId": "5df35ab9129ec20d34d060d1",
    "owningId": "GJxBPYrMSj",
    "relatedId": "3lGcKgvt3H"
  },
  {
    "objectId": "5df35ab9129ec20d34d060d5",
    "owningId": "GJxBPYrMSj",
    "relatedId": "BPDpGD2z6m"
  },
  {
    "objectId": "5df35ab9129ec20d34d060cf",
    "owningId": "GJxBPYrMSj",
    "relatedId": "8Q0ROnSCsG"
  },
  {
    "objectId": "5df35ab9129ec20d34d060d6",
    "owningId": "GJxBPYrMSj",
    "relatedId": "Jwf4ClQ2Le"
  },
  {
    "objectId": "5df35ab9129ec20d34d060d8",
    "owningId": "GJxBPYrMSj",
    "relatedId": "heHsv0Fc6K"
  },
  {
    "objectId": "5df35ab9129ec20d34d060d7",
    "owningId": "GJxBPYrMSj",
    "relatedId": "wT20C1NjME"
  },
  {
    "objectId": "5df35ab9129ec20d34d060da",
    "owningId": "GJxBPYrMSj",
    "relatedId": "IjL2NRxW9C"
  },
  {
    "objectId": "5df35ab9129ec20d34d060de",
    "owningId": "GJxBPYrMSj",
    "relatedId": "1XhkyTrmOQ"
  },
  {
    "objectId": "5df35ab9129ec20d34d060d9",
    "owningId": "GJxBPYrMSj",
    "relatedId": "LrLczwtmVn"
  },
  {
    "objectId": "5df35ab9129ec20d34d060e0",
    "owningId": "GJxBPYrMSj",
    "relatedId": "edC4wCvqnI"
  },
  {
    "objectId": "5df35ab9129ec20d34d0610f",
    "owningId": "absaiCHEBc",
    "relatedId": "crgHfgrE3D"
  },
  {
    "objectId": "5df35ab9129ec20d34d0611d",
    "owningId": "C48syQ0LWn",
    "relatedId": "Jwf4ClQ2Le"
  },
  {
    "objectId": "5df35ab9129ec20d34d06121",
    "owningId": "C48syQ0LWn",
    "relatedId": "0dkQlK27Ri"
  },
  {
    "objectId": "5df35ab9129ec20d34d06123",
    "owningId": "C48syQ0LWn",
    "relatedId": "MYo47EmWhc"
  },
  {
    "objectId": "5df35ab9129ec20d34d06125",
    "owningId": "C48syQ0LWn",
    "relatedId": "ejmjHN3Hxp"
  },
  {
    "objectId": "5df35ab9129ec20d34d06122",
    "owningId": "C48syQ0LWn",
    "relatedId": "qtSqsjFE8M"
  },
  {
    "objectId": "5df35ab9129ec20d34d06128",
    "owningId": "C48syQ0LWn",
    "relatedId": "DcU3XzNv96"
  },
  {
    "objectId": "5df35ab9129ec20d34d0612c",
    "owningId": "C48syQ0LWn",
    "relatedId": "K64vvb7qnM"
  },
  {
    "objectId": "5df35ab9129ec20d34d0612d",
    "owningId": "C48syQ0LWn",
    "relatedId": "1ZKNH6fqwX"
  },
  {
    "objectId": "5df35ab9129ec20d34d0612f",
    "owningId": "C48syQ0LWn",
    "relatedId": "OANO7UDvjF"
  },
  {
    "objectId": "5df35ab9129ec20d34d06132",
    "owningId": "C48syQ0LWn",
    "relatedId": "rRaksCHjPP"
  },
  {
    "objectId": "5df35ab9129ec20d34d06134",
    "owningId": "C48syQ0LWn",
    "relatedId": "xXYFd0SmIc"
  },
  {
    "objectId": "5df35ab9129ec20d34d06133",
    "owningId": "C48syQ0LWn",
    "relatedId": "dVoCXoDR1V"
  },
  {
    "objectId": "5df35ab9129ec20d34d0613f",
    "owningId": "absaiCHEBc",
    "relatedId": "K64vvb7qnM"
  },
  {
    "objectId": "5df35ab9129ec20d34d0613c",
    "owningId": "C48syQ0LWn",
    "relatedId": "uCmMnTz4Ee"
  },
  {
    "objectId": "5df35ab9129ec20d34d0613d",
    "owningId": "absaiCHEBc",
    "relatedId": "1ZKNH6fqwX"
  },
  {
    "objectId": "5df35ab9129ec20d34d0613e",
    "owningId": "C48syQ0LWn",
    "relatedId": "mwMl4gHasJ"
  },
  {
    "objectId": "5df35ab9129ec20d34d06144",
    "owningId": "Z8aoioLpWJ",
    "relatedId": "1ZKNH6fqwX"
  },
  {
    "objectId": "5df35ab9129ec20d34d06149",
    "owningId": "Z8aoioLpWJ",
    "relatedId": "ct5vu8k5Ul"
  },
  {
    "objectId": "5df35ab9129ec20d34d0614c",
    "owningId": "Z8aoioLpWJ",
    "relatedId": "AHOk6fzFES"
  },
  {
    "objectId": "5df35ab9129ec20d34d0614b",
    "owningId": "Z8aoioLpWJ",
    "relatedId": "1nRIZGTsCQ"
  },
  {
    "objectId": "5df35aba129ec20d34d0615e",
    "owningId": "JGuSRx3wce",
    "relatedId": "1nRIZGTsCQ"
  },
  {
    "objectId": "5df35aba129ec20d34d06160",
    "owningId": "JGuSRx3wce",
    "relatedId": "D8RfRGvd8p"
  },
  {
    "objectId": "5df35aba129ec20d34d06164",
    "owningId": "JGuSRx3wce",
    "relatedId": "AHOk6fzFES"
  },
  {
    "objectId": "5df35aba129ec20d34d06165",
    "owningId": "JGuSRx3wce",
    "relatedId": "0dkQlK27Ri"
  },
  {
    "objectId": "5df35aba129ec20d34d06166",
    "owningId": "JGuSRx3wce",
    "relatedId": "dVoCXoDR1V"
  },
  {
    "objectId": "5df35aba129ec20d34d06189",
    "owningId": "3XBhh1SFap",
    "relatedId": "1ZKNH6fqwX"
  },
  {
    "objectId": "5df35aba129ec20d34d0618c",
    "owningId": "3XBhh1SFap",
    "relatedId": "dVoCXoDR1V"
  },
  {
    "objectId": "5df35aba129ec20d34d0618b",
    "owningId": "3XBhh1SFap",
    "relatedId": "wT20C1NjME"
  },
  {
    "objectId": "5df35aba129ec20d34d06192",
    "owningId": "3XBhh1SFap",
    "relatedId": "AHldL9dXlP"
  },
  {
    "objectId": "5df35aba129ec20d34d06191",
    "owningId": "3XBhh1SFap",
    "relatedId": "rRaksCHjPP"
  },
  {
    "objectId": "5df35aba129ec20d34d0618f",
    "owningId": "3XBhh1SFap",
    "relatedId": "QhQ8fpUe6c"
  },
  {
    "objectId": "5df35aba129ec20d34d0618e",
    "owningId": "3XBhh1SFap",
    "relatedId": "heHsv0Fc6K"
  },
  {
    "objectId": "5df35aba129ec20d34d06190",
    "owningId": "3XBhh1SFap",
    "relatedId": "qtSqsjFE8M"
  },
  {
    "objectId": "5df35aba129ec20d34d061b7",
    "owningId": "3XBhh1SFap",
    "relatedId": "yw81OLpyq1"
  },
  {
    "objectId": "5df35aba129ec20d34d061b6",
    "owningId": "3XBhh1SFap",
    "relatedId": "1nRIZGTsCQ"
  },
  {
    "objectId": "5df35aba129ec20d34d061ba",
    "owningId": "3XBhh1SFap",
    "relatedId": "OANO7UDvjF"
  },
  {
    "objectId": "5df35aba129ec20d34d061bd",
    "owningId": "3XBhh1SFap",
    "relatedId": "ejmjHN3Hxp"
  },
  {
    "objectId": "5df35aba129ec20d34d061be",
    "owningId": "3XBhh1SFap",
    "relatedId": "K64vvb7qnM"
  },
  {
    "objectId": "5df35aba129ec20d34d061c0",
    "owningId": "3XBhh1SFap",
    "relatedId": "BPDpGD2z6m"
  },
  {
    "objectId": "5df35aba129ec20d34d061c2",
    "owningId": "3XBhh1SFap",
    "relatedId": "0dkQlK27Ri"
  },
  {
    "objectId": "5df35aba129ec20d34d061c1",
    "owningId": "3XBhh1SFap",
    "relatedId": "edC4wCvqnI"
  },
  {
    "objectId": "5df35aba129ec20d34d061c4",
    "owningId": "3XBhh1SFap",
    "relatedId": "DcU3XzNv96"
  },
  {
    "objectId": "5df35aba129ec20d34d061c3",
    "owningId": "3XBhh1SFap",
    "relatedId": "IjL2NRxW9C"
  },
  {
    "objectId": "5df35aba129ec20d34d061c5",
    "owningId": "3XBhh1SFap",
    "relatedId": "MYo47EmWhc"
  },
  {
    "objectId": "5df35aba129ec20d34d061c6",
    "owningId": "3XBhh1SFap",
    "relatedId": "BoS2xWpcpW"
  },
  {
    "objectId": "5df3d17b129ec20d34d06984",
    "owningId": "G9lujlgD6e",
    "relatedId": "6R93ivfKVw"
  },
  {
    "objectId": "5df3d17b129ec20d34d0698d",
    "owningId": "G9lujlgD6e",
    "relatedId": "L55azYFYAx"
  },
  {
    "objectId": "5df3d17b129ec20d34d0698c",
    "owningId": "G9lujlgD6e",
    "relatedId": "fgwtzyouHH"
  },
  {
    "objectId": "5df3d17b129ec20d34d06992",
    "owningId": "vIXV6okxrR",
    "relatedId": "Ibl1aWDEcB"
  },
  {
    "objectId": "5df3d17b129ec20d34d0698f",
    "owningId": "G9lujlgD6e",
    "relatedId": "mFfHZvR386"
  },
  {
    "objectId": "5df3d17b129ec20d34d0698a",
    "owningId": "G9lujlgD6e",
    "relatedId": "YbkbfU6g5S"
  },
  {
    "objectId": "5df3d17b129ec20d34d0699c",
    "owningId": "vIXV6okxrR",
    "relatedId": "fgwtzyouHH"
  },
  {
    "objectId": "5df3d17b129ec20d34d069d6",
    "owningId": "f3fhjjGFjZ",
    "relatedId": "ZcDnfHcZwz"
  },
  {
    "objectId": "5df3d17b129ec20d34d069d0",
    "owningId": "f3fhjjGFjZ",
    "relatedId": "mFfHZvR386"
  },
  {
    "objectId": "5df3d17b129ec20d34d069e3",
    "owningId": "f3fhjjGFjZ",
    "relatedId": "YoUYCZnb6W"
  },
  {
    "objectId": "5df3d17b129ec20d34d069dc",
    "owningId": "0F0k8lV3Ms",
    "relatedId": "6R93ivfKVw"
  },
  {
    "objectId": "5df3d17b129ec20d34d069e4",
    "owningId": "0F0k8lV3Ms",
    "relatedId": "2lzZKWDeo1"
  },
  {
    "objectId": "5df3d17b129ec20d34d069de",
    "owningId": "f3fhjjGFjZ",
    "relatedId": "L55azYFYAx"
  },
  {
    "objectId": "5df3d17b129ec20d34d069e1",
    "owningId": "f3fhjjGFjZ",
    "relatedId": "6R93ivfKVw"
  },
  {
    "objectId": "5df3d17b129ec20d34d069e2",
    "owningId": "f3fhjjGFjZ",
    "relatedId": "Ibl1aWDEcB"
  },
  {
    "objectId": "5df3d17b129ec20d34d069e8",
    "owningId": "f3fhjjGFjZ",
    "relatedId": "fgwtzyouHH"
  },
  {
    "objectId": "5df3d17b129ec20d34d069e5",
    "owningId": "f3fhjjGFjZ",
    "relatedId": "3Zf2YZLHUE"
  },
  {
    "objectId": "5df3d17b129ec20d34d069e7",
    "owningId": "0F0k8lV3Ms",
    "relatedId": "pRy40KC0Wd"
  },
  {
    "objectId": "5df3d17b129ec20d34d069e9",
    "owningId": "0F0k8lV3Ms",
    "relatedId": "RnbB4i3WR6"
  },
  {
    "objectId": "5df3d17b129ec20d34d069eb",
    "owningId": "f3fhjjGFjZ",
    "relatedId": "kYsCxiT4ie"
  },
  {
    "objectId": "5df3d17b129ec20d34d06a16",
    "owningId": "vIXV6okxrR",
    "relatedId": "mFfHZvR386"
  },
  {
    "objectId": "5df3d17b129ec20d34d06a1d",
    "owningId": "vIXV6okxrR",
    "relatedId": "C0i0CI5sFb"
  },
  {
    "objectId": "5df3d17b129ec20d34d06a1a",
    "owningId": "vIXV6okxrR",
    "relatedId": "6R93ivfKVw"
  },
  {
    "objectId": "5df3d17b129ec20d34d06a37",
    "owningId": "0F0k8lV3Ms",
    "relatedId": "ApKkVk3H8S"
  },
  {
    "objectId": "5df3d17b129ec20d34d06a40",
    "owningId": "0F0k8lV3Ms",
    "relatedId": "7AOLBsJCN1"
  },
  {
    "objectId": "5df3d17b129ec20d34d06a45",
    "owningId": "0F0k8lV3Ms",
    "relatedId": "er5tr3gC68"
  },
  {
    "objectId": "5df3d17b129ec20d34d06a51",
    "owningId": "0F0k8lV3Ms",
    "relatedId": "I2UI4bWsxX"
  },
  {
    "objectId": "5df3d17b129ec20d34d06a5d",
    "owningId": "7mCsz2IBgk",
    "relatedId": "ApKkVk3H8S"
  },
  {
    "objectId": "5df3d17b129ec20d34d06a58",
    "owningId": "7mCsz2IBgk",
    "relatedId": "2GbLCe7ErK"
  },
  {
    "objectId": "5df3d17b129ec20d34d06a57",
    "owningId": "7mCsz2IBgk",
    "relatedId": "6R93ivfKVw"
  },
  {
    "objectId": "5df3d17b129ec20d34d06a5e",
    "owningId": "7mCsz2IBgk",
    "relatedId": "Ibl1aWDEcB"
  },
  {
    "objectId": "5df3d17b129ec20d34d06a65",
    "owningId": "7mCsz2IBgk",
    "relatedId": "CB7NINGFPe"
  },
  {
    "objectId": "5df3d17b129ec20d34d06a5f",
    "owningId": "7mCsz2IBgk",
    "relatedId": "BPrOF0gCKu"
  },
  {
    "objectId": "5df3d17b129ec20d34d06a61",
    "owningId": "7mCsz2IBgk",
    "relatedId": "LhXFAUVORn"
  },
  {
    "objectId": "5df3d17b129ec20d34d06a62",
    "owningId": "7mCsz2IBgk",
    "relatedId": "fgwtzyouHH"
  },
  {
    "objectId": "5df3d17b129ec20d34d06a6c",
    "owningId": "7mCsz2IBgk",
    "relatedId": "YoUYCZnb6W"
  },
  {
    "objectId": "5df3d17b129ec20d34d06a66",
    "owningId": "7mCsz2IBgk",
    "relatedId": "FVnV5tnNLk"
  },
  {
    "objectId": "5df3d17b129ec20d34d06a67",
    "owningId": "7mCsz2IBgk",
    "relatedId": "bQL6iP3WxH"
  },
  {
    "objectId": "5df3d17b129ec20d34d06a69",
    "owningId": "7mCsz2IBgk",
    "relatedId": "0H0B6tQ4qW"
  },
  {
    "objectId": "5df3d17b129ec20d34d06a6d",
    "owningId": "0F0k8lV3Ms",
    "relatedId": "fgwtzyouHH"
  },
  {
    "objectId": "5df3d17b129ec20d34d06a6e",
    "owningId": "7mCsz2IBgk",
    "relatedId": "5X6We9qKDl"
  },
  {
    "objectId": "5df3d17b129ec20d34d06a6f",
    "owningId": "0F0k8lV3Ms",
    "relatedId": "Ibl1aWDEcB"
  },
  {
    "objectId": "5df3d17b129ec20d34d06a70",
    "owningId": "7mCsz2IBgk",
    "relatedId": "XpzykkRypS"
  },
  {
    "objectId": "5df3d17b129ec20d34d06a71",
    "owningId": "0F0k8lV3Ms",
    "relatedId": "pI9R9BtoOd"
  },
  {
    "objectId": "5df3d17b129ec20d34d06a72",
    "owningId": "0F0k8lV3Ms",
    "relatedId": "YoUYCZnb6W"
  },
  {
    "objectId": "5df3d17b129ec20d34d06a73",
    "owningId": "0F0k8lV3Ms",
    "relatedId": "Gy0RWmi8qD"
  },
  {
    "objectId": "5df3d17b129ec20d34d06a74",
    "owningId": "0F0k8lV3Ms",
    "relatedId": "2GbLCe7ErK"
  },
  {
    "objectId": "5df3d17b129ec20d34d06a75",
    "owningId": "0F0k8lV3Ms",
    "relatedId": "6VAGG4QldJ"
  },
  {
    "objectId": "5df3d17b129ec20d34d06a77",
    "owningId": "0F0k8lV3Ms",
    "relatedId": "qDnwmLEjYM"
  },
  {
    "objectId": "5df3d17b129ec20d34d06a76",
    "owningId": "0F0k8lV3Ms",
    "relatedId": "j7yUyMUAk6"
  },
  {
    "objectId": "5df3d17b129ec20d34d06a79",
    "owningId": "0F0k8lV3Ms",
    "relatedId": "IBXZBWhqiw"
  },
  {
    "objectId": "5df3d17b129ec20d34d06a7a",
    "owningId": "0F0k8lV3Ms",
    "relatedId": "TDFT1DMvpH"
  },
  {
    "objectId": "5df3d17b129ec20d34d06a78",
    "owningId": "0F0k8lV3Ms",
    "relatedId": "CJS7utY5p9"
  },
  {
    "objectId": "5df3d2c4129ec20d34d06ba3",
    "owningId": "St6JiVMbO0",
    "relatedId": "3b3k8wODLA"
  },
  {
    "objectId": "5df3d2c4129ec20d34d06ba4",
    "owningId": "St6JiVMbO0",
    "relatedId": "sDCNZS8nmq"
  },
  {
    "objectId": "5df3d2c4129ec20d34d06ba2",
    "owningId": "St6JiVMbO0",
    "relatedId": "ePC0XPwpZC"
  },
  {
    "objectId": "5df3d2c4129ec20d34d06ba7",
    "owningId": "St6JiVMbO0",
    "relatedId": "ik0jiXgojE"
  },
  {
    "objectId": "5df3d2c4129ec20d34d06ba8",
    "owningId": "St6JiVMbO0",
    "relatedId": "4d3BSp2vuQ"
  },
  {
    "objectId": "5df3d2c4129ec20d34d06bea",
    "owningId": "uxLEBX5BfJ",
    "relatedId": "3b3k8wODLA"
  },
  {
    "objectId": "5df3d2c4129ec20d34d06bf6",
    "owningId": "uxLEBX5BfJ",
    "relatedId": "4d3BSp2vuQ"
  },
  {
    "objectId": "5df3d2c4129ec20d34d06bf8",
    "owningId": "uxLEBX5BfJ",
    "relatedId": "ePC0XPwpZC"
  },
  {
    "objectId": "5df3d2c4129ec20d34d06bf2",
    "owningId": "uxLEBX5BfJ",
    "relatedId": "sYaTpcbGSv"
  },
  {
    "objectId": "5df3d2c4129ec20d34d06bfa",
    "owningId": "uxLEBX5BfJ",
    "relatedId": "ik0jiXgojE"
  },
  {
    "objectId": "5df3d2c4129ec20d34d06bfc",
    "owningId": "uxLEBX5BfJ",
    "relatedId": "8dTz96ueSJ"
  },
  {
    "objectId": "5df3d2c4129ec20d34d06bf1",
    "owningId": "uxLEBX5BfJ",
    "relatedId": "FzERCgLPGO"
  },
  {
    "objectId": "5df3d2c4129ec20d34d06c02",
    "owningId": "uxLEBX5BfJ",
    "relatedId": "86qdOqEGTF"
  },
  {
    "objectId": "5df3d2c4129ec20d34d06c01",
    "owningId": "uxLEBX5BfJ",
    "relatedId": "fdLjVELHq6"
  },
  {
    "objectId": "5df3d2c4129ec20d34d06c2c",
    "owningId": "umV1r61yyF",
    "relatedId": "3UAd9B4eTA"
  },
  {
    "objectId": "5df3d2c4129ec20d34d06c26",
    "owningId": "umV1r61yyF",
    "relatedId": "4d3BSp2vuQ"
  },
  {
    "objectId": "5df3d2c4129ec20d34d06c29",
    "owningId": "umV1r61yyF",
    "relatedId": "y77mGqirU3"
  },
  {
    "objectId": "5df3d2c4129ec20d34d06c37",
    "owningId": "umV1r61yyF",
    "relatedId": "ik0jiXgojE"
  },
  {
    "objectId": "5df3d2c4129ec20d34d06c32",
    "owningId": "umV1r61yyF",
    "relatedId": "3b3k8wODLA"
  },
  {
    "objectId": "5df3d2c4129ec20d34d06c31",
    "owningId": "umV1r61yyF",
    "relatedId": "3nkUz8CDwU"
  },
  {
    "objectId": "5df3d2c4129ec20d34d06c38",
    "owningId": "umV1r61yyF",
    "relatedId": "86qdOqEGTF"
  },
  {
    "objectId": "5df3d2c4129ec20d34d06c35",
    "owningId": "umV1r61yyF",
    "relatedId": "yPmG7SoZDT"
  },
  {
    "objectId": "5df3d2c4129ec20d34d06c3a",
    "owningId": "umV1r61yyF",
    "relatedId": "ePC0XPwpZC"
  },
  {
    "objectId": "5df3d2c4129ec20d34d06c3b",
    "owningId": "umV1r61yyF",
    "relatedId": "YzMDe3ndRA"
  },
  {
    "objectId": "5df3d2c4129ec20d34d06c3e",
    "owningId": "umV1r61yyF",
    "relatedId": "CeFr2tz78W"
  },
  {
    "objectId": "5df3d2c4129ec20d34d06c3f",
    "owningId": "umV1r61yyF",
    "relatedId": "c1iw5K8qz5"
  },
  {
    "objectId": "5df3d2c4129ec20d34d06c42",
    "owningId": "umV1r61yyF",
    "relatedId": "4aK0PbFanY"
  },
  {
    "objectId": "5df3d2c4129ec20d34d06c41",
    "owningId": "umV1r61yyF",
    "relatedId": "l3gk6A9m7P"
  },
  {
    "objectId": "5df3d2c4129ec20d34d06c47",
    "owningId": "umV1r61yyF",
    "relatedId": "7a0oGpk74s"
  },
  {
    "objectId": "5df3d2c4129ec20d34d06c40",
    "owningId": "umV1r61yyF",
    "relatedId": "QF9q4HwZRT"
  },
  {
    "objectId": "5df3d2c4129ec20d34d06c43",
    "owningId": "umV1r61yyF",
    "relatedId": "4EqczzWEG3"
  },
  {
    "objectId": "5df3d2c4129ec20d34d06c48",
    "owningId": "umV1r61yyF",
    "relatedId": "O0go2dYiHM"
  },
  {
    "objectId": "5df3d2c4129ec20d34d06c46",
    "owningId": "umV1r61yyF",
    "relatedId": "anVhWt6sY3"
  },
  {
    "objectId": "5df3d2c4129ec20d34d06c49",
    "owningId": "umV1r61yyF",
    "relatedId": "PKmigUWiwm"
  },
  {
    "objectId": "5df3d2c4129ec20d34d06c68",
    "owningId": "2xJIO01dk2",
    "relatedId": "ePC0XPwpZC"
  },
  {
    "objectId": "5df3d2c4129ec20d34d06c6d",
    "owningId": "2xJIO01dk2",
    "relatedId": "QyIdxUMUEx"
  },
  {
    "objectId": "5df3d2c4129ec20d34d06c6f",
    "owningId": "2xJIO01dk2",
    "relatedId": "N7O4MYFCSJ"
  },
  {
    "objectId": "5df3d2c4129ec20d34d06c70",
    "owningId": "2xJIO01dk2",
    "relatedId": "4d3BSp2vuQ"
  },
  {
    "objectId": "5df3d2c4129ec20d34d06c71",
    "owningId": "2xJIO01dk2",
    "relatedId": "49tiOSGHuN"
  },
  {
    "objectId": "5df3d2c4129ec20d34d06c6e",
    "owningId": "2xJIO01dk2",
    "relatedId": "ik0jiXgojE"
  },
  {
    "objectId": "5df3d2c4129ec20d34d06c73",
    "owningId": "2xJIO01dk2",
    "relatedId": "r1k8wxe5hS"
  },
  {
    "objectId": "5df3d2c4129ec20d34d06c72",
    "owningId": "2xJIO01dk2",
    "relatedId": "6bTcNkFqJw"
  },
  {
    "objectId": "5df3d2c4129ec20d34d06c74",
    "owningId": "2xJIO01dk2",
    "relatedId": "86qdOqEGTF"
  },
  {
    "objectId": "5df3d2c4129ec20d34d06c76",
    "owningId": "2xJIO01dk2",
    "relatedId": "lYBI6bf2Ef"
  },
  {
    "objectId": "5df3d2c4129ec20d34d06c75",
    "owningId": "2xJIO01dk2",
    "relatedId": "PGstjv91WT"
  },
  {
    "objectId": "5df3d2c4129ec20d34d06c77",
    "owningId": "2xJIO01dk2",
    "relatedId": "WKYbPeL3II"
  },
  {
    "objectId": "5df3d2c4129ec20d34d06c78",
    "owningId": "2xJIO01dk2",
    "relatedId": "4aK0PbFanY"
  },
  {
    "objectId": "5df3d2c4129ec20d34d06c79",
    "owningId": "2xJIO01dk2",
    "relatedId": "rZ3iWk57zF"
  },
  {
    "objectId": "5df3d2c4129ec20d34d06c7a",
    "owningId": "2xJIO01dk2",
    "relatedId": "yPmG7SoZDT"
  },
  {
    "objectId": "5df3d2c4129ec20d34d06c7b",
    "owningId": "2xJIO01dk2",
    "relatedId": "y77mGqirU3"
  },
  {
    "objectId": "5df3d2c4129ec20d34d06c7e",
    "owningId": "2xJIO01dk2",
    "relatedId": "3UAd9B4eTA"
  },
  {
    "objectId": "5df3d2c4129ec20d34d06c7f",
    "owningId": "2xJIO01dk2",
    "relatedId": "CeFr2tz78W"
  },
  {
    "objectId": "5df3d2c4129ec20d34d06c7c",
    "owningId": "2xJIO01dk2",
    "relatedId": "O0go2dYiHM"
  },
  {
    "objectId": "5df3d2c4129ec20d34d06c7d",
    "owningId": "2xJIO01dk2",
    "relatedId": "c1iw5K8qz5"
  },
  {
    "objectId": "5df3d2c4129ec20d34d06cbc",
    "owningId": "vcatUNG8Sy",
    "relatedId": "ePC0XPwpZC"
  },
  {
    "objectId": "5df3d2c4129ec20d34d06cc0",
    "owningId": "vcatUNG8Sy",
    "relatedId": "86qdOqEGTF"
  },
  {
    "objectId": "5df3d2c4129ec20d34d06cc2",
    "owningId": "vcatUNG8Sy",
    "relatedId": "4d3BSp2vuQ"
  },
  {
    "objectId": "5df3d2c4129ec20d34d06cc5",
    "owningId": "vcatUNG8Sy",
    "relatedId": "QyIdxUMUEx"
  },
  {
    "objectId": "5df3d2c4129ec20d34d06cc3",
    "owningId": "vcatUNG8Sy",
    "relatedId": "49tiOSGHuN"
  },
  {
    "objectId": "5df3d2c4129ec20d34d06cc4",
    "owningId": "vcatUNG8Sy",
    "relatedId": "V58Wg4Eyv7"
  },
  {
    "objectId": "5df3d2c4129ec20d34d06cc9",
    "owningId": "vcatUNG8Sy",
    "relatedId": "ik0jiXgojE"
  },
  {
    "objectId": "5df3d2c4129ec20d34d06cc8",
    "owningId": "vcatUNG8Sy",
    "relatedId": "4EqczzWEG3"
  },
  {
    "objectId": "5df3d2c4129ec20d34d06cc7",
    "owningId": "vcatUNG8Sy",
    "relatedId": "wcHTFcJRlQ"
  },
  {
    "objectId": "5df3d2c4129ec20d34d06cca",
    "owningId": "vcatUNG8Sy",
    "relatedId": "YzMDe3ndRA"
  },
  {
    "objectId": "5df3d2c4129ec20d34d06ccb",
    "owningId": "vcatUNG8Sy",
    "relatedId": "QF9q4HwZRT"
  },
  {
    "objectId": "5df3d2c4129ec20d34d06ccd",
    "owningId": "vcatUNG8Sy",
    "relatedId": "PKmigUWiwm"
  },
  {
    "objectId": "5df3d2c4129ec20d34d06ccc",
    "owningId": "vcatUNG8Sy",
    "relatedId": "l3gk6A9m7P"
  },
  {
    "objectId": "5df3d2c4129ec20d34d06cce",
    "owningId": "vcatUNG8Sy",
    "relatedId": "3nkUz8CDwU"
  },
  {
    "objectId": "5df3d2c4129ec20d34d06ced",
    "owningId": "9XR29QutcM",
    "relatedId": "7A4XL5MlfP"
  },
  {
    "objectId": "5df3d2c4129ec20d34d06cee",
    "owningId": "9XR29QutcM",
    "relatedId": "ePC0XPwpZC"
  },
  {
    "objectId": "5df3d2c4129ec20d34d06cf2",
    "owningId": "9XR29QutcM",
    "relatedId": "sYaTpcbGSv"
  },
  {
    "objectId": "5df3d2c4129ec20d34d06cf4",
    "owningId": "9XR29QutcM",
    "relatedId": "3b3k8wODLA"
  },
  {
    "objectId": "5df3d2c4129ec20d34d06cf3",
    "owningId": "9XR29QutcM",
    "relatedId": "4d3BSp2vuQ"
  },
  {
    "objectId": "5df3d324129ec20d34d06eaa",
    "owningId": "o2UXkur4xZ",
    "relatedId": "0b3ESyvJJr"
  },
  {
    "objectId": "5df3d324129ec20d34d06ea7",
    "owningId": "o2UXkur4xZ",
    "relatedId": "dlgUCFFuuZ"
  },
  {
    "objectId": "5df3d324129ec20d34d06eac",
    "owningId": "o2UXkur4xZ",
    "relatedId": "kvrE2iJYun"
  },
  {
    "objectId": "5df3d324129ec20d34d06ea9",
    "owningId": "o2UXkur4xZ",
    "relatedId": "rnLnG9q3yH"
  },
  {
    "objectId": "5df3d324129ec20d34d06eab",
    "owningId": "o2UXkur4xZ",
    "relatedId": "7HJCIaccgr"
  },
  {
    "objectId": "5df3d324129ec20d34d06efa",
    "owningId": "hCjiCKfNqu",
    "relatedId": "rnLnG9q3yH"
  },
  {
    "objectId": "5df3d324129ec20d34d06f00",
    "owningId": "hCjiCKfNqu",
    "relatedId": "1u6vPdLczy"
  },
  {
    "objectId": "5df3d324129ec20d34d06f05",
    "owningId": "hCjiCKfNqu",
    "relatedId": "H7yElG63Jg"
  },
  {
    "objectId": "5df3d324129ec20d34d06efd",
    "owningId": "hCjiCKfNqu",
    "relatedId": "vgDIEn82UH"
  },
  {
    "objectId": "5df3d324129ec20d34d06f02",
    "owningId": "hCjiCKfNqu",
    "relatedId": "dlgUCFFuuZ"
  },
  {
    "objectId": "5df3d324129ec20d34d06f0a",
    "owningId": "hCjiCKfNqu",
    "relatedId": "oFXYcYWsGG"
  },
  {
    "objectId": "5df3d324129ec20d34d06f0f",
    "owningId": "hCjiCKfNqu",
    "relatedId": "gZVQzhZyv3"
  },
  {
    "objectId": "5df3d324129ec20d34d06f07",
    "owningId": "hCjiCKfNqu",
    "relatedId": "iRKXvYoVd5"
  },
  {
    "objectId": "5df3d324129ec20d34d06f0d",
    "owningId": "hCjiCKfNqu",
    "relatedId": "iBzQCMdR8S"
  },
  {
    "objectId": "5df3d324129ec20d34d06f0e",
    "owningId": "hCjiCKfNqu",
    "relatedId": "ZEU3CJ7ij2"
  },
  {
    "objectId": "5df3d324129ec20d34d06f0b",
    "owningId": "hCjiCKfNqu",
    "relatedId": "7HJCIaccgr"
  },
  {
    "objectId": "5df3d324129ec20d34d06f0c",
    "owningId": "hCjiCKfNqu",
    "relatedId": "MZiiFfl9Vm"
  },
  {
    "objectId": "5df3d324129ec20d34d06f14",
    "owningId": "hCjiCKfNqu",
    "relatedId": "DpVGlEWxLQ"
  },
  {
    "objectId": "5df3d324129ec20d34d06f15",
    "owningId": "hCjiCKfNqu",
    "relatedId": "VE6vY1iAqO"
  },
  {
    "objectId": "5df3d324129ec20d34d06f16",
    "owningId": "hCjiCKfNqu",
    "relatedId": "CxODEVlJZ5"
  },
  {
    "objectId": "5df3d324129ec20d34d06f11",
    "owningId": "hCjiCKfNqu",
    "relatedId": "02njHHYJLi"
  },
  {
    "objectId": "5df3d324129ec20d34d06f13",
    "owningId": "hCjiCKfNqu",
    "relatedId": "Si9xO7FuAe"
  },
  {
    "objectId": "5df3d324129ec20d34d06f17",
    "owningId": "hCjiCKfNqu",
    "relatedId": "zJCBfLOR72"
  },
  {
    "objectId": "5df3d324129ec20d34d06f1a",
    "owningId": "hCjiCKfNqu",
    "relatedId": "Ui6HG7ZS3O"
  },
  {
    "objectId": "5df3d324129ec20d34d06f18",
    "owningId": "hCjiCKfNqu",
    "relatedId": "ztNr2TVXrL"
  },
  {
    "objectId": "5df3d324129ec20d34d06f29",
    "owningId": "gy6h5lohFv",
    "relatedId": "MZiiFfl9Vm"
  },
  {
    "objectId": "5df3d324129ec20d34d06f25",
    "owningId": "gy6h5lohFv",
    "relatedId": "dlgUCFFuuZ"
  },
  {
    "objectId": "5df3d324129ec20d34d06f27",
    "owningId": "gy6h5lohFv",
    "relatedId": "7HJCIaccgr"
  },
  {
    "objectId": "5df3d324129ec20d34d06f28",
    "owningId": "gy6h5lohFv",
    "relatedId": "rnLnG9q3yH"
  },
  {
    "objectId": "5df3d324129ec20d34d06f2b",
    "owningId": "gy6h5lohFv",
    "relatedId": "TTkQhn5R5W"
  },
  {
    "objectId": "5df3d324129ec20d34d06f59",
    "owningId": "22WgxoErVl",
    "relatedId": "dlgUCFFuuZ"
  },
  {
    "objectId": "5df3d324129ec20d34d06f5b",
    "owningId": "22WgxoErVl",
    "relatedId": "0b3ESyvJJr"
  },
  {
    "objectId": "5df3d324129ec20d34d06f5a",
    "owningId": "22WgxoErVl",
    "relatedId": "rnLnG9q3yH"
  },
  {
    "objectId": "5df3d324129ec20d34d06f5f",
    "owningId": "22WgxoErVl",
    "relatedId": "7HJCIaccgr"
  },
  {
    "objectId": "5df3d324129ec20d34d06f68",
    "owningId": "22WgxoErVl",
    "relatedId": "jTsYAQ5B4l"
  },
  {
    "objectId": "5df3d324129ec20d34d06f66",
    "owningId": "22WgxoErVl",
    "relatedId": "MZiiFfl9Vm"
  },
  {
    "objectId": "5df3d324129ec20d34d06f7f",
    "owningId": "22WgxoErVl",
    "relatedId": "EYWc1glF4X"
  },
  {
    "objectId": "5df3d324129ec20d34d06f81",
    "owningId": "22WgxoErVl",
    "relatedId": "RDSGinEcvA"
  },
  {
    "objectId": "5df3d324129ec20d34d06f9e",
    "owningId": "f2hwb4CWUH",
    "relatedId": "MZiiFfl9Vm"
  },
  {
    "objectId": "5df3d324129ec20d34d06f92",
    "owningId": "22WgxoErVl",
    "relatedId": "02njHHYJLi"
  },
  {
    "objectId": "5df3d324129ec20d34d06fa2",
    "owningId": "f2hwb4CWUH",
    "relatedId": "DpVGlEWxLQ"
  },
  {
    "objectId": "5df3d324129ec20d34d06f9a",
    "owningId": "f2hwb4CWUH",
    "relatedId": "dlgUCFFuuZ"
  },
  {
    "objectId": "5df3d324129ec20d34d06fa3",
    "owningId": "f2hwb4CWUH",
    "relatedId": "Si9xO7FuAe"
  },
  {
    "objectId": "5df3d324129ec20d34d06fa4",
    "owningId": "f2hwb4CWUH",
    "relatedId": "rnLnG9q3yH"
  },
  {
    "objectId": "5df3d324129ec20d34d06fab",
    "owningId": "f2hwb4CWUH",
    "relatedId": "MKK4iLmZpt"
  },
  {
    "objectId": "5df3d324129ec20d34d06faa",
    "owningId": "f2hwb4CWUH",
    "relatedId": "ncJlaATSyt"
  },
  {
    "objectId": "5df3d324129ec20d34d06fb0",
    "owningId": "f2hwb4CWUH",
    "relatedId": "3Ab7fQHteN"
  },
  {
    "objectId": "5df3d324129ec20d34d06fa8",
    "owningId": "f2hwb4CWUH",
    "relatedId": "02njHHYJLi"
  },
  {
    "objectId": "5df3d324129ec20d34d06faf",
    "owningId": "f2hwb4CWUH",
    "relatedId": "YBjdTDh6zR"
  },
  {
    "objectId": "5df3d324129ec20d34d06fa6",
    "owningId": "f2hwb4CWUH",
    "relatedId": "H7yElG63Jg"
  },
  {
    "objectId": "5df3d324129ec20d34d06fa9",
    "owningId": "f2hwb4CWUH",
    "relatedId": "iBzQCMdR8S"
  },
  {
    "objectId": "5df3d324129ec20d34d06fae",
    "owningId": "f2hwb4CWUH",
    "relatedId": "zJCBfLOR72"
  },
  {
    "objectId": "5df3d324129ec20d34d06fac",
    "owningId": "f2hwb4CWUH",
    "relatedId": "ztNr2TVXrL"
  },
  {
    "objectId": "5df3d662129ec20d34d07103",
    "owningId": "erAysjHdDP",
    "relatedId": "e4h0X2EXgW"
  },
  {
    "objectId": "5df3d662129ec20d34d070fd",
    "owningId": "erAysjHdDP",
    "relatedId": "lQfYOnq0P0"
  },
  {
    "objectId": "5df3d662129ec20d34d07105",
    "owningId": "erAysjHdDP",
    "relatedId": "wy46XtuXZq"
  },
  {
    "objectId": "5df3d662129ec20d34d070fe",
    "owningId": "erAysjHdDP",
    "relatedId": "hb5nxGQc8a"
  },
  {
    "objectId": "5df3d662129ec20d34d07121",
    "owningId": "ik1vz4srLr",
    "relatedId": "z5OgwbPXp1"
  },
  {
    "objectId": "5df3d662129ec20d34d07129",
    "owningId": "ik1vz4srLr",
    "relatedId": "gIKCFXmKV3"
  },
  {
    "objectId": "5df3d662129ec20d34d07126",
    "owningId": "ik1vz4srLr",
    "relatedId": "4SAQKsoF3l"
  },
  {
    "objectId": "5df3d662129ec20d34d0711f",
    "owningId": "ik1vz4srLr",
    "relatedId": "hb5nxGQc8a"
  },
  {
    "objectId": "5df3d662129ec20d34d07132",
    "owningId": "ik1vz4srLr",
    "relatedId": "Chvu7yqK9M"
  },
  {
    "objectId": "5df3d662129ec20d34d0712c",
    "owningId": "ik1vz4srLr",
    "relatedId": "AZFZagCOg3"
  },
  {
    "objectId": "5df3d662129ec20d34d0712b",
    "owningId": "ik1vz4srLr",
    "relatedId": "YWVns6MSS3"
  },
  {
    "objectId": "5df3d662129ec20d34d07131",
    "owningId": "ik1vz4srLr",
    "relatedId": "T8sb9vHmXg"
  },
  {
    "objectId": "5df3d662129ec20d34d07133",
    "owningId": "ik1vz4srLr",
    "relatedId": "X5YfUngDK2"
  },
  {
    "objectId": "5df3d662129ec20d34d0712f",
    "owningId": "ik1vz4srLr",
    "relatedId": "xOzQDBCPhY"
  },
  {
    "objectId": "5df3d662129ec20d34d0712e",
    "owningId": "ik1vz4srLr",
    "relatedId": "4v8FON66Ke"
  },
  {
    "objectId": "5df3d662129ec20d34d07130",
    "owningId": "ik1vz4srLr",
    "relatedId": "H3yW6UuG6B"
  },
  {
    "objectId": "5df3d662129ec20d34d07135",
    "owningId": "ik1vz4srLr",
    "relatedId": "QSCighfdQC"
  },
  {
    "objectId": "5df3d662129ec20d34d07134",
    "owningId": "ik1vz4srLr",
    "relatedId": "lqwtphASg4"
  },
  {
    "objectId": "5df3d662129ec20d34d0716c",
    "owningId": "MdrCUIMj67",
    "relatedId": "4v8FON66Ke"
  },
  {
    "objectId": "5df3d662129ec20d34d0716d",
    "owningId": "erAysjHdDP",
    "relatedId": "YWVns6MSS3"
  },
  {
    "objectId": "5df3d662129ec20d34d07172",
    "owningId": "MdrCUIMj67",
    "relatedId": "YWVns6MSS3"
  },
  {
    "objectId": "5df3d662129ec20d34d07173",
    "owningId": "erAysjHdDP",
    "relatedId": "gIKCFXmKV3"
  },
  {
    "objectId": "5df3d662129ec20d34d07174",
    "owningId": "MdrCUIMj67",
    "relatedId": "7OMNW1IvtL"
  },
  {
    "objectId": "5df3d662129ec20d34d07175",
    "owningId": "MdrCUIMj67",
    "relatedId": "gIKCFXmKV3"
  },
  {
    "objectId": "5df3d662129ec20d34d07176",
    "owningId": "MdrCUIMj67",
    "relatedId": "hb5nxGQc8a"
  },
  {
    "objectId": "5df3d662129ec20d34d07178",
    "owningId": "erAysjHdDP",
    "relatedId": "XhnWhlnXVn"
  },
  {
    "objectId": "5df3d662129ec20d34d07177",
    "owningId": "MdrCUIMj67",
    "relatedId": "TijzUk1wjq"
  },
  {
    "objectId": "5df3d662129ec20d34d07179",
    "owningId": "MdrCUIMj67",
    "relatedId": "AZFZagCOg3"
  },
  {
    "objectId": "5df3d662129ec20d34d0717a",
    "owningId": "MdrCUIMj67",
    "relatedId": "Yf7aFAyLsn"
  },
  {
    "objectId": "5df3d662129ec20d34d0717b",
    "owningId": "erAysjHdDP",
    "relatedId": "kytEWRhGZ0"
  },
  {
    "objectId": "5df3d662129ec20d34d0717e",
    "owningId": "MdrCUIMj67",
    "relatedId": "X5YfUngDK2"
  },
  {
    "objectId": "5df3d662129ec20d34d07180",
    "owningId": "MdrCUIMj67",
    "relatedId": "HhVSEUNLYc"
  },
  {
    "objectId": "5df3d662129ec20d34d0717f",
    "owningId": "MdrCUIMj67",
    "relatedId": "X6ZedPWL6p"
  },
  {
    "objectId": "5df3d662129ec20d34d07190",
    "owningId": "MdrCUIMj67",
    "relatedId": "ub3Iowk2t9"
  },
  {
    "objectId": "5df3d662129ec20d34d0718f",
    "owningId": "MdrCUIMj67",
    "relatedId": "Kaz6OtQLXW"
  },
  {
    "objectId": "5df3d662129ec20d34d07192",
    "owningId": "EhhW2oGSAm",
    "relatedId": "gIKCFXmKV3"
  },
  {
    "objectId": "5df3d662129ec20d34d0718c",
    "owningId": "MdrCUIMj67",
    "relatedId": "cp6DBMAa0B"
  },
  {
    "objectId": "5df3d662129ec20d34d07195",
    "owningId": "EhhW2oGSAm",
    "relatedId": "hb5nxGQc8a"
  },
  {
    "objectId": "5df3d662129ec20d34d07193",
    "owningId": "erAysjHdDP",
    "relatedId": "X5YfUngDK2"
  },
  {
    "objectId": "5df3d662129ec20d34d07194",
    "owningId": "MdrCUIMj67",
    "relatedId": "2oBYxrrMwH"
  },
  {
    "objectId": "5df3d662129ec20d34d07196",
    "owningId": "MdrCUIMj67",
    "relatedId": "FchTRsqCHa"
  },
  {
    "objectId": "5df3d662129ec20d34d07197",
    "owningId": "MdrCUIMj67",
    "relatedId": "USrTF5NJE5"
  },
  {
    "objectId": "5df3d662129ec20d34d071a0",
    "owningId": "MdrCUIMj67",
    "relatedId": "oDXH2JCbdJ"
  },
  {
    "objectId": "5df3d662129ec20d34d07198",
    "owningId": "MdrCUIMj67",
    "relatedId": "PAu5RLlrYc"
  },
  {
    "objectId": "5df3d662129ec20d34d071a3",
    "owningId": "MdrCUIMj67",
    "relatedId": "B2OxvnymcT"
  },
  {
    "objectId": "5df3d662129ec20d34d071b0",
    "owningId": "Wk3dCI67wQ",
    "relatedId": "hcC3SCOxbj"
  },
  {
    "objectId": "5df3d662129ec20d34d071ae",
    "owningId": "Wk3dCI67wQ",
    "relatedId": "hb5nxGQc8a"
  },
  {
    "objectId": "5df3d662129ec20d34d071bd",
    "owningId": "EhhW2oGSAm",
    "relatedId": "YWVns6MSS3"
  },
  {
    "objectId": "5df3d662129ec20d34d071bf",
    "owningId": "EhhW2oGSAm",
    "relatedId": "lQfYOnq0P0"
  },
  {
    "objectId": "5df3d662129ec20d34d071c0",
    "owningId": "EhhW2oGSAm",
    "relatedId": "H9NBCoVlef"
  },
  {
    "objectId": "5df3d662129ec20d34d071f0",
    "owningId": "metAoBGOUb",
    "relatedId": "YWVns6MSS3"
  },
  {
    "objectId": "5df3d662129ec20d34d071f5",
    "owningId": "metAoBGOUb",
    "relatedId": "PAu5RLlrYc"
  },
  {
    "objectId": "5df3d662129ec20d34d071f3",
    "owningId": "metAoBGOUb",
    "relatedId": "gIKCFXmKV3"
  },
  {
    "objectId": "5df3d662129ec20d34d071ec",
    "owningId": "Wk3dCI67wQ",
    "relatedId": "YWVns6MSS3"
  },
  {
    "objectId": "5df3d662129ec20d34d071f2",
    "owningId": "metAoBGOUb",
    "relatedId": "Kaz6OtQLXW"
  },
  {
    "objectId": "5df3d662129ec20d34d071f4",
    "owningId": "metAoBGOUb",
    "relatedId": "oDXH2JCbdJ"
  },
  {
    "objectId": "5df3d662129ec20d34d071f6",
    "owningId": "metAoBGOUb",
    "relatedId": "4SAQKsoF3l"
  },
  {
    "objectId": "5df3d662129ec20d34d071f7",
    "owningId": "metAoBGOUb",
    "relatedId": "xOzQDBCPhY"
  },
  {
    "objectId": "5df3d662129ec20d34d071fa",
    "owningId": "metAoBGOUb",
    "relatedId": "85EAg5TSSC"
  },
  {
    "objectId": "5df3d662129ec20d34d071fb",
    "owningId": "Wk3dCI67wQ",
    "relatedId": "lQfYOnq0P0"
  },
  {
    "objectId": "5df3d662129ec20d34d07201",
    "owningId": "Wk3dCI67wQ",
    "relatedId": "kytEWRhGZ0"
  },
  {
    "objectId": "5df3d662129ec20d34d07227",
    "owningId": "metAoBGOUb",
    "relatedId": "X5YfUngDK2"
  },
  {
    "objectId": "5df3d662129ec20d34d07228",
    "owningId": "metAoBGOUb",
    "relatedId": "lQfYOnq0P0"
  },
  {
    "objectId": "5df3d662129ec20d34d07229",
    "owningId": "metAoBGOUb",
    "relatedId": "hb5nxGQc8a"
  },
  {
    "objectId": "5df3d662129ec20d34d0722c",
    "owningId": "metAoBGOUb",
    "relatedId": "FchTRsqCHa"
  },
  {
    "objectId": "5df3d662129ec20d34d0722a",
    "owningId": "metAoBGOUb",
    "relatedId": "B2OxvnymcT"
  },
  {
    "objectId": "5df3d662129ec20d34d0722b",
    "owningId": "metAoBGOUb",
    "relatedId": "USrTF5NJE5"
  },
  {
    "objectId": "5df3d662129ec20d34d0722e",
    "owningId": "metAoBGOUb",
    "relatedId": "z5OgwbPXp1"
  },
  {
    "objectId": "5df3d662129ec20d34d0722d",
    "owningId": "metAoBGOUb",
    "relatedId": "H3yW6UuG6B"
  },
  {
    "objectId": "5df3d662129ec20d34d0722f",
    "owningId": "metAoBGOUb",
    "relatedId": "ub3Iowk2t9"
  },
  {
    "objectId": "5df3d662129ec20d34d07231",
    "owningId": "metAoBGOUb",
    "relatedId": "4YZtJ5tSoF"
  },
  {
    "objectId": "5df3d662129ec20d34d07230",
    "owningId": "metAoBGOUb",
    "relatedId": "lqwtphASg4"
  },
  {
    "objectId": "5df3d662129ec20d34d07232",
    "owningId": "metAoBGOUb",
    "relatedId": "Chvu7yqK9M"
  },
  {
    "objectId": "5df3d710129ec20d34d0742e",
    "owningId": "ySERXwSQJt",
    "relatedId": "MAceNaOGZT"
  },
  {
    "objectId": "5df3d710129ec20d34d07433",
    "owningId": "ySERXwSQJt",
    "relatedId": "0hoZeCQnzs"
  },
  {
    "objectId": "5df3d710129ec20d34d07434",
    "owningId": "ySERXwSQJt",
    "relatedId": "bucrlQBaRD"
  },
  {
    "objectId": "5df3d710129ec20d34d0742f",
    "owningId": "ySERXwSQJt",
    "relatedId": "Ti27yLcoql"
  },
  {
    "objectId": "5df3d710129ec20d34d07435",
    "owningId": "ySERXwSQJt",
    "relatedId": "XPtN4pveDF"
  },
  {
    "objectId": "5df3d710129ec20d34d0748e",
    "owningId": "SSvOy4LW1d",
    "relatedId": "bucrlQBaRD"
  },
  {
    "objectId": "5df3d710129ec20d34d0748b",
    "owningId": "SSvOy4LW1d",
    "relatedId": "Ti27yLcoql"
  },
  {
    "objectId": "5df3d710129ec20d34d07494",
    "owningId": "SSvOy4LW1d",
    "relatedId": "uVQeICE8mb"
  },
  {
    "objectId": "5df3d710129ec20d34d07496",
    "owningId": "SSvOy4LW1d",
    "relatedId": "It0TdPV5mD"
  },
  {
    "objectId": "5df3d710129ec20d34d07495",
    "owningId": "SSvOy4LW1d",
    "relatedId": "qtYeHAGke1"
  },
  {
    "objectId": "5df3d710129ec20d34d0749e",
    "owningId": "SSvOy4LW1d",
    "relatedId": "Dv751WDhya"
  },
  {
    "objectId": "5df3d710129ec20d34d0749f",
    "owningId": "SSvOy4LW1d",
    "relatedId": "Xh6ExRuQqV"
  },
  {
    "objectId": "5df3d710129ec20d34d074a3",
    "owningId": "SSvOy4LW1d",
    "relatedId": "EpZWNQ3kA0"
  },
  {
    "objectId": "5df3d710129ec20d34d074a6",
    "owningId": "SSvOy4LW1d",
    "relatedId": "MAceNaOGZT"
  },
  {
    "objectId": "5df3d710129ec20d34d074a9",
    "owningId": "SSvOy4LW1d",
    "relatedId": "9Nz1kxRDAe"
  },
  {
    "objectId": "5df3d710129ec20d34d074ad",
    "owningId": "SSvOy4LW1d",
    "relatedId": "DPPDNIdJSu"
  },
  {
    "objectId": "5df3d710129ec20d34d074af",
    "owningId": "SSvOy4LW1d",
    "relatedId": "Yu8JJM8WWQ"
  },
  {
    "objectId": "5df3d710129ec20d34d074b1",
    "owningId": "SSvOy4LW1d",
    "relatedId": "jfEaEbQEYw"
  },
  {
    "objectId": "5df3d710129ec20d34d074b2",
    "owningId": "SSvOy4LW1d",
    "relatedId": "yIxYXiCAAX"
  },
  {
    "objectId": "5df3d710129ec20d34d074b8",
    "owningId": "oupwtInNG8",
    "relatedId": "bucrlQBaRD"
  },
  {
    "objectId": "5df3d710129ec20d34d074ba",
    "owningId": "oupwtInNG8",
    "relatedId": "Ti27yLcoql"
  },
  {
    "objectId": "5df3d710129ec20d34d074c6",
    "owningId": "oupwtInNG8",
    "relatedId": "9NeoPtLPvR"
  },
  {
    "objectId": "5df3d710129ec20d34d074c5",
    "owningId": "oupwtInNG8",
    "relatedId": "p0acGUqy7P"
  },
  {
    "objectId": "5df3d710129ec20d34d074c7",
    "owningId": "oupwtInNG8",
    "relatedId": "0hoZeCQnzs"
  },
  {
    "objectId": "5df3d710129ec20d34d074dd",
    "owningId": "kEgRE5Qpt2",
    "relatedId": "Ti27yLcoql"
  },
  {
    "objectId": "5df3d710129ec20d34d074e8",
    "owningId": "kEgRE5Qpt2",
    "relatedId": "uVQeICE8mb"
  },
  {
    "objectId": "5df3d710129ec20d34d074f1",
    "owningId": "kEgRE5Qpt2",
    "relatedId": "MAceNaOGZT"
  },
  {
    "objectId": "5df3d710129ec20d34d074f2",
    "owningId": "kEgRE5Qpt2",
    "relatedId": "bucrlQBaRD"
  },
  {
    "objectId": "5df3d710129ec20d34d074f3",
    "owningId": "kEgRE5Qpt2",
    "relatedId": "n4Aswzk9os"
  },
  {
    "objectId": "5df3d710129ec20d34d074f6",
    "owningId": "kEgRE5Qpt2",
    "relatedId": "cJjyNNWfaJ"
  },
  {
    "objectId": "5df3d710129ec20d34d074f7",
    "owningId": "kEgRE5Qpt2",
    "relatedId": "Yu8JJM8WWQ"
  },
  {
    "objectId": "5df3d710129ec20d34d074fc",
    "owningId": "kEgRE5Qpt2",
    "relatedId": "O5HzAUzGxE"
  },
  {
    "objectId": "5df3d710129ec20d34d074fa",
    "owningId": "kEgRE5Qpt2",
    "relatedId": "qtYeHAGke1"
  },
  {
    "objectId": "5df3d710129ec20d34d074fd",
    "owningId": "kEgRE5Qpt2",
    "relatedId": "sBuKgvPo5a"
  },
  {
    "objectId": "5df3d710129ec20d34d074ff",
    "owningId": "kEgRE5Qpt2",
    "relatedId": "2hmH8VhRZN"
  },
  {
    "objectId": "5df3d710129ec20d34d07501",
    "owningId": "kEgRE5Qpt2",
    "relatedId": "s5hIad30Wh"
  },
  {
    "objectId": "5df3d710129ec20d34d07505",
    "owningId": "kEgRE5Qpt2",
    "relatedId": "sC6T8Ur8vs"
  },
  {
    "objectId": "5df3d710129ec20d34d07503",
    "owningId": "kEgRE5Qpt2",
    "relatedId": "A1RzhRKASK"
  },
  {
    "objectId": "5df3d710129ec20d34d0750c",
    "owningId": "kEgRE5Qpt2",
    "relatedId": "GsX54tPiq7"
  },
  {
    "objectId": "5df3d710129ec20d34d0750d",
    "owningId": "kEgRE5Qpt2",
    "relatedId": "DB5Yb7XnYI"
  },
  {
    "objectId": "5df3d710129ec20d34d07509",
    "owningId": "kEgRE5Qpt2",
    "relatedId": "HPldMPPp12"
  },
  {
    "objectId": "5df3d710129ec20d34d07510",
    "owningId": "kEgRE5Qpt2",
    "relatedId": "1IadG6QShE"
  },
  {
    "objectId": "5df3d710129ec20d34d07511",
    "owningId": "kEgRE5Qpt2",
    "relatedId": "0hBYUibyrk"
  },
  {
    "objectId": "5df3d710129ec20d34d07517",
    "owningId": "kEgRE5Qpt2",
    "relatedId": "UYF2HyNvB7"
  },
  {
    "objectId": "5df3d710129ec20d34d07551",
    "owningId": "mLDOC4VnGT",
    "relatedId": "Ti27yLcoql"
  },
  {
    "objectId": "5df3d710129ec20d34d0755c",
    "owningId": "mLDOC4VnGT",
    "relatedId": "qtYeHAGke1"
  },
  {
    "objectId": "5df3d710129ec20d34d07559",
    "owningId": "mLDOC4VnGT",
    "relatedId": "A1RzhRKASK"
  },
  {
    "objectId": "5df3d710129ec20d34d07560",
    "owningId": "mLDOC4VnGT",
    "relatedId": "MAceNaOGZT"
  },
  {
    "objectId": "5df3d710129ec20d34d07568",
    "owningId": "TMSqCsw19k",
    "relatedId": "Ti27yLcoql"
  },
  {
    "objectId": "5df3d710129ec20d34d07565",
    "owningId": "mLDOC4VnGT",
    "relatedId": "1IadG6QShE"
  },
  {
    "objectId": "5df3d710129ec20d34d07564",
    "owningId": "mLDOC4VnGT",
    "relatedId": "0hBYUibyrk"
  },
  {
    "objectId": "5df3d710129ec20d34d07566",
    "owningId": "mLDOC4VnGT",
    "relatedId": "bucrlQBaRD"
  },
  {
    "objectId": "5df3d710129ec20d34d0756b",
    "owningId": "mLDOC4VnGT",
    "relatedId": "0hoZeCQnzs"
  },
  {
    "objectId": "5df3d710129ec20d34d0756a",
    "owningId": "mLDOC4VnGT",
    "relatedId": "GsX54tPiq7"
  },
  {
    "objectId": "5df3d710129ec20d34d0756c",
    "owningId": "TMSqCsw19k",
    "relatedId": "0hoZeCQnzs"
  },
  {
    "objectId": "5df3d710129ec20d34d07570",
    "owningId": "TMSqCsw19k",
    "relatedId": "9NeoPtLPvR"
  },
  {
    "objectId": "5df3d710129ec20d34d0756f",
    "owningId": "TMSqCsw19k",
    "relatedId": "JKhwzwupdX"
  },
  {
    "objectId": "5df3d710129ec20d34d0756d",
    "owningId": "TMSqCsw19k",
    "relatedId": "bucrlQBaRD"
  },
  {
    "objectId": "5df3d710129ec20d34d07571",
    "owningId": "mLDOC4VnGT",
    "relatedId": "sBuKgvPo5a"
  },
  {
    "objectId": "5df3d710129ec20d34d07572",
    "owningId": "mLDOC4VnGT",
    "relatedId": "sC6T8Ur8vs"
  },
  {
    "objectId": "5df3d710129ec20d34d0756e",
    "owningId": "mLDOC4VnGT",
    "relatedId": "EpZWNQ3kA0"
  },
  {
    "objectId": "5df3d710129ec20d34d07573",
    "owningId": "mLDOC4VnGT",
    "relatedId": "jfEaEbQEYw"
  },
  {
    "objectId": "5df3d710129ec20d34d07575",
    "owningId": "mLDOC4VnGT",
    "relatedId": "9Nz1kxRDAe"
  },
  {
    "objectId": "5df3d710129ec20d34d07576",
    "owningId": "TMSqCsw19k",
    "relatedId": "OBUDg2hbLE"
  },
  {
    "objectId": "5df3d710129ec20d34d07578",
    "owningId": "TMSqCsw19k",
    "relatedId": "qtYeHAGke1"
  },
  {
    "objectId": "5df3d710129ec20d34d07577",
    "owningId": "TMSqCsw19k",
    "relatedId": "EHwOUR0RVY"
  },
  {
    "objectId": "5df3d710129ec20d34d07579",
    "owningId": "mLDOC4VnGT",
    "relatedId": "OKFfcv8ViQ"
  },
  {
    "objectId": "5df3d710129ec20d34d0757b",
    "owningId": "mLDOC4VnGT",
    "relatedId": "Dv751WDhya"
  },
  {
    "objectId": "5df3d710129ec20d34d0757a",
    "owningId": "mLDOC4VnGT",
    "relatedId": "UYF2HyNvB7"
  },
  {
    "objectId": "5df3d710129ec20d34d0757c",
    "owningId": "mLDOC4VnGT",
    "relatedId": "PA2lRwOcRs"
  },
  {
    "objectId": "5df3d710129ec20d34d0757d",
    "owningId": "TMSqCsw19k",
    "relatedId": "MAceNaOGZT"
  },
  {
    "objectId": "5df3d710129ec20d34d0757e",
    "owningId": "mLDOC4VnGT",
    "relatedId": "DPPDNIdJSu"
  },
  {
    "objectId": "5df3d710129ec20d34d0757f",
    "owningId": "mLDOC4VnGT",
    "relatedId": "yIxYXiCAAX"
  },
  {
    "objectId": "5df3dcf5129ec20d34d077da",
    "owningId": "23hsxgd1RW",
    "relatedId": "JYpw57PREe"
  },
  {
    "objectId": "5df3dcf5129ec20d34d077ea",
    "owningId": "FquOpY92qX",
    "relatedId": "pKXnTRISAz"
  },
  {
    "objectId": "5df3dcf5129ec20d34d077eb",
    "owningId": "23hsxgd1RW",
    "relatedId": "7oEjdedNC3"
  },
  {
    "objectId": "5df3dcf5129ec20d34d077e7",
    "owningId": "FquOpY92qX",
    "relatedId": "JYpw57PREe"
  },
  {
    "objectId": "5df3dcf5129ec20d34d077ee",
    "owningId": "23hsxgd1RW",
    "relatedId": "yV78gWtIRi"
  },
  {
    "objectId": "5df3dcf5129ec20d34d077f3",
    "owningId": "23hsxgd1RW",
    "relatedId": "npQXGI7B0B"
  },
  {
    "objectId": "5df3dcf5129ec20d34d077f6",
    "owningId": "FquOpY92qX",
    "relatedId": "B5XPR632y1"
  },
  {
    "objectId": "5df3dcf5129ec20d34d0780a",
    "owningId": "FquOpY92qX",
    "relatedId": "qDuGxygVmr"
  },
  {
    "objectId": "5df3dcf5129ec20d34d077f5",
    "owningId": "23hsxgd1RW",
    "relatedId": "jrxeQZhGdM"
  },
  {
    "objectId": "5df3dcf5129ec20d34d07802",
    "owningId": "FquOpY92qX",
    "relatedId": "8mOTvwRR0Z"
  },
  {
    "objectId": "5df3dcf5129ec20d34d077fb",
    "owningId": "FquOpY92qX",
    "relatedId": "4nBjE8V0WI"
  },
  {
    "objectId": "5df3dcf5129ec20d34d077f8",
    "owningId": "23hsxgd1RW",
    "relatedId": "rxlE34D2mS"
  },
  {
    "objectId": "5df3dcf5129ec20d34d07803",
    "owningId": "23hsxgd1RW",
    "relatedId": "SX0b1FEPG6"
  },
  {
    "objectId": "5df3dcf5129ec20d34d077f7",
    "owningId": "23hsxgd1RW",
    "relatedId": "Omjep4E6KX"
  },
  {
    "objectId": "5df3dcf5129ec20d34d077fc",
    "owningId": "23hsxgd1RW",
    "relatedId": "CzNwpYjU6N"
  },
  {
    "objectId": "5df3dcf5129ec20d34d0780e",
    "owningId": "FquOpY92qX",
    "relatedId": "HpsbD1Ob2e"
  },
  {
    "objectId": "5df3dcf5129ec20d34d0780b",
    "owningId": "23hsxgd1RW",
    "relatedId": "MFUxhDvGuJ"
  },
  {
    "objectId": "5df3dcf5129ec20d34d0780d",
    "owningId": "FquOpY92qX",
    "relatedId": "pGY0Df4lEx"
  },
  {
    "objectId": "5df3dcf5129ec20d34d07800",
    "owningId": "FquOpY92qX",
    "relatedId": "y2qLPjEIDO"
  },
  {
    "objectId": "5df3dcf5129ec20d34d07809",
    "owningId": "FquOpY92qX",
    "relatedId": "nvVimmcybZ"
  },
  {
    "objectId": "5df3dcf5129ec20d34d07804",
    "owningId": "FquOpY92qX",
    "relatedId": "q7XEC84PAx"
  },
  {
    "objectId": "5df3dcf5129ec20d34d0780f",
    "owningId": "FquOpY92qX",
    "relatedId": "zUcZYm8PYr"
  },
  {
    "objectId": "5df3dcf5129ec20d34d07807",
    "owningId": "23hsxgd1RW",
    "relatedId": "28SXuj2H7u"
  },
  {
    "objectId": "5df3dcf5129ec20d34d07808",
    "owningId": "FquOpY92qX",
    "relatedId": "D0G63uqz9L"
  },
  {
    "objectId": "5df3dcf5129ec20d34d07801",
    "owningId": "23hsxgd1RW",
    "relatedId": "WdjXDQk2bT"
  },
  {
    "objectId": "5df3dcf5129ec20d34d0780c",
    "owningId": "FquOpY92qX",
    "relatedId": "rxlE34D2mS"
  },
  {
    "objectId": "5df3dcf5129ec20d34d07810",
    "owningId": "FquOpY92qX",
    "relatedId": "Vtm2TO7Ggh"
  },
  {
    "objectId": "5df3dcf5129ec20d34d07814",
    "owningId": "FquOpY92qX",
    "relatedId": "MFUxhDvGuJ"
  },
  {
    "objectId": "5df3dcf5129ec20d34d07819",
    "owningId": "FquOpY92qX",
    "relatedId": "xbac3Am1hM"
  },
  {
    "objectId": "5df3dcf5129ec20d34d07818",
    "owningId": "23hsxgd1RW",
    "relatedId": "q7XEC84PAx"
  },
  {
    "objectId": "5df3dcf5129ec20d34d0781b",
    "owningId": "23hsxgd1RW",
    "relatedId": "U6KA78my18"
  },
  {
    "objectId": "5df3dcf5129ec20d34d0781a",
    "owningId": "23hsxgd1RW",
    "relatedId": "MEaf7H1BHa"
  },
  {
    "objectId": "5df3dcf5129ec20d34d07816",
    "owningId": "FquOpY92qX",
    "relatedId": "U6KA78my18"
  },
  {
    "objectId": "5df3dcf5129ec20d34d0781e",
    "owningId": "23hsxgd1RW",
    "relatedId": "pKXnTRISAz"
  },
  {
    "objectId": "5df3dcf5129ec20d34d0781f",
    "owningId": "23hsxgd1RW",
    "relatedId": "nvVimmcybZ"
  },
  {
    "objectId": "5df3dcf5129ec20d34d07820",
    "owningId": "FquOpY92qX",
    "relatedId": "CzNwpYjU6N"
  },
  {
    "objectId": "5df3dcf5129ec20d34d07822",
    "owningId": "23hsxgd1RW",
    "relatedId": "8mOTvwRR0Z"
  },
  {
    "objectId": "5df3dcf5129ec20d34d07824",
    "owningId": "23hsxgd1RW",
    "relatedId": "Vtm2TO7Ggh"
  },
  {
    "objectId": "5df3dcf5129ec20d34d07825",
    "owningId": "23hsxgd1RW",
    "relatedId": "B5XPR632y1"
  },
  {
    "objectId": "5df3dcf5129ec20d34d07823",
    "owningId": "FquOpY92qX",
    "relatedId": "ut2r4hrFsD"
  },
  {
    "objectId": "5df3dcf5129ec20d34d07845",
    "owningId": "hEhgrld4aW",
    "relatedId": "q7XEC84PAx"
  },
  {
    "objectId": "5df3dcf5129ec20d34d0784a",
    "owningId": "hEhgrld4aW",
    "relatedId": "4nBjE8V0WI"
  },
  {
    "objectId": "5df3dcf5129ec20d34d07850",
    "owningId": "hEhgrld4aW",
    "relatedId": "JYpw57PREe"
  },
  {
    "objectId": "5df3dcf5129ec20d34d0785f",
    "owningId": "hEhgrld4aW",
    "relatedId": "sCZly9rNFM"
  },
  {
    "objectId": "5df3dcf5129ec20d34d07863",
    "owningId": "hEhgrld4aW",
    "relatedId": "rxlE34D2mS"
  },
  {
    "objectId": "5df3dcf5129ec20d34d07871",
    "owningId": "Y3WOXJrFhI",
    "relatedId": "2S616TXZAg"
  },
  {
    "objectId": "5df3dcf5129ec20d34d07870",
    "owningId": "Y3WOXJrFhI",
    "relatedId": "JYpw57PREe"
  },
  {
    "objectId": "5df3dcf5129ec20d34d0786e",
    "owningId": "Y3WOXJrFhI",
    "relatedId": "jrxeQZhGdM"
  },
  {
    "objectId": "5df3dcf5129ec20d34d07873",
    "owningId": "Y3WOXJrFhI",
    "relatedId": "pKXnTRISAz"
  },
  {
    "objectId": "5df3dcf5129ec20d34d07875",
    "owningId": "Y3WOXJrFhI",
    "relatedId": "LjZeIZPAfl"
  },
  {
    "objectId": "5df3dcf5129ec20d34d07879",
    "owningId": "Y3WOXJrFhI",
    "relatedId": "qDuGxygVmr"
  },
  {
    "objectId": "5df3dcf5129ec20d34d07877",
    "owningId": "Y3WOXJrFhI",
    "relatedId": "rxlE34D2mS"
  },
  {
    "objectId": "5df3dcf5129ec20d34d0787b",
    "owningId": "Y3WOXJrFhI",
    "relatedId": "ut2r4hrFsD"
  },
  {
    "objectId": "5df3dcf5129ec20d34d0787c",
    "owningId": "Y3WOXJrFhI",
    "relatedId": "Omjep4E6KX"
  },
  {
    "objectId": "5df3dcf5129ec20d34d07881",
    "owningId": "Y3WOXJrFhI",
    "relatedId": "pGY0Df4lEx"
  },
  {
    "objectId": "5df3dcf5129ec20d34d07880",
    "owningId": "Y3WOXJrFhI",
    "relatedId": "HpsbD1Ob2e"
  },
  {
    "objectId": "5df3dcf5129ec20d34d0787f",
    "owningId": "Y3WOXJrFhI",
    "relatedId": "q7XEC84PAx"
  },
  {
    "objectId": "5df3dcf5129ec20d34d0787e",
    "owningId": "Y3WOXJrFhI",
    "relatedId": "y2qLPjEIDO"
  },
  {
    "objectId": "5df3dcf5129ec20d34d07882",
    "owningId": "Y3WOXJrFhI",
    "relatedId": "xbac3Am1hM"
  },
  {
    "objectId": "5df3dd27129ec20d34d07a09",
    "owningId": "h0pbYbYHHB",
    "relatedId": "uMOMe67VtO"
  },
  {
    "objectId": "5df3dd27129ec20d34d07a13",
    "owningId": "3zkZDjNrAb",
    "relatedId": "q6OSwvqGkF"
  },
  {
    "objectId": "5df3dd27129ec20d34d07a18",
    "owningId": "3zkZDjNrAb",
    "relatedId": "nuwyVyWGUd"
  },
  {
    "objectId": "5df3dd27129ec20d34d07a20",
    "owningId": "3zkZDjNrAb",
    "relatedId": "h6zCPwQicl"
  },
  {
    "objectId": "5df3dd27129ec20d34d07a2a",
    "owningId": "3zkZDjNrAb",
    "relatedId": "vtLjZmacA8"
  },
  {
    "objectId": "5df3dd27129ec20d34d07a27",
    "owningId": "h0pbYbYHHB",
    "relatedId": "tEKF42xF3U"
  },
  {
    "objectId": "5df3dd27129ec20d34d07a25",
    "owningId": "h0pbYbYHHB",
    "relatedId": "e5tCJlT1qX"
  },
  {
    "objectId": "5df3dd27129ec20d34d07a23",
    "owningId": "3zkZDjNrAb",
    "relatedId": "G6U4FGrHyT"
  },
  {
    "objectId": "5df3dd27129ec20d34d07a24",
    "owningId": "h0pbYbYHHB",
    "relatedId": "D5SbuPKtfa"
  },
  {
    "objectId": "5df3dd27129ec20d34d07a26",
    "owningId": "3zkZDjNrAb",
    "relatedId": "ZFQ9EmVahf"
  },
  {
    "objectId": "5df3dd27129ec20d34d07a32",
    "owningId": "h0pbYbYHHB",
    "relatedId": "UsD7yjNXrO"
  },
  {
    "objectId": "5df3dd27129ec20d34d07a2d",
    "owningId": "3zkZDjNrAb",
    "relatedId": "4ep2qngZRZ"
  },
  {
    "objectId": "5df3dd27129ec20d34d07a2e",
    "owningId": "h0pbYbYHHB",
    "relatedId": "h6zCPwQicl"
  },
  {
    "objectId": "5df3dd27129ec20d34d07a33",
    "owningId": "h0pbYbYHHB",
    "relatedId": "4ep2qngZRZ"
  },
  {
    "objectId": "5df3dd27129ec20d34d07a36",
    "owningId": "3zkZDjNrAb",
    "relatedId": "xIpEeHFjHy"
  },
  {
    "objectId": "5df3dd27129ec20d34d07a34",
    "owningId": "h0pbYbYHHB",
    "relatedId": "xIpEeHFjHy"
  },
  {
    "objectId": "5df3dd27129ec20d34d07a3f",
    "owningId": "h0pbYbYHHB",
    "relatedId": "Seg4Rcvxw2"
  },
  {
    "objectId": "5df3dd27129ec20d34d07a40",
    "owningId": "3zkZDjNrAb",
    "relatedId": "lqM4sVxBDR"
  },
  {
    "objectId": "5df3dd27129ec20d34d07a3c",
    "owningId": "3zkZDjNrAb",
    "relatedId": "XkZdnjsZS9"
  },
  {
    "objectId": "5df3dd27129ec20d34d07a45",
    "owningId": "3zkZDjNrAb",
    "relatedId": "M5wGFBCXAZ"
  },
  {
    "objectId": "5df3dd27129ec20d34d07a4e",
    "owningId": "h0pbYbYHHB",
    "relatedId": "3AhKIDYjCT"
  },
  {
    "objectId": "5df3dd27129ec20d34d07a4c",
    "owningId": "h0pbYbYHHB",
    "relatedId": "XkZdnjsZS9"
  },
  {
    "objectId": "5df3dd27129ec20d34d07a49",
    "owningId": "3zkZDjNrAb",
    "relatedId": "Seg4Rcvxw2"
  },
  {
    "objectId": "5df3dd27129ec20d34d07a47",
    "owningId": "3zkZDjNrAb",
    "relatedId": "UsD7yjNXrO"
  },
  {
    "objectId": "5df3dd27129ec20d34d07a4d",
    "owningId": "3zkZDjNrAb",
    "relatedId": "dmiyZoe3tD"
  },
  {
    "objectId": "5df3dd27129ec20d34d07a48",
    "owningId": "h0pbYbYHHB",
    "relatedId": "oNe8f80KxE"
  },
  {
    "objectId": "5df3dd27129ec20d34d07a50",
    "owningId": "3zkZDjNrAb",
    "relatedId": "fUuaXEDStI"
  },
  {
    "objectId": "5df3dd27129ec20d34d07a4f",
    "owningId": "3zkZDjNrAb",
    "relatedId": "uMOMe67VtO"
  },
  {
    "objectId": "5df3dd27129ec20d34d07a52",
    "owningId": "h0pbYbYHHB",
    "relatedId": "q6OSwvqGkF"
  },
  {
    "objectId": "5df3dd27129ec20d34d07a54",
    "owningId": "3zkZDjNrAb",
    "relatedId": "D5SbuPKtfa"
  },
  {
    "objectId": "5df3dd27129ec20d34d07a51",
    "owningId": "3zkZDjNrAb",
    "relatedId": "47BOU4SuD4"
  },
  {
    "objectId": "5df3dd27129ec20d34d07a56",
    "owningId": "3zkZDjNrAb",
    "relatedId": "tEKF42xF3U"
  },
  {
    "objectId": "5df3dd27129ec20d34d07a59",
    "owningId": "3zkZDjNrAb",
    "relatedId": "lFPJalzPq2"
  },
  {
    "objectId": "5df3dd27129ec20d34d07a58",
    "owningId": "h0pbYbYHHB",
    "relatedId": "m4DfuyEUry"
  },
  {
    "objectId": "5df3dd27129ec20d34d07a6f",
    "owningId": "toA31G2Cwh",
    "relatedId": "XkZdnjsZS9"
  },
  {
    "objectId": "5df3dd27129ec20d34d07a6d",
    "owningId": "toA31G2Cwh",
    "relatedId": "UsD7yjNXrO"
  },
  {
    "objectId": "5df3dd27129ec20d34d07a70",
    "owningId": "toA31G2Cwh",
    "relatedId": "uMOMe67VtO"
  },
  {
    "objectId": "5df3dd27129ec20d34d07a82",
    "owningId": "toA31G2Cwh",
    "relatedId": "WM9NYPkcwI"
  },
  {
    "objectId": "5df3dd27129ec20d34d07a7c",
    "owningId": "toA31G2Cwh",
    "relatedId": "G6U4FGrHyT"
  },
  {
    "objectId": "5df3dd27129ec20d34d07a91",
    "owningId": "mEdyL0V5nl",
    "relatedId": "c2ZiDGzlEL"
  },
  {
    "objectId": "5df3dd27129ec20d34d07a94",
    "owningId": "mEdyL0V5nl",
    "relatedId": "G6U4FGrHyT"
  },
  {
    "objectId": "5df3dd27129ec20d34d07a96",
    "owningId": "mEdyL0V5nl",
    "relatedId": "q6OSwvqGkF"
  },
  {
    "objectId": "5df3dd27129ec20d34d07a9b",
    "owningId": "mEdyL0V5nl",
    "relatedId": "aRhgszJp8d"
  },
  {
    "objectId": "5df3dd27129ec20d34d07a9c",
    "owningId": "mEdyL0V5nl",
    "relatedId": "XkZdnjsZS9"
  },
  {
    "objectId": "5df3dd27129ec20d34d07aa4",
    "owningId": "mEdyL0V5nl",
    "relatedId": "UsD7yjNXrO"
  },
  {
    "objectId": "5df3dd27129ec20d34d07aa7",
    "owningId": "mEdyL0V5nl",
    "relatedId": "fJ237YA2Aj"
  },
  {
    "objectId": "5df3dd27129ec20d34d07aa3",
    "owningId": "mEdyL0V5nl",
    "relatedId": "uMOMe67VtO"
  },
  {
    "objectId": "5df3dd27129ec20d34d07aa9",
    "owningId": "mEdyL0V5nl",
    "relatedId": "5mGryGVLXn"
  },
  {
    "objectId": "5df3dd27129ec20d34d07ab3",
    "owningId": "p7jxAaqj9Q",
    "relatedId": "G6U4FGrHyT"
  },
  {
    "objectId": "5df3dd27129ec20d34d07ab9",
    "owningId": "p7jxAaqj9Q",
    "relatedId": "UsD7yjNXrO"
  },
  {
    "objectId": "5df3dd27129ec20d34d07ab8",
    "owningId": "p7jxAaqj9Q",
    "relatedId": "ZpgWnQ4Hvq"
  },
  {
    "objectId": "5df3dd27129ec20d34d07abc",
    "owningId": "p7jxAaqj9Q",
    "relatedId": "XkZdnjsZS9"
  },
  {
    "objectId": "5df3dd27129ec20d34d07acc",
    "owningId": "p7jxAaqj9Q",
    "relatedId": "c2ZiDGzlEL"
  },
  {
    "objectId": "5df3dd27129ec20d34d07ad6",
    "owningId": "zTqx98jEFV",
    "relatedId": "XkZdnjsZS9"
  },
  {
    "objectId": "5df3dd27129ec20d34d07adb",
    "owningId": "zTqx98jEFV",
    "relatedId": "oNe8f80KxE"
  },
  {
    "objectId": "5df3dd27129ec20d34d07ae0",
    "owningId": "zTqx98jEFV",
    "relatedId": "l75zLatzCD"
  },
  {
    "objectId": "5df3dd27129ec20d34d07ae1",
    "owningId": "zTqx98jEFV",
    "relatedId": "e5tCJlT1qX"
  },
  {
    "objectId": "5df3dd27129ec20d34d07ae5",
    "owningId": "zTqx98jEFV",
    "relatedId": "ZFQ9EmVahf"
  },
  {
    "objectId": "5df3dd27129ec20d34d07ae6",
    "owningId": "zTqx98jEFV",
    "relatedId": "Ga6f546CkA"
  },
  {
    "objectId": "5df3dd27129ec20d34d07aea",
    "owningId": "zTqx98jEFV",
    "relatedId": "mDnnNSSWBI"
  },
  {
    "objectId": "5df3dd27129ec20d34d07aeb",
    "owningId": "zTqx98jEFV",
    "relatedId": "UsD7yjNXrO"
  },
  {
    "objectId": "5df3dd27129ec20d34d07aec",
    "owningId": "zTqx98jEFV",
    "relatedId": "uMOMe67VtO"
  },
  {
    "objectId": "5df3dd27129ec20d34d07aee",
    "owningId": "zTqx98jEFV",
    "relatedId": "fUuaXEDStI"
  },
  {
    "objectId": "5df3dd27129ec20d34d07aef",
    "owningId": "zTqx98jEFV",
    "relatedId": "WkI1nsAJdQ"
  },
  {
    "objectId": "5df3dd27129ec20d34d07af0",
    "owningId": "zTqx98jEFV",
    "relatedId": "q6OSwvqGkF"
  },
  {
    "objectId": "5df3dd27129ec20d34d07af1",
    "owningId": "zTqx98jEFV",
    "relatedId": "DQPQHIc433"
  },
  {
    "objectId": "5df3dd27129ec20d34d07af2",
    "owningId": "zTqx98jEFV",
    "relatedId": "lqM4sVxBDR"
  },
  {
    "objectId": "5df3dd27129ec20d34d07af3",
    "owningId": "zTqx98jEFV",
    "relatedId": "dmiyZoe3tD"
  },
  {
    "objectId": "5df3dd27129ec20d34d07af4",
    "owningId": "zTqx98jEFV",
    "relatedId": "3KAFsHiHm6"
  },
  {
    "objectId": "5df3dd27129ec20d34d07af5",
    "owningId": "zTqx98jEFV",
    "relatedId": "47BOU4SuD4"
  },
  {
    "objectId": "5df3dd27129ec20d34d07af6",
    "owningId": "zTqx98jEFV",
    "relatedId": "nuwyVyWGUd"
  },
  {
    "objectId": "5df3dd27129ec20d34d07af7",
    "owningId": "zTqx98jEFV",
    "relatedId": "FTMn9j9KZn"
  },
  {
    "objectId": "5df3dd27129ec20d34d07af8",
    "owningId": "zTqx98jEFV",
    "relatedId": "M5wGFBCXAZ"
  },
  {
    "objectId": "5df3e9ab129ec20d34d07ec6",
    "owningId": "GteveE4ytb",
    "relatedId": "fqQdXdCHzs"
  },
  {
    "objectId": "5df3e9ab129ec20d34d07ec7",
    "owningId": "GteveE4ytb",
    "relatedId": "5ZKmevbH7l"
  },
  {
    "objectId": "5df3e9ab129ec20d34d07ecc",
    "owningId": "GteveE4ytb",
    "relatedId": "8iMHl5QIZb"
  },
  {
    "objectId": "5df3e9ab129ec20d34d07ece",
    "owningId": "GteveE4ytb",
    "relatedId": "Tg2ABs3sco"
  },
  {
    "objectId": "5df3e9ab129ec20d34d07ecf",
    "owningId": "GteveE4ytb",
    "relatedId": "DMwLWstosP"
  },
  {
    "objectId": "5df3e9ab129ec20d34d07efe",
    "owningId": "mRAWzGNBfG",
    "relatedId": "P9XQ0KxkvS"
  },
  {
    "objectId": "5df3e9ab129ec20d34d07efb",
    "owningId": "mRAWzGNBfG",
    "relatedId": "5ZKmevbH7l"
  },
  {
    "objectId": "5df3e9ab129ec20d34d07eff",
    "owningId": "mRAWzGNBfG",
    "relatedId": "Tg2ABs3sco"
  },
  {
    "objectId": "5df3e9ab129ec20d34d07f08",
    "owningId": "mRAWzGNBfG",
    "relatedId": "fqQdXdCHzs"
  },
  {
    "objectId": "5df3e9ab129ec20d34d07f0e",
    "owningId": "mRAWzGNBfG",
    "relatedId": "yIDav7gj5a"
  },
  {
    "objectId": "5df3e9ab129ec20d34d07f50",
    "owningId": "fMoDABNwV9",
    "relatedId": "5ZKmevbH7l"
  },
  {
    "objectId": "5df3e9ab129ec20d34d07f53",
    "owningId": "fMoDABNwV9",
    "relatedId": "r0aI0EA25O"
  },
  {
    "objectId": "5df3e9ab129ec20d34d07f5a",
    "owningId": "fMoDABNwV9",
    "relatedId": "KxocRyt7eo"
  },
  {
    "objectId": "5df3e9ab129ec20d34d07f5d",
    "owningId": "fMoDABNwV9",
    "relatedId": "P9XQ0KxkvS"
  },
  {
    "objectId": "5df3e9ab129ec20d34d07f5f",
    "owningId": "fMoDABNwV9",
    "relatedId": "fqQdXdCHzs"
  },
  {
    "objectId": "5df3e9ab129ec20d34d07f61",
    "owningId": "fMoDABNwV9",
    "relatedId": "6hYc0wSwEI"
  },
  {
    "objectId": "5df3e9ab129ec20d34d07f66",
    "owningId": "fMoDABNwV9",
    "relatedId": "rZoyjN5Eoc"
  },
  {
    "objectId": "5df3e9ab129ec20d34d07f64",
    "owningId": "fMoDABNwV9",
    "relatedId": "BGcZHFZFY2"
  },
  {
    "objectId": "5df3e9ab129ec20d34d07f63",
    "owningId": "fMoDABNwV9",
    "relatedId": "jgC9lT6Xff"
  },
  {
    "objectId": "5df3e9ab129ec20d34d07f68",
    "owningId": "fMoDABNwV9",
    "relatedId": "Neaerczm0T"
  },
  {
    "objectId": "5df3e9ab129ec20d34d07f6a",
    "owningId": "fMoDABNwV9",
    "relatedId": "kOkqJvezFV"
  },
  {
    "objectId": "5df3e9ab129ec20d34d07f69",
    "owningId": "fMoDABNwV9",
    "relatedId": "yyeDuukY4A"
  },
  {
    "objectId": "5df3e9ab129ec20d34d07f6f",
    "owningId": "fMoDABNwV9",
    "relatedId": "HTSKBLxUq4"
  },
  {
    "objectId": "5df3e9ab129ec20d34d07f6e",
    "owningId": "fMoDABNwV9",
    "relatedId": "UZN9cHUblo"
  },
  {
    "objectId": "5df3e9ab129ec20d34d07f71",
    "owningId": "fMoDABNwV9",
    "relatedId": "7O2h8IfBnB"
  },
  {
    "objectId": "5df3e9ab129ec20d34d07f74",
    "owningId": "fMoDABNwV9",
    "relatedId": "BobYKmivC3"
  },
  {
    "objectId": "5df3e9ab129ec20d34d07f77",
    "owningId": "fMoDABNwV9",
    "relatedId": "CEyGcnzQpK"
  },
  {
    "objectId": "5df3e9ab129ec20d34d07f78",
    "owningId": "fMoDABNwV9",
    "relatedId": "t48lV4Tx27"
  },
  {
    "objectId": "5df3e9ab129ec20d34d07f7c",
    "owningId": "fMoDABNwV9",
    "relatedId": "nAlqt8LgM1"
  },
  {
    "objectId": "5df3e9ab129ec20d34d07f7e",
    "owningId": "RbyX4ouadm",
    "relatedId": "Tg2ABs3sco"
  },
  {
    "objectId": "5df3e9ab129ec20d34d07f81",
    "owningId": "fMoDABNwV9",
    "relatedId": "4NgpbeTTAz"
  },
  {
    "objectId": "5df3e9ab129ec20d34d07f88",
    "owningId": "RbyX4ouadm",
    "relatedId": "nAlqt8LgM1"
  },
  {
    "objectId": "5df3e9ab129ec20d34d07f89",
    "owningId": "RbyX4ouadm",
    "relatedId": "fqQdXdCHzs"
  },
  {
    "objectId": "5df3e9ab129ec20d34d07f8e",
    "owningId": "RbyX4ouadm",
    "relatedId": "5ZKmevbH7l"
  },
  {
    "objectId": "5df3e9ab129ec20d34d07f93",
    "owningId": "RbyX4ouadm",
    "relatedId": "jgC9lT6Xff"
  },
  {
    "objectId": "5df3e9ab129ec20d34d07f90",
    "owningId": "RbyX4ouadm",
    "relatedId": "t9VERDgOgj"
  },
  {
    "objectId": "5df3e9ab129ec20d34d07f94",
    "owningId": "RbyX4ouadm",
    "relatedId": "P9XQ0KxkvS"
  },
  {
    "objectId": "5df3e9ab129ec20d34d07f98",
    "owningId": "RbyX4ouadm",
    "relatedId": "HTSKBLxUq4"
  },
  {
    "objectId": "5df3e9ab129ec20d34d07f97",
    "owningId": "RbyX4ouadm",
    "relatedId": "rZoyjN5Eoc"
  },
  {
    "objectId": "5df3e9ab129ec20d34d07f9c",
    "owningId": "RbyX4ouadm",
    "relatedId": "aAVx282OGJ"
  },
  {
    "objectId": "5df3e9ab129ec20d34d07f9d",
    "owningId": "RbyX4ouadm",
    "relatedId": "7O2h8IfBnB"
  },
  {
    "objectId": "5df3e9ab129ec20d34d07fa0",
    "owningId": "RbyX4ouadm",
    "relatedId": "yyeDuukY4A"
  },
  {
    "objectId": "5df3e9ab129ec20d34d07f9f",
    "owningId": "RbyX4ouadm",
    "relatedId": "CEyGcnzQpK"
  },
  {
    "objectId": "5df3e9ab129ec20d34d07fa5",
    "owningId": "RbyX4ouadm",
    "relatedId": "WwMu5FXuSq"
  },
  {
    "objectId": "5df3e9ab129ec20d34d07fa3",
    "owningId": "RbyX4ouadm",
    "relatedId": "4NgpbeTTAz"
  },
  {
    "objectId": "5df3e9ab129ec20d34d07fac",
    "owningId": "RbyX4ouadm",
    "relatedId": "3CeApAuCII"
  },
  {
    "objectId": "5df3e9ab129ec20d34d07fab",
    "owningId": "RbyX4ouadm",
    "relatedId": "tOY4tiDR6K"
  },
  {
    "objectId": "5df3e9ab129ec20d34d07faa",
    "owningId": "RbyX4ouadm",
    "relatedId": "9SVromrYyh"
  },
  {
    "objectId": "5df3e9ab129ec20d34d07fb4",
    "owningId": "RbyX4ouadm",
    "relatedId": "8xpEumjqbB"
  },
  {
    "objectId": "5df3e9ab129ec20d34d07fb6",
    "owningId": "RbyX4ouadm",
    "relatedId": "wWmtNJCE0R"
  },
  {
    "objectId": "5df3e9ab129ec20d34d07fce",
    "owningId": "SFHc9Y4gXA",
    "relatedId": "5ZKmevbH7l"
  },
  {
    "objectId": "5df3e9ab129ec20d34d07fdb",
    "owningId": "SFHc9Y4gXA",
    "relatedId": "2GFwsvrHL6"
  },
  {
    "objectId": "5df3e9ab129ec20d34d07fd7",
    "owningId": "SFHc9Y4gXA",
    "relatedId": "DMwLWstosP"
  },
  {
    "objectId": "5df3e9ab129ec20d34d07fde",
    "owningId": "SFHc9Y4gXA",
    "relatedId": "Tg2ABs3sco"
  },
  {
    "objectId": "5df3e9ab129ec20d34d07fe1",
    "owningId": "SFHc9Y4gXA",
    "relatedId": "fqQdXdCHzs"
  },
  {
    "objectId": "5df3e9ab129ec20d34d07fe2",
    "owningId": "SFHc9Y4gXA",
    "relatedId": "rZoyjN5Eoc"
  },
  {
    "objectId": "5df3e9ab129ec20d34d07fe3",
    "owningId": "SFHc9Y4gXA",
    "relatedId": "P9XQ0KxkvS"
  },
  {
    "objectId": "5df3e9ab129ec20d34d07fe7",
    "owningId": "SFHc9Y4gXA",
    "relatedId": "BFHuhuVNAI"
  },
  {
    "objectId": "5df3e9ab129ec20d34d07fea",
    "owningId": "SFHc9Y4gXA",
    "relatedId": "AANjhB1bPT"
  },
  {
    "objectId": "5df3e9ab129ec20d34d0800a",
    "owningId": "NtEIWnlRYH",
    "relatedId": "P9XQ0KxkvS"
  },
  {
    "objectId": "5df3e9ab129ec20d34d0800b",
    "owningId": "NtEIWnlRYH",
    "relatedId": "5ZKmevbH7l"
  },
  {
    "objectId": "5df3e9ab129ec20d34d0800d",
    "owningId": "NtEIWnlRYH",
    "relatedId": "fqQdXdCHzs"
  },
  {
    "objectId": "5df3e9ab129ec20d34d0800f",
    "owningId": "NtEIWnlRYH",
    "relatedId": "3CeApAuCII"
  },
  {
    "objectId": "5df3e9ab129ec20d34d08012",
    "owningId": "NtEIWnlRYH",
    "relatedId": "rZoyjN5Eoc"
  },
  {
    "objectId": "5df3e9ab129ec20d34d08010",
    "owningId": "NtEIWnlRYH",
    "relatedId": "t9VERDgOgj"
  },
  {
    "objectId": "5df3e9ab129ec20d34d08013",
    "owningId": "NtEIWnlRYH",
    "relatedId": "tOY4tiDR6K"
  },
  {
    "objectId": "5df3e9ab129ec20d34d08016",
    "owningId": "NtEIWnlRYH",
    "relatedId": "kOkqJvezFV"
  },
  {
    "objectId": "5df3e9ab129ec20d34d08015",
    "owningId": "NtEIWnlRYH",
    "relatedId": "Z7FCUAttDc"
  },
  {
    "objectId": "5df3e9ab129ec20d34d08014",
    "owningId": "NtEIWnlRYH",
    "relatedId": "BGcZHFZFY2"
  },
  {
    "objectId": "5df3e9ab129ec20d34d08017",
    "owningId": "NtEIWnlRYH",
    "relatedId": "WwMu5FXuSq"
  },
  {
    "objectId": "5df3e9ab129ec20d34d08019",
    "owningId": "NtEIWnlRYH",
    "relatedId": "lEmwwnRnnD"
  },
  {
    "objectId": "5df3e9ab129ec20d34d08018",
    "owningId": "NtEIWnlRYH",
    "relatedId": "9SVromrYyh"
  },
  {
    "objectId": "5df3e9ab129ec20d34d0801a",
    "owningId": "NtEIWnlRYH",
    "relatedId": "aAVx282OGJ"
  }
]
}