{
"results" : [

  {
    "objectId": "5df356a7129ec20d34d05888",
    "owningId": "15EnXUntsv",
    "relatedId": "fdi8tVhvrq"
  },
  {
    "objectId": "5df356a7129ec20d34d05887",
    "owningId": "15EnXUntsv",
    "relatedId": "L8jpwpytLw"
  },
  {
    "objectId": "5df356a7129ec20d34d05886",
    "owningId": "15EnXUntsv",
    "relatedId": "0VOix4ofOo"
  },
  {
    "objectId": "5df356a7129ec20d34d05889",
    "owningId": "15EnXUntsv",
    "relatedId": "Ypnh5LBSKz"
  },
  {
    "objectId": "5df356a7129ec20d34d05881",
    "owningId": "15EnXUntsv",
    "relatedId": "BYldxx1MPI"
  },
  {
    "objectId": "5df356a7129ec20d34d0588a",
    "owningId": "15EnXUntsv",
    "relatedId": "0sWjKCrpsN"
  },
  {
    "objectId": "5df356a7129ec20d34d058a6",
    "owningId": "ESGfBFcbKb",
    "relatedId": "BYldxx1MPI"
  },
  {
    "objectId": "5df356a7129ec20d34d058bb",
    "owningId": "doHcQt0MbC",
    "relatedId": "ab2IYbEP1C"
  },
  {
    "objectId": "5df356a7129ec20d34d058be",
    "owningId": "doHcQt0MbC",
    "relatedId": "pphUu61Skb"
  },
  {
    "objectId": "5df356a7129ec20d34d058c1",
    "owningId": "doHcQt0MbC",
    "relatedId": "bqKQ7WVqGa"
  },
  {
    "objectId": "5df356a7129ec20d34d058bf",
    "owningId": "doHcQt0MbC",
    "relatedId": "RE2F5XBSdQ"
  },
  {
    "objectId": "5df356a7129ec20d34d058c6",
    "owningId": "doHcQt0MbC",
    "relatedId": "76Xwilmhvg"
  },
  {
    "objectId": "5df356a7129ec20d34d058c3",
    "owningId": "doHcQt0MbC",
    "relatedId": "UOCTEgczn6"
  },
  {
    "objectId": "5df356a7129ec20d34d058c7",
    "owningId": "doHcQt0MbC",
    "relatedId": "a7m0dSBvDh"
  },
  {
    "objectId": "5df356a7129ec20d34d058c0",
    "owningId": "doHcQt0MbC",
    "relatedId": "qaEh77XEjs"
  },
  {
    "objectId": "5df356a7129ec20d34d058c2",
    "owningId": "doHcQt0MbC",
    "relatedId": "Vmo1K8Q2fv"
  },
  {
    "objectId": "5df356a7129ec20d34d058c5",
    "owningId": "doHcQt0MbC",
    "relatedId": "ARInCKgRWf"
  },
  {
    "objectId": "5df356a7129ec20d34d058c4",
    "owningId": "doHcQt0MbC",
    "relatedId": "GFMuCCI6wb"
  },
  {
    "objectId": "5df356a7129ec20d34d058ca",
    "owningId": "doHcQt0MbC",
    "relatedId": "i0kaQqyZXj"
  },
  {
    "objectId": "5df356a7129ec20d34d058cb",
    "owningId": "doHcQt0MbC",
    "relatedId": "OfXjSGAkCW"
  },
  {
    "objectId": "5df356a7129ec20d34d058e7",
    "owningId": "RdkDrHMuTM",
    "relatedId": "jgUBXrBcxt"
  },
  {
    "objectId": "5df356a7129ec20d34d058df",
    "owningId": "RdkDrHMuTM",
    "relatedId": "xMpCn7ZhiN"
  },
  {
    "objectId": "5df356a7129ec20d34d058de",
    "owningId": "RdkDrHMuTM",
    "relatedId": "rzef0LaFA7"
  },
  {
    "objectId": "5df356a7129ec20d34d058d6",
    "owningId": "ESGfBFcbKb",
    "relatedId": "GHO2FDRj7Y"
  },
  {
    "objectId": "5df356a7129ec20d34d058e0",
    "owningId": "RdkDrHMuTM",
    "relatedId": "EdkiZT2jkb"
  },
  {
    "objectId": "5df356a7129ec20d34d058dd",
    "owningId": "RdkDrHMuTM",
    "relatedId": "mfJKjCKcDq"
  },
  {
    "objectId": "5df356a7129ec20d34d058ed",
    "owningId": "RdkDrHMuTM",
    "relatedId": "4PGJ8UbAOX"
  },
  {
    "objectId": "5df356a7129ec20d34d058e4",
    "owningId": "RdkDrHMuTM",
    "relatedId": "ab2IYbEP1C"
  },
  {
    "objectId": "5df356a7129ec20d34d058f9",
    "owningId": "ESGfBFcbKb",
    "relatedId": "1QoFVnzTHT"
  },
  {
    "objectId": "5df356a7129ec20d34d0591b",
    "owningId": "7wZQGbcoCt",
    "relatedId": "BYldxx1MPI"
  },
  {
    "objectId": "5df356a7129ec20d34d05926",
    "owningId": "7wZQGbcoCt",
    "relatedId": "iOAVKtekJJ"
  },
  {
    "objectId": "5df356a7129ec20d34d05920",
    "owningId": "ESGfBFcbKb",
    "relatedId": "OwkoMPQYtG"
  },
  {
    "objectId": "5df356a7129ec20d34d05978",
    "owningId": "GleJiIhEsp",
    "relatedId": "1QoFVnzTHT"
  },
  {
    "objectId": "5df356a7129ec20d34d05989",
    "owningId": "GleJiIhEsp",
    "relatedId": "qaEh77XEjs"
  },
  {
    "objectId": "5df356a7129ec20d34d05983",
    "owningId": "GleJiIhEsp",
    "relatedId": "RE2F5XBSdQ"
  },
  {
    "objectId": "5df356a7129ec20d34d05988",
    "owningId": "GleJiIhEsp",
    "relatedId": "bqKQ7WVqGa"
  },
  {
    "objectId": "5df356a7129ec20d34d05985",
    "owningId": "GleJiIhEsp",
    "relatedId": "NotBxQHL9W"
  },
  {
    "objectId": "5df356a7129ec20d34d05980",
    "owningId": "GleJiIhEsp",
    "relatedId": "KKtwYSpGRe"
  },
  {
    "objectId": "5df356a7129ec20d34d0597a",
    "owningId": "7wZQGbcoCt",
    "relatedId": "T9uDElWwPX"
  },
  {
    "objectId": "5df356a7129ec20d34d0597f",
    "owningId": "GleJiIhEsp",
    "relatedId": "fPHUm32as4"
  },
  {
    "objectId": "5df356a7129ec20d34d05981",
    "owningId": "GleJiIhEsp",
    "relatedId": "WuQSNjuckA"
  },
  {
    "objectId": "5df356a7129ec20d34d05986",
    "owningId": "GleJiIhEsp",
    "relatedId": "IGHUp6a9Ab"
  },
  {
    "objectId": "5df356a7129ec20d34d05984",
    "owningId": "GleJiIhEsp",
    "relatedId": "eDrEwx4uhA"
  },
  {
    "objectId": "5df356a7129ec20d34d05982",
    "owningId": "GleJiIhEsp",
    "relatedId": "jhIr5vHC7Q"
  },
  {
    "objectId": "5df356a7129ec20d34d059d5",
    "owningId": "7wZQGbcoCt",
    "relatedId": "fdi8tVhvrq"
  },
  {
    "objectId": "5df356a7129ec20d34d059d7",
    "owningId": "7wZQGbcoCt",
    "relatedId": "L8jpwpytLw"
  },
  {
    "objectId": "5df356a7129ec20d34d059d6",
    "owningId": "7wZQGbcoCt",
    "relatedId": "Ypnh5LBSKz"
  },
  {
    "objectId": "5df356a7129ec20d34d059d9",
    "owningId": "7wZQGbcoCt",
    "relatedId": "07pX6Ts4DP"
  },
  {
    "objectId": "5df356a7129ec20d34d059db",
    "owningId": "7wZQGbcoCt",
    "relatedId": "zcIKchsW26"
  },
  {
    "objectId": "5df35716129ec20d34d05afe",
    "owningId": "AvwJkkbuFu",
    "relatedId": "0ooCSC1qVY"
  },
  {
    "objectId": "5df35716129ec20d34d05afb",
    "owningId": "AvwJkkbuFu",
    "relatedId": "ihINSlBgiu"
  },
  {
    "objectId": "5df35716129ec20d34d05afc",
    "owningId": "AvwJkkbuFu",
    "relatedId": "CFAL9D2k93"
  },
  {
    "objectId": "5df35716129ec20d34d05b02",
    "owningId": "AvwJkkbuFu",
    "relatedId": "etRcDQHvvl"
  },
  {
    "objectId": "5df35716129ec20d34d05b1e",
    "owningId": "tArSC3RkKD",
    "relatedId": "IZJ7AkwiTd"
  },
  {
    "objectId": "5df35716129ec20d34d05b20",
    "owningId": "tArSC3RkKD",
    "relatedId": "hOYQaPWSCL"
  },
  {
    "objectId": "5df35716129ec20d34d05b2d",
    "owningId": "tArSC3RkKD",
    "relatedId": "etRcDQHvvl"
  },
  {
    "objectId": "5df35716129ec20d34d05b30",
    "owningId": "tArSC3RkKD",
    "relatedId": "CdE3hsEEDV"
  },
  {
    "objectId": "5df35716129ec20d34d05b31",
    "owningId": "tArSC3RkKD",
    "relatedId": "BpAEC0xzZs"
  },
  {
    "objectId": "5df35716129ec20d34d05b40",
    "owningId": "0DourTuy8a",
    "relatedId": "U9HvhHcYRZ"
  },
  {
    "objectId": "5df35716129ec20d34d05b33",
    "owningId": "tArSC3RkKD",
    "relatedId": "FzWDiXd8ne"
  },
  {
    "objectId": "5df35716129ec20d34d05b45",
    "owningId": "XnNTzQjXS0",
    "relatedId": "BjF8wtlA0S"
  },
  {
    "objectId": "5df35716129ec20d34d05b39",
    "owningId": "0DourTuy8a",
    "relatedId": "CFAL9D2k93"
  },
  {
    "objectId": "5df35716129ec20d34d05b44",
    "owningId": "0DourTuy8a",
    "relatedId": "HeifAeMaDh"
  },
  {
    "objectId": "5df35716129ec20d34d05b43",
    "owningId": "XnNTzQjXS0",
    "relatedId": "GCcXeFdCOD"
  },
  {
    "objectId": "5df35716129ec20d34d05b48",
    "owningId": "0DourTuy8a",
    "relatedId": "FBLu326dtQ"
  },
  {
    "objectId": "5df35716129ec20d34d05b4d",
    "owningId": "0DourTuy8a",
    "relatedId": "7yMi8kGbns"
  },
  {
    "objectId": "5df35716129ec20d34d05b4b",
    "owningId": "0DourTuy8a",
    "relatedId": "h2Z8XcLAdI"
  },
  {
    "objectId": "5df35716129ec20d34d05b54",
    "owningId": "XnNTzQjXS0",
    "relatedId": "M5oEXvWZAl"
  },
  {
    "objectId": "5df35716129ec20d34d05b4f",
    "owningId": "XnNTzQjXS0",
    "relatedId": "mnAdZWBmEW"
  },
  {
    "objectId": "5df35716129ec20d34d05b49",
    "owningId": "0DourTuy8a",
    "relatedId": "VZ9NIDwvVE"
  },
  {
    "objectId": "5df35716129ec20d34d05b46",
    "owningId": "0DourTuy8a",
    "relatedId": "bsryFu8gvA"
  },
  {
    "objectId": "5df35716129ec20d34d05b55",
    "owningId": "XnNTzQjXS0",
    "relatedId": "LCtqSDL1pA"
  },
  {
    "objectId": "5df35716129ec20d34d05b5e",
    "owningId": "XnNTzQjXS0",
    "relatedId": "YdCRiwAHqN"
  },
  {
    "objectId": "5df35716129ec20d34d05b47",
    "owningId": "XnNTzQjXS0",
    "relatedId": "Z7H6nw7aNQ"
  },
  {
    "objectId": "5df35716129ec20d34d05b69",
    "owningId": "0DourTuy8a",
    "relatedId": "f3MWOsJNVF"
  },
  {
    "objectId": "5df35716129ec20d34d05b51",
    "owningId": "0DourTuy8a",
    "relatedId": "XEEOJeDfIn"
  },
  {
    "objectId": "5df35716129ec20d34d05b5a",
    "owningId": "0DourTuy8a",
    "relatedId": "Nvf3QLYIXH"
  },
  {
    "objectId": "5df35716129ec20d34d05b8d",
    "owningId": "Aa5qQqLrLw",
    "relatedId": "BpAEC0xzZs"
  },
  {
    "objectId": "5df35716129ec20d34d05b96",
    "owningId": "Aa5qQqLrLw",
    "relatedId": "QJTAAzMUEL"
  },
  {
    "objectId": "5df35716129ec20d34d05ba4",
    "owningId": "7XfvS3vAUj",
    "relatedId": "GOssrO6Kcn"
  },
  {
    "objectId": "5df35716129ec20d34d05bac",
    "owningId": "7XfvS3vAUj",
    "relatedId": "lY9GmBMQux"
  },
  {
    "objectId": "5df35716129ec20d34d05bce",
    "owningId": "7XfvS3vAUj",
    "relatedId": "f3MWOsJNVF"
  },
  {
    "objectId": "5df35716129ec20d34d05bd1",
    "owningId": "7XfvS3vAUj",
    "relatedId": "b5lZMVsdRT"
  },
  {
    "objectId": "5df35717129ec20d34d05c0b",
    "owningId": "Aa5qQqLrLw",
    "relatedId": "hOYQaPWSCL"
  },
  {
    "objectId": "5df35717129ec20d34d05c0c",
    "owningId": "Aa5qQqLrLw",
    "relatedId": "IZJ7AkwiTd"
  },
  {
    "objectId": "5df35717129ec20d34d05c0f",
    "owningId": "Aa5qQqLrLw",
    "relatedId": "etRcDQHvvl"
  },
  {
    "objectId": "5df35717129ec20d34d05c12",
    "owningId": "Aa5qQqLrLw",
    "relatedId": "1iHgV3JgRB"
  },
  {
    "objectId": "5df35717129ec20d34d05c11",
    "owningId": "Aa5qQqLrLw",
    "relatedId": "xfr7tFFneP"
  },
  {
    "objectId": "5df35717129ec20d34d05c15",
    "owningId": "Aa5qQqLrLw",
    "relatedId": "vvqGwxwiQq"
  },
  {
    "objectId": "5df35717129ec20d34d05c25",
    "owningId": "7XfvS3vAUj",
    "relatedId": "GCcXeFdCOD"
  },
  {
    "objectId": "5df35717129ec20d34d05c28",
    "owningId": "7XfvS3vAUj",
    "relatedId": "FBLu326dtQ"
  },
  {
    "objectId": "5df35717129ec20d34d05c2b",
    "owningId": "7XfvS3vAUj",
    "relatedId": "8wvhbmG0eB"
  },
  {
    "objectId": "5df35717129ec20d34d05c30",
    "owningId": "7XfvS3vAUj",
    "relatedId": "H2XDX9dDRq"
  },
  {
    "objectId": "5df35717129ec20d34d05c31",
    "owningId": "7XfvS3vAUj",
    "relatedId": "Nvf3QLYIXH"
  },
  {
    "objectId": "5df35717129ec20d34d05c33",
    "owningId": "7XfvS3vAUj",
    "relatedId": "ipu9kAr8oc"
  },
  {
    "objectId": "5df35717129ec20d34d05c35",
    "owningId": "7XfvS3vAUj",
    "relatedId": "iogYltX0Cj"
  },
  {
    "objectId": "5df35717129ec20d34d05c38",
    "owningId": "7XfvS3vAUj",
    "relatedId": "RbQSeuqxM2"
  },
  {
    "objectId": "5df35717129ec20d34d05c40",
    "owningId": "7XfvS3vAUj",
    "relatedId": "AFU1EZcuYn"
  },
  {
    "objectId": "5df3576e129ec20d34d05d74",
    "owningId": "ewdqSZFJj7",
    "relatedId": "LKv42kROUS"
  },
  {
    "objectId": "5df3576e129ec20d34d05d76",
    "owningId": "ewdqSZFJj7",
    "relatedId": "Q4nZFkKmV5"
  },
  {
    "objectId": "5df3576e129ec20d34d05d75",
    "owningId": "ewdqSZFJj7",
    "relatedId": "iBeHiBIDFu"
  },
  {
    "objectId": "5df3576e129ec20d34d05d77",
    "owningId": "ewdqSZFJj7",
    "relatedId": "Bw9GKHV7ZL"
  },
  {
    "objectId": "5df3576e129ec20d34d05d9c",
    "owningId": "VEvEDBV9lg",
    "relatedId": "BhecQcSEgp"
  },
  {
    "objectId": "5df3576e129ec20d34d05d9b",
    "owningId": "VEvEDBV9lg",
    "relatedId": "IltQ0yN3Ku"
  },
  {
    "objectId": "5df3576e129ec20d34d05da2",
    "owningId": "VEvEDBV9lg",
    "relatedId": "ZXKGbY44sJ"
  },
  {
    "objectId": "5df3576e129ec20d34d05d9d",
    "owningId": "VEvEDBV9lg",
    "relatedId": "Bw9GKHV7ZL"
  },
  {
    "objectId": "5df3576e129ec20d34d05d9f",
    "owningId": "VEvEDBV9lg",
    "relatedId": "Xt1tYsbYxa"
  },
  {
    "objectId": "5df3576e129ec20d34d05da1",
    "owningId": "VEvEDBV9lg",
    "relatedId": "A332t8ekkZ"
  },
  {
    "objectId": "5df3576e129ec20d34d05dbd",
    "owningId": "Whf16PZWja",
    "relatedId": "G8sFdQjE5d"
  },
  {
    "objectId": "5df3576e129ec20d34d05dbc",
    "owningId": "Whf16PZWja",
    "relatedId": "Bc1znZgjci"
  },
  {
    "objectId": "5df3576e129ec20d34d05dda",
    "owningId": "0kBbn0ivpB",
    "relatedId": "Bw9GKHV7ZL"
  },
  {
    "objectId": "5df3576e129ec20d34d05dd9",
    "owningId": "0kBbn0ivpB",
    "relatedId": "BhecQcSEgp"
  },
  {
    "objectId": "5df3576e129ec20d34d05ddf",
    "owningId": "0kBbn0ivpB",
    "relatedId": "SA7ofgD1cL"
  },
  {
    "objectId": "5df3576e129ec20d34d05de7",
    "owningId": "EK0aAOqjpF",
    "relatedId": "A72TKhNk0i"
  },
  {
    "objectId": "5df3576e129ec20d34d05de1",
    "owningId": "EK0aAOqjpF",
    "relatedId": "gG3h78ZW8Y"
  },
  {
    "objectId": "5df3576e129ec20d34d05dee",
    "owningId": "EK0aAOqjpF",
    "relatedId": "RVDwHZb0VZ"
  },
  {
    "objectId": "5df3576e129ec20d34d05de9",
    "owningId": "0kBbn0ivpB",
    "relatedId": "bZjW3Bjbqj"
  },
  {
    "objectId": "5df3576e129ec20d34d05de4",
    "owningId": "0kBbn0ivpB",
    "relatedId": "A332t8ekkZ"
  },
  {
    "objectId": "5df3576e129ec20d34d05de3",
    "owningId": "0kBbn0ivpB",
    "relatedId": "Xt1tYsbYxa"
  },
  {
    "objectId": "5df3576e129ec20d34d05de5",
    "owningId": "0kBbn0ivpB",
    "relatedId": "cVEqthF532"
  },
  {
    "objectId": "5df3576e129ec20d34d05dd6",
    "owningId": "0kBbn0ivpB",
    "relatedId": "s7Dwvre1zz"
  },
  {
    "objectId": "5df3576e129ec20d34d05e07",
    "owningId": "Whf16PZWja",
    "relatedId": "gG3h78ZW8Y"
  },
  {
    "objectId": "5df3576e129ec20d34d05e0c",
    "owningId": "Whf16PZWja",
    "relatedId": "E21YEJCdmJ"
  },
  {
    "objectId": "5df3576e129ec20d34d05e23",
    "owningId": "Whf16PZWja",
    "relatedId": "PtYDeGHWLC"
  },
  {
    "objectId": "5df3576e129ec20d34d05e1e",
    "owningId": "N87N6IN4pz",
    "relatedId": "7hDWD6XZN9"
  },
  {
    "objectId": "5df3576e129ec20d34d05e2b",
    "owningId": "N87N6IN4pz",
    "relatedId": "OlZttH37vT"
  },
  {
    "objectId": "5df3576e129ec20d34d05e25",
    "owningId": "N87N6IN4pz",
    "relatedId": "iBeHiBIDFu"
  },
  {
    "objectId": "5df3576e129ec20d34d05e2a",
    "owningId": "N87N6IN4pz",
    "relatedId": "1nSBiDQqgc"
  },
  {
    "objectId": "5df3576e129ec20d34d05e31",
    "owningId": "N87N6IN4pz",
    "relatedId": "J8Wy8kKnOs"
  },
  {
    "objectId": "5df3576e129ec20d34d05e30",
    "owningId": "N87N6IN4pz",
    "relatedId": "fddBSBpW8c"
  },
  {
    "objectId": "5df3576e129ec20d34d05e21",
    "owningId": "N87N6IN4pz",
    "relatedId": "j6dyzWHVrD"
  },
  {
    "objectId": "5df3576e129ec20d34d05e34",
    "owningId": "N87N6IN4pz",
    "relatedId": "7L3IiHLyGo"
  },
  {
    "objectId": "5df3576e129ec20d34d05e38",
    "owningId": "N87N6IN4pz",
    "relatedId": "kkllP2GCPP"
  },
  {
    "objectId": "5df3576e129ec20d34d05e2f",
    "owningId": "Whf16PZWja",
    "relatedId": "0Z8Q0jqHAA"
  },
  {
    "objectId": "5df3576e129ec20d34d05e3e",
    "owningId": "N87N6IN4pz",
    "relatedId": "HmBjTrcvKs"
  },
  {
    "objectId": "5df3576e129ec20d34d05e3d",
    "owningId": "N87N6IN4pz",
    "relatedId": "5RX5Ja4OR9"
  },
  {
    "objectId": "5df3576e129ec20d34d05e52",
    "owningId": "EK0aAOqjpF",
    "relatedId": "IDTxb09W1B"
  },
  {
    "objectId": "5df3576e129ec20d34d05e4f",
    "owningId": "EK0aAOqjpF",
    "relatedId": "8wF2mjztwf"
  },
  {
    "objectId": "5df3576e129ec20d34d05e50",
    "owningId": "Whf16PZWja",
    "relatedId": "pbYJGCFWyR"
  },
  {
    "objectId": "5df3576e129ec20d34d05e74",
    "owningId": "EK0aAOqjpF",
    "relatedId": "7L3IiHLyGo"
  },
  {
    "objectId": "5df3576e129ec20d34d05e8c",
    "owningId": "EK0aAOqjpF",
    "relatedId": "HmBjTrcvKs"
  },
  {
    "objectId": "5df3576e129ec20d34d05e94",
    "owningId": "EK0aAOqjpF",
    "relatedId": "5RX5Ja4OR9"
  },
  {
    "objectId": "5df3576e129ec20d34d05e96",
    "owningId": "EK0aAOqjpF",
    "relatedId": "HodpMhtTC4"
  },
  {
    "objectId": "5df3576e129ec20d34d05e97",
    "owningId": "EK0aAOqjpF",
    "relatedId": "qWiHpZyl9S"
  },
  {
    "objectId": "5df3576e129ec20d34d05e95",
    "owningId": "EK0aAOqjpF",
    "relatedId": "Ht0WmZ8Lvg"
  },
  {
    "objectId": "5df3576e129ec20d34d05e99",
    "owningId": "EK0aAOqjpF",
    "relatedId": "PNmkGSfqkn"
  },
  {
    "objectId": "5df3576e129ec20d34d05ea8",
    "owningId": "EK0aAOqjpF",
    "relatedId": "zSDVsml0mi"
  },
  {
    "objectId": "5df35ab9129ec20d34d06053",
    "owningId": "absaiCHEBc",
    "relatedId": "cDJUiB9JC1"
  },
  {
    "objectId": "5df35ab9129ec20d34d06054",
    "owningId": "absaiCHEBc",
    "relatedId": "5tZlvv2ox9"
  },
  {
    "objectId": "5df35ab9129ec20d34d06062",
    "owningId": "absaiCHEBc",
    "relatedId": "1p6b0bCHkG"
  },
  {
    "objectId": "5df35ab9129ec20d34d06066",
    "owningId": "Z8aoioLpWJ",
    "relatedId": "iQF7EWj8ET"
  },
  {
    "objectId": "5df35ab9129ec20d34d06067",
    "owningId": "absaiCHEBc",
    "relatedId": "r8wZl3GLUo"
  },
  {
    "objectId": "5df35ab9129ec20d34d06070",
    "owningId": "absaiCHEBc",
    "relatedId": "hONeAJLIUc"
  },
  {
    "objectId": "5df35ab9129ec20d34d0606f",
    "owningId": "absaiCHEBc",
    "relatedId": "rIzhjzeHyS"
  },
  {
    "objectId": "5df35ab9129ec20d34d06077",
    "owningId": "Z8aoioLpWJ",
    "relatedId": "9H9yEIB7lH"
  },
  {
    "objectId": "5df35ab9129ec20d34d06090",
    "owningId": "GJxBPYrMSj",
    "relatedId": "pufI6BG0pV"
  },
  {
    "objectId": "5df35ab9129ec20d34d06085",
    "owningId": "JGuSRx3wce",
    "relatedId": "T5bXIoDgPs"
  },
  {
    "objectId": "5df35ab9129ec20d34d06088",
    "owningId": "GJxBPYrMSj",
    "relatedId": "ahfXDD8rYu"
  },
  {
    "objectId": "5df35ab9129ec20d34d0608f",
    "owningId": "GJxBPYrMSj",
    "relatedId": "G19ZLa1wTX"
  },
  {
    "objectId": "5df35ab9129ec20d34d06084",
    "owningId": "JGuSRx3wce",
    "relatedId": "5tZlvv2ox9"
  },
  {
    "objectId": "5df35ab9129ec20d34d06091",
    "owningId": "GJxBPYrMSj",
    "relatedId": "vm5oFLkUlp"
  },
  {
    "objectId": "5df35ab9129ec20d34d0608a",
    "owningId": "GJxBPYrMSj",
    "relatedId": "EBJPKYWXYO"
  },
  {
    "objectId": "5df35ab9129ec20d34d06093",
    "owningId": "GJxBPYrMSj",
    "relatedId": "4zFU6rRFDo"
  },
  {
    "objectId": "5df35ab9129ec20d34d06082",
    "owningId": "GJxBPYrMSj",
    "relatedId": "x4Iv7CH7z1"
  },
  {
    "objectId": "5df35ab9129ec20d34d060a3",
    "owningId": "Z8aoioLpWJ",
    "relatedId": "76TvcKXGWM"
  },
  {
    "objectId": "5df35ab9129ec20d34d060a5",
    "owningId": "Z8aoioLpWJ",
    "relatedId": "1p6b0bCHkG"
  },
  {
    "objectId": "5df35ab9129ec20d34d060e8",
    "owningId": "C48syQ0LWn",
    "relatedId": "9wOZbJbpj2"
  },
  {
    "objectId": "5df35ab9129ec20d34d060e9",
    "owningId": "C48syQ0LWn",
    "relatedId": "3isiNGfJHe"
  },
  {
    "objectId": "5df35ab9129ec20d34d060eb",
    "owningId": "C48syQ0LWn",
    "relatedId": "hwA5hYcRUO"
  },
  {
    "objectId": "5df35ab9129ec20d34d060ee",
    "owningId": "C48syQ0LWn",
    "relatedId": "3vMWEC9iFD"
  },
  {
    "objectId": "5df35ab9129ec20d34d060ed",
    "owningId": "C48syQ0LWn",
    "relatedId": "iAE0iyBwVV"
  },
  {
    "objectId": "5df35ab9129ec20d34d060f3",
    "owningId": "C48syQ0LWn",
    "relatedId": "FqYLk3wRru"
  },
  {
    "objectId": "5df35ab9129ec20d34d060f5",
    "owningId": "C48syQ0LWn",
    "relatedId": "qOiYwWxilv"
  },
  {
    "objectId": "5df35ab9129ec20d34d060ef",
    "owningId": "C48syQ0LWn",
    "relatedId": "FDnXV44kjG"
  },
  {
    "objectId": "5df35ab9129ec20d34d060ff",
    "owningId": "C48syQ0LWn",
    "relatedId": "9H9yEIB7lH"
  },
  {
    "objectId": "5df35ab9129ec20d34d06106",
    "owningId": "C48syQ0LWn",
    "relatedId": "ACn4b7sHwa"
  },
  {
    "objectId": "5df35ab9129ec20d34d0610a",
    "owningId": "C48syQ0LWn",
    "relatedId": "a8zvJGAEMF"
  },
  {
    "objectId": "5df35ab9129ec20d34d06148",
    "owningId": "JGuSRx3wce",
    "relatedId": "1p6b0bCHkG"
  },
  {
    "objectId": "5df35ab9129ec20d34d0614d",
    "owningId": "JGuSRx3wce",
    "relatedId": "5M3tNSJQLG"
  },
  {
    "objectId": "5df35ab9129ec20d34d0614f",
    "owningId": "JGuSRx3wce",
    "relatedId": "rIzhjzeHyS"
  },
  {
    "objectId": "5df35ab9129ec20d34d06151",
    "owningId": "JGuSRx3wce",
    "relatedId": "cDJUiB9JC1"
  },
  {
    "objectId": "5df35ab9129ec20d34d06152",
    "owningId": "JGuSRx3wce",
    "relatedId": "mdhv40BZCt"
  },
  {
    "objectId": "5df35ab9129ec20d34d06154",
    "owningId": "JGuSRx3wce",
    "relatedId": "QVtASwNZjT"
  },
  {
    "objectId": "5df35aba129ec20d34d0616d",
    "owningId": "3XBhh1SFap",
    "relatedId": "iXxuahmJOm"
  },
  {
    "objectId": "5df35aba129ec20d34d0616e",
    "owningId": "3XBhh1SFap",
    "relatedId": "e6QHyPIz7H"
  },
  {
    "objectId": "5df35aba129ec20d34d0616b",
    "owningId": "3XBhh1SFap",
    "relatedId": "ahfXDD8rYu"
  },
  {
    "objectId": "5df35aba129ec20d34d06171",
    "owningId": "3XBhh1SFap",
    "relatedId": "BkKB9Ze5Dn"
  },
  {
    "objectId": "5df35aba129ec20d34d0616f",
    "owningId": "3XBhh1SFap",
    "relatedId": "RH3t4BKXu3"
  },
  {
    "objectId": "5df35aba129ec20d34d0618d",
    "owningId": "3XBhh1SFap",
    "relatedId": "iAE0iyBwVV"
  },
  {
    "objectId": "5df35aba129ec20d34d06194",
    "owningId": "3XBhh1SFap",
    "relatedId": "hwA5hYcRUO"
  },
  {
    "objectId": "5df35aba129ec20d34d06195",
    "owningId": "3XBhh1SFap",
    "relatedId": "GBxsK80Pai"
  },
  {
    "objectId": "5df35aba129ec20d34d06198",
    "owningId": "3XBhh1SFap",
    "relatedId": "k2DHIKJMF2"
  },
  {
    "objectId": "5df35aba129ec20d34d06196",
    "owningId": "3XBhh1SFap",
    "relatedId": "FqYLk3wRru"
  },
  {
    "objectId": "5df35aba129ec20d34d06197",
    "owningId": "3XBhh1SFap",
    "relatedId": "u7Sb7EFoA0"
  },
  {
    "objectId": "5df35aba129ec20d34d06199",
    "owningId": "3XBhh1SFap",
    "relatedId": "HEUKVfV1SA"
  },
  {
    "objectId": "5df35aba129ec20d34d0619a",
    "owningId": "3XBhh1SFap",
    "relatedId": "gkyfTcdtNH"
  },
  {
    "objectId": "5df3d17b129ec20d34d0696b",
    "owningId": "G9lujlgD6e",
    "relatedId": "FGUqp2Fgx5"
  },
  {
    "objectId": "5df3d17b129ec20d34d0696a",
    "owningId": "G9lujlgD6e",
    "relatedId": "Z2PIVfa1zH"
  },
  {
    "objectId": "5df3d17b129ec20d34d06975",
    "owningId": "vIXV6okxrR",
    "relatedId": "iIlU8hclS4"
  },
  {
    "objectId": "5df3d17b129ec20d34d06971",
    "owningId": "G9lujlgD6e",
    "relatedId": "pjkccwcc0c"
  },
  {
    "objectId": "5df3d17b129ec20d34d06970",
    "owningId": "G9lujlgD6e",
    "relatedId": "TBtp4poOOa"
  },
  {
    "objectId": "5df3d17b129ec20d34d06994",
    "owningId": "vIXV6okxrR",
    "relatedId": "xVh4NfKhbB"
  },
  {
    "objectId": "5df3d17b129ec20d34d0699e",
    "owningId": "0F0k8lV3Ms",
    "relatedId": "kvdTs1Lb6p"
  },
  {
    "objectId": "5df3d17b129ec20d34d069a0",
    "owningId": "0F0k8lV3Ms",
    "relatedId": "gvZuVxYd3m"
  },
  {
    "objectId": "5df3d17b129ec20d34d069b5",
    "owningId": "f3fhjjGFjZ",
    "relatedId": "3iR3tCSA3l"
  },
  {
    "objectId": "5df3d17b129ec20d34d069af",
    "owningId": "f3fhjjGFjZ",
    "relatedId": "lkAMXCokqQ"
  },
  {
    "objectId": "5df3d17b129ec20d34d069ab",
    "owningId": "f3fhjjGFjZ",
    "relatedId": "pjkccwcc0c"
  },
  {
    "objectId": "5df3d17b129ec20d34d069b8",
    "owningId": "f3fhjjGFjZ",
    "relatedId": "6PQTXE396T"
  },
  {
    "objectId": "5df3d17b129ec20d34d069ad",
    "owningId": "f3fhjjGFjZ",
    "relatedId": "vuyGGrmfDL"
  },
  {
    "objectId": "5df3d17b129ec20d34d069b9",
    "owningId": "f3fhjjGFjZ",
    "relatedId": "NW6SjufWIY"
  },
  {
    "objectId": "5df3d17b129ec20d34d069ba",
    "owningId": "f3fhjjGFjZ",
    "relatedId": "iIlU8hclS4"
  },
  {
    "objectId": "5df3d17b129ec20d34d069c8",
    "owningId": "f3fhjjGFjZ",
    "relatedId": "LdHylxRdH8"
  },
  {
    "objectId": "5df3d17b129ec20d34d069bc",
    "owningId": "vIXV6okxrR",
    "relatedId": "pjkccwcc0c"
  },
  {
    "objectId": "5df3d17b129ec20d34d069bb",
    "owningId": "0F0k8lV3Ms",
    "relatedId": "4l1YiKCvL5"
  },
  {
    "objectId": "5df3d17b129ec20d34d069dd",
    "owningId": "vIXV6okxrR",
    "relatedId": "NW6SjufWIY"
  },
  {
    "objectId": "5df3d17b129ec20d34d069ea",
    "owningId": "vIXV6okxrR",
    "relatedId": "vuyGGrmfDL"
  },
  {
    "objectId": "5df3d17b129ec20d34d069ee",
    "owningId": "vIXV6okxrR",
    "relatedId": "gJgziV8B2m"
  },
  {
    "objectId": "5df3d17b129ec20d34d069f1",
    "owningId": "7mCsz2IBgk",
    "relatedId": "Z2PIVfa1zH"
  },
  {
    "objectId": "5df3d17b129ec20d34d069f5",
    "owningId": "7mCsz2IBgk",
    "relatedId": "6Pvz5bR6Tl"
  },
  {
    "objectId": "5df3d17b129ec20d34d069f6",
    "owningId": "7mCsz2IBgk",
    "relatedId": "L9fMRFrw56"
  },
  {
    "objectId": "5df3d17b129ec20d34d069f7",
    "owningId": "7mCsz2IBgk",
    "relatedId": "CV2yC8skVE"
  },
  {
    "objectId": "5df3d17b129ec20d34d069fb",
    "owningId": "7mCsz2IBgk",
    "relatedId": "snaFymMaSb"
  },
  {
    "objectId": "5df3d17b129ec20d34d069fa",
    "owningId": "7mCsz2IBgk",
    "relatedId": "vyjq4IYXBb"
  },
  {
    "objectId": "5df3d17b129ec20d34d069fd",
    "owningId": "7mCsz2IBgk",
    "relatedId": "uCViAQxcP3"
  },
  {
    "objectId": "5df3d17b129ec20d34d06a01",
    "owningId": "7mCsz2IBgk",
    "relatedId": "JNfDzxJx6J"
  },
  {
    "objectId": "5df3d17b129ec20d34d06a00",
    "owningId": "7mCsz2IBgk",
    "relatedId": "liWObu4OWL"
  },
  {
    "objectId": "5df3d17b129ec20d34d069ff",
    "owningId": "7mCsz2IBgk",
    "relatedId": "SA7L6yfvO2"
  },
  {
    "objectId": "5df3d17b129ec20d34d06a07",
    "owningId": "7mCsz2IBgk",
    "relatedId": "eGiCNrQA8k"
  },
  {
    "objectId": "5df3d17b129ec20d34d06a27",
    "owningId": "0F0k8lV3Ms",
    "relatedId": "93nGpo5lfH"
  },
  {
    "objectId": "5df3d17b129ec20d34d06a29",
    "owningId": "0F0k8lV3Ms",
    "relatedId": "SO81hcCBMu"
  },
  {
    "objectId": "5df3d17b129ec20d34d06a2d",
    "owningId": "0F0k8lV3Ms",
    "relatedId": "ZwQIh5kz6W"
  },
  {
    "objectId": "5df3d17b129ec20d34d06a30",
    "owningId": "0F0k8lV3Ms",
    "relatedId": "3qHEnRj57P"
  },
  {
    "objectId": "5df3d2c4129ec20d34d06b8b",
    "owningId": "St6JiVMbO0",
    "relatedId": "3WjExPV7cG"
  },
  {
    "objectId": "5df3d2c4129ec20d34d06b8c",
    "owningId": "St6JiVMbO0",
    "relatedId": "EuaBKB2MId"
  },
  {
    "objectId": "5df3d2c4129ec20d34d06b87",
    "owningId": "St6JiVMbO0",
    "relatedId": "nte6eI32By"
  },
  {
    "objectId": "5df3d2c4129ec20d34d06b8f",
    "owningId": "St6JiVMbO0",
    "relatedId": "g76nLcXgIp"
  },
  {
    "objectId": "5df3d2c4129ec20d34d06b8e",
    "owningId": "St6JiVMbO0",
    "relatedId": "dk7nEkijDy"
  },
  {
    "objectId": "5df3d2c4129ec20d34d06b90",
    "owningId": "St6JiVMbO0",
    "relatedId": "EJ5L4F5vje"
  },
  {
    "objectId": "5df3d2c4129ec20d34d06bb3",
    "owningId": "uxLEBX5BfJ",
    "relatedId": "EJ5L4F5vje"
  },
  {
    "objectId": "5df3d2c4129ec20d34d06bb5",
    "owningId": "uxLEBX5BfJ",
    "relatedId": "3WjExPV7cG"
  },
  {
    "objectId": "5df3d2c4129ec20d34d06bb6",
    "owningId": "uxLEBX5BfJ",
    "relatedId": "nte6eI32By"
  },
  {
    "objectId": "5df3d2c4129ec20d34d06bb8",
    "owningId": "uxLEBX5BfJ",
    "relatedId": "zYtNRoRwW1"
  },
  {
    "objectId": "5df3d2c4129ec20d34d06bb9",
    "owningId": "uxLEBX5BfJ",
    "relatedId": "g76nLcXgIp"
  },
  {
    "objectId": "5df3d2c4129ec20d34d06bbb",
    "owningId": "uxLEBX5BfJ",
    "relatedId": "X1DWVXosn9"
  },
  {
    "objectId": "5df3d2c4129ec20d34d06bba",
    "owningId": "uxLEBX5BfJ",
    "relatedId": "XjCPizz3lz"
  },
  {
    "objectId": "5df3d2c4129ec20d34d06bbe",
    "owningId": "uxLEBX5BfJ",
    "relatedId": "3bkiqA63uD"
  },
  {
    "objectId": "5df3d2c4129ec20d34d06bd6",
    "owningId": "umV1r61yyF",
    "relatedId": "PDHNDUtJyc"
  },
  {
    "objectId": "5df3d2c4129ec20d34d06bda",
    "owningId": "umV1r61yyF",
    "relatedId": "lc7Ho1BxLp"
  },
  {
    "objectId": "5df3d2c4129ec20d34d06bdd",
    "owningId": "umV1r61yyF",
    "relatedId": "OoA86Ed9lT"
  },
  {
    "objectId": "5df3d2c4129ec20d34d06bdf",
    "owningId": "umV1r61yyF",
    "relatedId": "AP34KJ3bDW"
  },
  {
    "objectId": "5df3d2c4129ec20d34d06be9",
    "owningId": "umV1r61yyF",
    "relatedId": "qhG0x57HTm"
  },
  {
    "objectId": "5df3d2c4129ec20d34d06bf7",
    "owningId": "umV1r61yyF",
    "relatedId": "v5SPQqZ9D3"
  },
  {
    "objectId": "5df3d2c4129ec20d34d06bed",
    "owningId": "umV1r61yyF",
    "relatedId": "fmtlpe3jeg"
  },
  {
    "objectId": "5df3d2c4129ec20d34d06be7",
    "owningId": "umV1r61yyF",
    "relatedId": "anDZ7V0Fy0"
  },
  {
    "objectId": "5df3d2c4129ec20d34d06be4",
    "owningId": "umV1r61yyF",
    "relatedId": "xgI9gPcnwk"
  },
  {
    "objectId": "5df3d2c4129ec20d34d06bfd",
    "owningId": "umV1r61yyF",
    "relatedId": "2K3SBZKODL"
  },
  {
    "objectId": "5df3d2c4129ec20d34d06bff",
    "owningId": "umV1r61yyF",
    "relatedId": "IjVH2Zt3uF"
  },
  {
    "objectId": "5df3d2c4129ec20d34d06be6",
    "owningId": "umV1r61yyF",
    "relatedId": "jp5oIpRDhz"
  },
  {
    "objectId": "5df3d2c4129ec20d34d06bf9",
    "owningId": "umV1r61yyF",
    "relatedId": "WiP4CRMcux"
  },
  {
    "objectId": "5df3d2c4129ec20d34d06c14",
    "owningId": "2xJIO01dk2",
    "relatedId": "WKPoSqph1w"
  },
  {
    "objectId": "5df3d2c4129ec20d34d06c1c",
    "owningId": "2xJIO01dk2",
    "relatedId": "qhG0x57HTm"
  },
  {
    "objectId": "5df3d2c4129ec20d34d06c1a",
    "owningId": "2xJIO01dk2",
    "relatedId": "fw5Q0Brj5A"
  },
  {
    "objectId": "5df3d2c4129ec20d34d06c15",
    "owningId": "2xJIO01dk2",
    "relatedId": "SdNPo8uTGn"
  },
  {
    "objectId": "5df3d2c4129ec20d34d06c16",
    "owningId": "2xJIO01dk2",
    "relatedId": "EcHO0LyZoN"
  },
  {
    "objectId": "5df3d2c4129ec20d34d06c3d",
    "owningId": "2xJIO01dk2",
    "relatedId": "BI84iYZfr1"
  },
  {
    "objectId": "5df3d2c4129ec20d34d06c3c",
    "owningId": "2xJIO01dk2",
    "relatedId": "bcteA7hQ8N"
  },
  {
    "objectId": "5df3d2c4129ec20d34d06c86",
    "owningId": "vcatUNG8Sy",
    "relatedId": "JGxtapxD4L"
  },
  {
    "objectId": "5df3d2c4129ec20d34d06c87",
    "owningId": "vcatUNG8Sy",
    "relatedId": "R8rG2y1YYB"
  },
  {
    "objectId": "5df3d2c4129ec20d34d06c8a",
    "owningId": "vcatUNG8Sy",
    "relatedId": "SzXEAc4KEA"
  },
  {
    "objectId": "5df3d2c4129ec20d34d06c8b",
    "owningId": "vcatUNG8Sy",
    "relatedId": "lc7Ho1BxLp"
  },
  {
    "objectId": "5df3d2c4129ec20d34d06c8e",
    "owningId": "vcatUNG8Sy",
    "relatedId": "Z8dC8PNFMg"
  },
  {
    "objectId": "5df3d2c4129ec20d34d06c8d",
    "owningId": "vcatUNG8Sy",
    "relatedId": "PDHNDUtJyc"
  },
  {
    "objectId": "5df3d2c4129ec20d34d06c93",
    "owningId": "vcatUNG8Sy",
    "relatedId": "v5SPQqZ9D3"
  },
  {
    "objectId": "5df3d2c4129ec20d34d06c92",
    "owningId": "vcatUNG8Sy",
    "relatedId": "uNXKB771CY"
  },
  {
    "objectId": "5df3d2c4129ec20d34d06c8f",
    "owningId": "vcatUNG8Sy",
    "relatedId": "azv1WILMm5"
  },
  {
    "objectId": "5df3d2c4129ec20d34d06c90",
    "owningId": "vcatUNG8Sy",
    "relatedId": "tqGfxnBwif"
  },
  {
    "objectId": "5df3d2c4129ec20d34d06c97",
    "owningId": "vcatUNG8Sy",
    "relatedId": "FRYMWjFtLn"
  },
  {
    "objectId": "5df3d2c4129ec20d34d06cd4",
    "owningId": "9XR29QutcM",
    "relatedId": "nte6eI32By"
  },
  {
    "objectId": "5df3d2c4129ec20d34d06cd7",
    "owningId": "9XR29QutcM",
    "relatedId": "JGxtapxD4L"
  },
  {
    "objectId": "5df3d2c4129ec20d34d06cda",
    "owningId": "9XR29QutcM",
    "relatedId": "Scgp7py4zC"
  },
  {
    "objectId": "5df3d2c4129ec20d34d06cdb",
    "owningId": "9XR29QutcM",
    "relatedId": "IhtBpDikr2"
  },
  {
    "objectId": "5df3d324129ec20d34d06e86",
    "owningId": "o2UXkur4xZ",
    "relatedId": "1r8N4PDjF5"
  },
  {
    "objectId": "5df3d324129ec20d34d06e8a",
    "owningId": "o2UXkur4xZ",
    "relatedId": "52MPWqf9E0"
  },
  {
    "objectId": "5df3d324129ec20d34d06e8c",
    "owningId": "o2UXkur4xZ",
    "relatedId": "LebtPFZPpm"
  },
  {
    "objectId": "5df3d324129ec20d34d06e94",
    "owningId": "o2UXkur4xZ",
    "relatedId": "oxWhcYGBdX"
  },
  {
    "objectId": "5df3d324129ec20d34d06ebb",
    "owningId": "hCjiCKfNqu",
    "relatedId": "IBgvLXD7BC"
  },
  {
    "objectId": "5df3d324129ec20d34d06eb8",
    "owningId": "hCjiCKfNqu",
    "relatedId": "arundTiRyB"
  },
  {
    "objectId": "5df3d324129ec20d34d06ebe",
    "owningId": "hCjiCKfNqu",
    "relatedId": "kfDYileb9c"
  },
  {
    "objectId": "5df3d324129ec20d34d06eb9",
    "owningId": "hCjiCKfNqu",
    "relatedId": "PBQqxIWbXe"
  },
  {
    "objectId": "5df3d324129ec20d34d06ebd",
    "owningId": "hCjiCKfNqu",
    "relatedId": "MEpjDBaXwt"
  },
  {
    "objectId": "5df3d324129ec20d34d06ec0",
    "owningId": "hCjiCKfNqu",
    "relatedId": "JYv7N2cPOJ"
  },
  {
    "objectId": "5df3d324129ec20d34d06ec1",
    "owningId": "hCjiCKfNqu",
    "relatedId": "iR2WkSj3iw"
  },
  {
    "objectId": "5df3d324129ec20d34d06ec5",
    "owningId": "hCjiCKfNqu",
    "relatedId": "HVgXbIpV33"
  },
  {
    "objectId": "5df3d324129ec20d34d06ebf",
    "owningId": "hCjiCKfNqu",
    "relatedId": "cWuBFLDzSE"
  },
  {
    "objectId": "5df3d324129ec20d34d06ecf",
    "owningId": "hCjiCKfNqu",
    "relatedId": "alkfB5TTpB"
  },
  {
    "objectId": "5df3d324129ec20d34d06ec7",
    "owningId": "gy6h5lohFv",
    "relatedId": "oxWhcYGBdX"
  },
  {
    "objectId": "5df3d324129ec20d34d06ecc",
    "owningId": "hCjiCKfNqu",
    "relatedId": "DILhbIGX3e"
  },
  {
    "objectId": "5df3d324129ec20d34d06ecd",
    "owningId": "hCjiCKfNqu",
    "relatedId": "v3S7YAWgx9"
  },
  {
    "objectId": "5df3d324129ec20d34d06ecb",
    "owningId": "hCjiCKfNqu",
    "relatedId": "CdGFw4o2eI"
  },
  {
    "objectId": "5df3d324129ec20d34d06ed3",
    "owningId": "gy6h5lohFv",
    "relatedId": "yJg8BwAQMc"
  },
  {
    "objectId": "5df3d324129ec20d34d06eda",
    "owningId": "gy6h5lohFv",
    "relatedId": "1AgZWnRyHX"
  },
  {
    "objectId": "5df3d324129ec20d34d06ee3",
    "owningId": "gy6h5lohFv",
    "relatedId": "2e6eLcuH19"
  },
  {
    "objectId": "5df3d324129ec20d34d06ee7",
    "owningId": "gy6h5lohFv",
    "relatedId": "fAw5dWEYVE"
  },
  {
    "objectId": "5df3d324129ec20d34d06eeb",
    "owningId": "gy6h5lohFv",
    "relatedId": "k5ZL0dOY2E"
  },
  {
    "objectId": "5df3d324129ec20d34d06f37",
    "owningId": "22WgxoErVl",
    "relatedId": "yJg8BwAQMc"
  },
  {
    "objectId": "5df3d324129ec20d34d06f3d",
    "owningId": "22WgxoErVl",
    "relatedId": "oADTgrg0HN"
  },
  {
    "objectId": "5df3d324129ec20d34d06f3c",
    "owningId": "22WgxoErVl",
    "relatedId": "1AgZWnRyHX"
  },
  {
    "objectId": "5df3d324129ec20d34d06f39",
    "owningId": "22WgxoErVl",
    "relatedId": "2e6eLcuH19"
  },
  {
    "objectId": "5df3d324129ec20d34d06f3b",
    "owningId": "22WgxoErVl",
    "relatedId": "UqqrCUtd50"
  },
  {
    "objectId": "5df3d324129ec20d34d06f3a",
    "owningId": "22WgxoErVl",
    "relatedId": "oxWhcYGBdX"
  },
  {
    "objectId": "5df3d324129ec20d34d06f3e",
    "owningId": "22WgxoErVl",
    "relatedId": "RWdyUHkAqm"
  },
  {
    "objectId": "5df3d324129ec20d34d06f3f",
    "owningId": "22WgxoErVl",
    "relatedId": "EBEmUIcvDz"
  },
  {
    "objectId": "5df3d324129ec20d34d06f61",
    "owningId": "f2hwb4CWUH",
    "relatedId": "SkmzVy9SqB"
  },
  {
    "objectId": "5df3d324129ec20d34d06f60",
    "owningId": "f2hwb4CWUH",
    "relatedId": "HZERGgqrEt"
  },
  {
    "objectId": "5df3d324129ec20d34d06f6a",
    "owningId": "f2hwb4CWUH",
    "relatedId": "o5O9RHdwgh"
  },
  {
    "objectId": "5df3d324129ec20d34d06f6f",
    "owningId": "f2hwb4CWUH",
    "relatedId": "TAWGimDw91"
  },
  {
    "objectId": "5df3d324129ec20d34d06f6e",
    "owningId": "f2hwb4CWUH",
    "relatedId": "iR2WkSj3iw"
  },
  {
    "objectId": "5df3d324129ec20d34d06f6d",
    "owningId": "f2hwb4CWUH",
    "relatedId": "MEpjDBaXwt"
  },
  {
    "objectId": "5df3d324129ec20d34d06f76",
    "owningId": "f2hwb4CWUH",
    "relatedId": "s4taiJpFqa"
  },
  {
    "objectId": "5df3d324129ec20d34d06f6c",
    "owningId": "f2hwb4CWUH",
    "relatedId": "1r8N4PDjF5"
  },
  {
    "objectId": "5df3d324129ec20d34d06f71",
    "owningId": "f2hwb4CWUH",
    "relatedId": "ds20tjCMBv"
  },
  {
    "objectId": "5df3d324129ec20d34d06f75",
    "owningId": "f2hwb4CWUH",
    "relatedId": "PBQqxIWbXe"
  },
  {
    "objectId": "5df3d324129ec20d34d06f79",
    "owningId": "f2hwb4CWUH",
    "relatedId": "F2lmTFb4rf"
  },
  {
    "objectId": "5df3d662129ec20d34d070c7",
    "owningId": "ik1vz4srLr",
    "relatedId": "1dYZwIuibe"
  },
  {
    "objectId": "5df3d662129ec20d34d070c9",
    "owningId": "ik1vz4srLr",
    "relatedId": "POrlgiUmAO"
  },
  {
    "objectId": "5df3d662129ec20d34d070d0",
    "owningId": "ik1vz4srLr",
    "relatedId": "JeN7IWOhl1"
  },
  {
    "objectId": "5df3d662129ec20d34d070ce",
    "owningId": "ik1vz4srLr",
    "relatedId": "sQ3RCf6Eou"
  },
  {
    "objectId": "5df3d662129ec20d34d070ca",
    "owningId": "ik1vz4srLr",
    "relatedId": "5sxSIrhjVX"
  },
  {
    "objectId": "5df3d662129ec20d34d070d1",
    "owningId": "ik1vz4srLr",
    "relatedId": "BzKuxbjAy1"
  },
  {
    "objectId": "5df3d662129ec20d34d070cf",
    "owningId": "ik1vz4srLr",
    "relatedId": "y4NPiZecbK"
  },
  {
    "objectId": "5df3d662129ec20d34d070db",
    "owningId": "erAysjHdDP",
    "relatedId": "i0jB1LbBOo"
  },
  {
    "objectId": "5df3d662129ec20d34d070d7",
    "owningId": "erAysjHdDP",
    "relatedId": "e5360yp2EC"
  },
  {
    "objectId": "5df3d662129ec20d34d070cb",
    "owningId": "ik1vz4srLr",
    "relatedId": "2HCxmf2anX"
  },
  {
    "objectId": "5df3d662129ec20d34d07100",
    "owningId": "MdrCUIMj67",
    "relatedId": "xbDCY3uzSZ"
  },
  {
    "objectId": "5df3d662129ec20d34d070d3",
    "owningId": "ik1vz4srLr",
    "relatedId": "S4vDFcZYfF"
  },
  {
    "objectId": "5df3d662129ec20d34d070d4",
    "owningId": "ik1vz4srLr",
    "relatedId": "OBqAXWMol2"
  },
  {
    "objectId": "5df3d662129ec20d34d070dc",
    "owningId": "erAysjHdDP",
    "relatedId": "Rd60Fog0v0"
  },
  {
    "objectId": "5df3d662129ec20d34d070d8",
    "owningId": "ik1vz4srLr",
    "relatedId": "S2TMbB8RfG"
  },
  {
    "objectId": "5df3d662129ec20d34d0710a",
    "owningId": "MdrCUIMj67",
    "relatedId": "RmHkyyuRHu"
  },
  {
    "objectId": "5df3d662129ec20d34d07113",
    "owningId": "MdrCUIMj67",
    "relatedId": "GJ1zZ01LlE"
  },
  {
    "objectId": "5df3d662129ec20d34d07114",
    "owningId": "MdrCUIMj67",
    "relatedId": "Fj9jXWRBs4"
  },
  {
    "objectId": "5df3d662129ec20d34d07116",
    "owningId": "MdrCUIMj67",
    "relatedId": "IdLHjGtmVH"
  },
  {
    "objectId": "5df3d662129ec20d34d0712d",
    "owningId": "MdrCUIMj67",
    "relatedId": "wPwNr6bP69"
  },
  {
    "objectId": "5df3d662129ec20d34d07137",
    "owningId": "MdrCUIMj67",
    "relatedId": "6qHB2xbgT6"
  },
  {
    "objectId": "5df3d662129ec20d34d0713a",
    "owningId": "erAysjHdDP",
    "relatedId": "yFfWLOds2Q"
  },
  {
    "objectId": "5df3d662129ec20d34d0713c",
    "owningId": "erAysjHdDP",
    "relatedId": "7RxH6Y81Gf"
  },
  {
    "objectId": "5df3d662129ec20d34d0713e",
    "owningId": "erAysjHdDP",
    "relatedId": "QudtOVtCWX"
  },
  {
    "objectId": "5df3d662129ec20d34d07142",
    "owningId": "erAysjHdDP",
    "relatedId": "xdHnfcFCeC"
  },
  {
    "objectId": "5df3d662129ec20d34d07146",
    "owningId": "erAysjHdDP",
    "relatedId": "uPIVw50yYA"
  },
  {
    "objectId": "5df3d662129ec20d34d07184",
    "owningId": "EhhW2oGSAm",
    "relatedId": "QudtOVtCWX"
  },
  {
    "objectId": "5df3d662129ec20d34d07182",
    "owningId": "EhhW2oGSAm",
    "relatedId": "yFfWLOds2Q"
  },
  {
    "objectId": "5df3d662129ec20d34d071a2",
    "owningId": "Wk3dCI67wQ",
    "relatedId": "e5360yp2EC"
  },
  {
    "objectId": "5df3d662129ec20d34d071a1",
    "owningId": "Wk3dCI67wQ",
    "relatedId": "cw6HDfa0uN"
  },
  {
    "objectId": "5df3d662129ec20d34d071aa",
    "owningId": "EhhW2oGSAm",
    "relatedId": "7RxH6Y81Gf"
  },
  {
    "objectId": "5df3d662129ec20d34d071a7",
    "owningId": "EhhW2oGSAm",
    "relatedId": "MPsj8BEdW3"
  },
  {
    "objectId": "5df3d662129ec20d34d071ab",
    "owningId": "EhhW2oGSAm",
    "relatedId": "e5360yp2EC"
  },
  {
    "objectId": "5df3d662129ec20d34d071b3",
    "owningId": "EhhW2oGSAm",
    "relatedId": "2RWVeyGPje"
  },
  {
    "objectId": "5df3d662129ec20d34d071c3",
    "owningId": "Wk3dCI67wQ",
    "relatedId": "1dYZwIuibe"
  },
  {
    "objectId": "5df3d662129ec20d34d071c5",
    "owningId": "Wk3dCI67wQ",
    "relatedId": "koade3EmVD"
  },
  {
    "objectId": "5df3d662129ec20d34d071cf",
    "owningId": "metAoBGOUb",
    "relatedId": "y4NPiZecbK"
  },
  {
    "objectId": "5df3d662129ec20d34d071d0",
    "owningId": "metAoBGOUb",
    "relatedId": "Fj9jXWRBs4"
  },
  {
    "objectId": "5df3d662129ec20d34d071d1",
    "owningId": "metAoBGOUb",
    "relatedId": "qmHxRR5NyD"
  },
  {
    "objectId": "5df3d662129ec20d34d071d3",
    "owningId": "metAoBGOUb",
    "relatedId": "IVU3Mk2Y5p"
  },
  {
    "objectId": "5df3d662129ec20d34d071d7",
    "owningId": "metAoBGOUb",
    "relatedId": "B3TQt0f3QO"
  },
  {
    "objectId": "5df3d662129ec20d34d07200",
    "owningId": "metAoBGOUb",
    "relatedId": "S2TMbB8RfG"
  },
  {
    "objectId": "5df3d662129ec20d34d07202",
    "owningId": "metAoBGOUb",
    "relatedId": "pXvGHqIFCl"
  },
  {
    "objectId": "5df3d662129ec20d34d07205",
    "owningId": "metAoBGOUb",
    "relatedId": "cQKLE5BxRG"
  },
  {
    "objectId": "5df3d662129ec20d34d07204",
    "owningId": "metAoBGOUb",
    "relatedId": "Gp1T1XCwmz"
  },
  {
    "objectId": "5df3d662129ec20d34d07207",
    "owningId": "metAoBGOUb",
    "relatedId": "l6y2lFJZjY"
  },
  {
    "objectId": "5df3d662129ec20d34d07209",
    "owningId": "metAoBGOUb",
    "relatedId": "5sxSIrhjVX"
  },
  {
    "objectId": "5df3d662129ec20d34d0720c",
    "owningId": "metAoBGOUb",
    "relatedId": "jtyIWxLmG9"
  },
  {
    "objectId": "5df3d662129ec20d34d0720f",
    "owningId": "metAoBGOUb",
    "relatedId": "qdbnIEPGv3"
  },
  {
    "objectId": "5df3d710129ec20d34d07415",
    "owningId": "ySERXwSQJt",
    "relatedId": "mHOtib4EJa"
  },
  {
    "objectId": "5df3d710129ec20d34d0741a",
    "owningId": "ySERXwSQJt",
    "relatedId": "UHTmmbnWYD"
  },
  {
    "objectId": "5df3d710129ec20d34d07418",
    "owningId": "ySERXwSQJt",
    "relatedId": "LKmDeULwmi"
  },
  {
    "objectId": "5df3d710129ec20d34d07417",
    "owningId": "ySERXwSQJt",
    "relatedId": "990LB80LMB"
  },
  {
    "objectId": "5df3d710129ec20d34d07419",
    "owningId": "ySERXwSQJt",
    "relatedId": "Y9zqydWj6j"
  },
  {
    "objectId": "5df3d710129ec20d34d07416",
    "owningId": "ySERXwSQJt",
    "relatedId": "tP0lwYpQm4"
  },
  {
    "objectId": "5df3d710129ec20d34d0743d",
    "owningId": "oupwtInNG8",
    "relatedId": "pc6RfIQorJ"
  },
  {
    "objectId": "5df3d710129ec20d34d07439",
    "owningId": "oupwtInNG8",
    "relatedId": "SijDywGOrT"
  },
  {
    "objectId": "5df3d710129ec20d34d07453",
    "owningId": "SSvOy4LW1d",
    "relatedId": "j25ruRvZXe"
  },
  {
    "objectId": "5df3d710129ec20d34d0744f",
    "owningId": "SSvOy4LW1d",
    "relatedId": "y9OWzSIfHU"
  },
  {
    "objectId": "5df3d710129ec20d34d07448",
    "owningId": "oupwtInNG8",
    "relatedId": "mHOtib4EJa"
  },
  {
    "objectId": "5df3d710129ec20d34d0744e",
    "owningId": "SSvOy4LW1d",
    "relatedId": "JmxgitPQxx"
  },
  {
    "objectId": "5df3d710129ec20d34d0744c",
    "owningId": "SSvOy4LW1d",
    "relatedId": "pc6RfIQorJ"
  },
  {
    "objectId": "5df3d710129ec20d34d07450",
    "owningId": "SSvOy4LW1d",
    "relatedId": "OtpNUSZsds"
  },
  {
    "objectId": "5df3d710129ec20d34d07455",
    "owningId": "SSvOy4LW1d",
    "relatedId": "556vXY9Wwj"
  },
  {
    "objectId": "5df3d710129ec20d34d07454",
    "owningId": "SSvOy4LW1d",
    "relatedId": "Hakldc8EZX"
  },
  {
    "objectId": "5df3d710129ec20d34d0745d",
    "owningId": "SSvOy4LW1d",
    "relatedId": "2BEaBEShwZ"
  },
  {
    "objectId": "5df3d710129ec20d34d07458",
    "owningId": "kEgRE5Qpt2",
    "relatedId": "DGzlA8mGge"
  },
  {
    "objectId": "5df3d710129ec20d34d0745b",
    "owningId": "SSvOy4LW1d",
    "relatedId": "41RIDyrY8Z"
  },
  {
    "objectId": "5df3d710129ec20d34d07463",
    "owningId": "SSvOy4LW1d",
    "relatedId": "FRgURfVBFt"
  },
  {
    "objectId": "5df3d710129ec20d34d07460",
    "owningId": "SSvOy4LW1d",
    "relatedId": "H6Qj4rXuWe"
  },
  {
    "objectId": "5df3d710129ec20d34d0745a",
    "owningId": "oupwtInNG8",
    "relatedId": "DxT4lHqqKS"
  },
  {
    "objectId": "5df3d710129ec20d34d07465",
    "owningId": "kEgRE5Qpt2",
    "relatedId": "mAMmDZM0B1"
  },
  {
    "objectId": "5df3d710129ec20d34d0746a",
    "owningId": "kEgRE5Qpt2",
    "relatedId": "EUnHNJEGpT"
  },
  {
    "objectId": "5df3d710129ec20d34d07464",
    "owningId": "kEgRE5Qpt2",
    "relatedId": "4WRslZvvBA"
  },
  {
    "objectId": "5df3d710129ec20d34d0746b",
    "owningId": "kEgRE5Qpt2",
    "relatedId": "K2vd8szBLG"
  },
  {
    "objectId": "5df3d710129ec20d34d07490",
    "owningId": "kEgRE5Qpt2",
    "relatedId": "H88ZmBbGcA"
  },
  {
    "objectId": "5df3d710129ec20d34d07492",
    "owningId": "kEgRE5Qpt2",
    "relatedId": "nOdMC5vaUJ"
  },
  {
    "objectId": "5df3d710129ec20d34d074de",
    "owningId": "mLDOC4VnGT",
    "relatedId": "K2vd8szBLG"
  },
  {
    "objectId": "5df3d710129ec20d34d074e2",
    "owningId": "mLDOC4VnGT",
    "relatedId": "b0Ga6ZouHq"
  },
  {
    "objectId": "5df3d710129ec20d34d074e5",
    "owningId": "mLDOC4VnGT",
    "relatedId": "FRgURfVBFt"
  },
  {
    "objectId": "5df3d710129ec20d34d074e7",
    "owningId": "mLDOC4VnGT",
    "relatedId": "zYYh0jGHiM"
  },
  {
    "objectId": "5df3d710129ec20d34d074eb",
    "owningId": "mLDOC4VnGT",
    "relatedId": "2BEaBEShwZ"
  },
  {
    "objectId": "5df3d710129ec20d34d074ed",
    "owningId": "mLDOC4VnGT",
    "relatedId": "ZybW7WmjCr"
  },
  {
    "objectId": "5df3d710129ec20d34d074f0",
    "owningId": "mLDOC4VnGT",
    "relatedId": "KgGSj96VTJ"
  },
  {
    "objectId": "5df3d710129ec20d34d074ef",
    "owningId": "mLDOC4VnGT",
    "relatedId": "U2C5EZVJNI"
  },
  {
    "objectId": "5df3d710129ec20d34d074ee",
    "owningId": "mLDOC4VnGT",
    "relatedId": "H6Qj4rXuWe"
  },
  {
    "objectId": "5df3d710129ec20d34d074f4",
    "owningId": "mLDOC4VnGT",
    "relatedId": "GCdZ1kVxCa"
  },
  {
    "objectId": "5df3d710129ec20d34d074fb",
    "owningId": "mLDOC4VnGT",
    "relatedId": "trWNAlPpZs"
  },
  {
    "objectId": "5df3d710129ec20d34d074fe",
    "owningId": "mLDOC4VnGT",
    "relatedId": "VNCXrk8smV"
  },
  {
    "objectId": "5df3d710129ec20d34d07507",
    "owningId": "mLDOC4VnGT",
    "relatedId": "A82sI0BQJK"
  },
  {
    "objectId": "5df3d710129ec20d34d0752b",
    "owningId": "TMSqCsw19k",
    "relatedId": "990LB80LMB"
  },
  {
    "objectId": "5df3d710129ec20d34d0752d",
    "owningId": "TMSqCsw19k",
    "relatedId": "mHOtib4EJa"
  },
  {
    "objectId": "5df3d710129ec20d34d0752f",
    "owningId": "TMSqCsw19k",
    "relatedId": "UHTmmbnWYD"
  },
  {
    "objectId": "5df3d710129ec20d34d07530",
    "owningId": "TMSqCsw19k",
    "relatedId": "LKmDeULwmi"
  },
  {
    "objectId": "5df3d710129ec20d34d07531",
    "owningId": "TMSqCsw19k",
    "relatedId": "girkKRvMeT"
  },
  {
    "objectId": "5df3d710129ec20d34d07535",
    "owningId": "TMSqCsw19k",
    "relatedId": "nXCdNfKuc1"
  },
  {
    "objectId": "5df3d710129ec20d34d07538",
    "owningId": "TMSqCsw19k",
    "relatedId": "v9QqvVikHl"
  },
  {
    "objectId": "5df3d710129ec20d34d0753a",
    "owningId": "TMSqCsw19k",
    "relatedId": "Uv5AFYM2Cr"
  },
  {
    "objectId": "5df3dcf5129ec20d34d07778",
    "owningId": "FquOpY92qX",
    "relatedId": "UMJXCAlFQS"
  },
  {
    "objectId": "5df3dcf5129ec20d34d0777b",
    "owningId": "FquOpY92qX",
    "relatedId": "N5lDL5rYiM"
  },
  {
    "objectId": "5df3dcf5129ec20d34d0778b",
    "owningId": "FquOpY92qX",
    "relatedId": "v9HzjEHKOb"
  },
  {
    "objectId": "5df3dcf5129ec20d34d07784",
    "owningId": "FquOpY92qX",
    "relatedId": "Upf9xADeYE"
  },
  {
    "objectId": "5df3dcf5129ec20d34d0778f",
    "owningId": "23hsxgd1RW",
    "relatedId": "sz2H2BVxU7"
  },
  {
    "objectId": "5df3dcf5129ec20d34d07789",
    "owningId": "FquOpY92qX",
    "relatedId": "rBidi3IF2n"
  },
  {
    "objectId": "5df3dcf5129ec20d34d07783",
    "owningId": "FquOpY92qX",
    "relatedId": "FYDk5hrs1y"
  },
  {
    "objectId": "5df3dcf5129ec20d34d07786",
    "owningId": "FquOpY92qX",
    "relatedId": "jcJHW3FNX0"
  },
  {
    "objectId": "5df3dcf5129ec20d34d07799",
    "owningId": "FquOpY92qX",
    "relatedId": "aRidCslSf8"
  },
  {
    "objectId": "5df3dcf5129ec20d34d0778e",
    "owningId": "23hsxgd1RW",
    "relatedId": "JmAV88GJvv"
  },
  {
    "objectId": "5df3dcf5129ec20d34d07788",
    "owningId": "23hsxgd1RW",
    "relatedId": "cbEa8MA1aZ"
  },
  {
    "objectId": "5df3dcf5129ec20d34d0777e",
    "owningId": "FquOpY92qX",
    "relatedId": "pE0PY6NVze"
  },
  {
    "objectId": "5df3dcf5129ec20d34d0778c",
    "owningId": "FquOpY92qX",
    "relatedId": "fs4kGALWzF"
  },
  {
    "objectId": "5df3dcf5129ec20d34d07792",
    "owningId": "23hsxgd1RW",
    "relatedId": "x5YhyMoAWk"
  },
  {
    "objectId": "5df3dcf5129ec20d34d07782",
    "owningId": "23hsxgd1RW",
    "relatedId": "FBi3lhB61k"
  },
  {
    "objectId": "5df3dcf5129ec20d34d07793",
    "owningId": "FquOpY92qX",
    "relatedId": "yZkectxvar"
  },
  {
    "objectId": "5df3dcf5129ec20d34d07785",
    "owningId": "23hsxgd1RW",
    "relatedId": "UMJXCAlFQS"
  },
  {
    "objectId": "5df3dcf5129ec20d34d07794",
    "owningId": "FquOpY92qX",
    "relatedId": "mNestA1EGU"
  },
  {
    "objectId": "5df3dcf5129ec20d34d07796",
    "owningId": "23hsxgd1RW",
    "relatedId": "az58dkhty8"
  },
  {
    "objectId": "5df3dcf5129ec20d34d0779e",
    "owningId": "FquOpY92qX",
    "relatedId": "LUKHzXp5PS"
  },
  {
    "objectId": "5df3dcf5129ec20d34d077ac",
    "owningId": "hEhgrld4aW",
    "relatedId": "hX5RsjRAyF"
  },
  {
    "objectId": "5df3dcf5129ec20d34d077d9",
    "owningId": "hEhgrld4aW",
    "relatedId": "tE0Dm74C81"
  },
  {
    "objectId": "5df3dcf5129ec20d34d077c3",
    "owningId": "hEhgrld4aW",
    "relatedId": "k81N5HZBUg"
  },
  {
    "objectId": "5df3dcf5129ec20d34d077e2",
    "owningId": "hEhgrld4aW",
    "relatedId": "inNkdAPGd3"
  },
  {
    "objectId": "5df3dcf5129ec20d34d077e9",
    "owningId": "hEhgrld4aW",
    "relatedId": "mLNCCFC6HI"
  },
  {
    "objectId": "5df3dcf5129ec20d34d077f4",
    "owningId": "hEhgrld4aW",
    "relatedId": "rD5pSu7rLd"
  },
  {
    "objectId": "5df3dcf5129ec20d34d07832",
    "owningId": "Y3WOXJrFhI",
    "relatedId": "WwTOYnnBCr"
  },
  {
    "objectId": "5df3dcf5129ec20d34d07833",
    "owningId": "Y3WOXJrFhI",
    "relatedId": "rBidi3IF2n"
  },
  {
    "objectId": "5df3dcf5129ec20d34d0783d",
    "owningId": "Y3WOXJrFhI",
    "relatedId": "4AcMggAXXi"
  },
  {
    "objectId": "5df3dcf5129ec20d34d0783c",
    "owningId": "Y3WOXJrFhI",
    "relatedId": "pE0PY6NVze"
  },
  {
    "objectId": "5df3dcf5129ec20d34d07838",
    "owningId": "Y3WOXJrFhI",
    "relatedId": "N5lDL5rYiM"
  },
  {
    "objectId": "5df3dcf5129ec20d34d07839",
    "owningId": "Y3WOXJrFhI",
    "relatedId": "42QCKCCBuv"
  },
  {
    "objectId": "5df3dcf5129ec20d34d07837",
    "owningId": "Y3WOXJrFhI",
    "relatedId": "Rg46J5FYAg"
  },
  {
    "objectId": "5df3dcf5129ec20d34d0783a",
    "owningId": "Y3WOXJrFhI",
    "relatedId": "IXdEHsBrcO"
  },
  {
    "objectId": "5df3dcf5129ec20d34d0783e",
    "owningId": "Y3WOXJrFhI",
    "relatedId": "F3vzO7rV6G"
  },
  {
    "objectId": "5df3dcf5129ec20d34d07849",
    "owningId": "Y3WOXJrFhI",
    "relatedId": "oBGZNTSQWh"
  },
  {
    "objectId": "5df3dcf5129ec20d34d07844",
    "owningId": "Y3WOXJrFhI",
    "relatedId": "j8fuXCFHxp"
  },
  {
    "objectId": "5df3dd27129ec20d34d0799c",
    "owningId": "h0pbYbYHHB",
    "relatedId": "XCEmqy6c42"
  },
  {
    "objectId": "5df3dd27129ec20d34d079a6",
    "owningId": "h0pbYbYHHB",
    "relatedId": "mpngrRnJ7U"
  },
  {
    "objectId": "5df3dd27129ec20d34d0799d",
    "owningId": "3zkZDjNrAb",
    "relatedId": "BK2Hb639PM"
  },
  {
    "objectId": "5df3dd27129ec20d34d079a4",
    "owningId": "3zkZDjNrAb",
    "relatedId": "XCEmqy6c42"
  },
  {
    "objectId": "5df3dd27129ec20d34d079a1",
    "owningId": "h0pbYbYHHB",
    "relatedId": "8df2keuzRb"
  },
  {
    "objectId": "5df3dd27129ec20d34d079a3",
    "owningId": "h0pbYbYHHB",
    "relatedId": "kgkAlUUOJN"
  },
  {
    "objectId": "5df3dd27129ec20d34d079a5",
    "owningId": "3zkZDjNrAb",
    "relatedId": "pcfH4nqFZE"
  },
  {
    "objectId": "5df3dd27129ec20d34d079ac",
    "owningId": "h0pbYbYHHB",
    "relatedId": "BK2Hb639PM"
  },
  {
    "objectId": "5df3dd27129ec20d34d079b2",
    "owningId": "h0pbYbYHHB",
    "relatedId": "8AzuUIOgHi"
  },
  {
    "objectId": "5df3dd27129ec20d34d079ad",
    "owningId": "3zkZDjNrAb",
    "relatedId": "iTCxpKe84J"
  },
  {
    "objectId": "5df3dd27129ec20d34d079a7",
    "owningId": "h0pbYbYHHB",
    "relatedId": "jgiMxXjG9q"
  },
  {
    "objectId": "5df3dd27129ec20d34d079ae",
    "owningId": "h0pbYbYHHB",
    "relatedId": "hWeFHIm7d3"
  },
  {
    "objectId": "5df3dd27129ec20d34d079a9",
    "owningId": "3zkZDjNrAb",
    "relatedId": "buw8k03nWi"
  },
  {
    "objectId": "5df3dd27129ec20d34d079aa",
    "owningId": "3zkZDjNrAb",
    "relatedId": "vEDfgjgtKx"
  },
  {
    "objectId": "5df3dd27129ec20d34d079ab",
    "owningId": "h0pbYbYHHB",
    "relatedId": "oGoxYCCwJ9"
  },
  {
    "objectId": "5df3dd27129ec20d34d079b1",
    "owningId": "3zkZDjNrAb",
    "relatedId": "EfW98anzte"
  },
  {
    "objectId": "5df3dd27129ec20d34d079b9",
    "owningId": "3zkZDjNrAb",
    "relatedId": "2HVr8e4w9z"
  },
  {
    "objectId": "5df3dd27129ec20d34d079a8",
    "owningId": "3zkZDjNrAb",
    "relatedId": "IyLW7EdpHB"
  },
  {
    "objectId": "5df3dd27129ec20d34d079af",
    "owningId": "3zkZDjNrAb",
    "relatedId": "p6n6EB6N9K"
  },
  {
    "objectId": "5df3dd27129ec20d34d079b0",
    "owningId": "3zkZDjNrAb",
    "relatedId": "QufpcS32GI"
  },
  {
    "objectId": "5df3dd27129ec20d34d079b6",
    "owningId": "h0pbYbYHHB",
    "relatedId": "OYTP6OBidj"
  },
  {
    "objectId": "5df3dd27129ec20d34d079ce",
    "owningId": "3zkZDjNrAb",
    "relatedId": "OYTP6OBidj"
  },
  {
    "objectId": "5df3dd27129ec20d34d079c8",
    "owningId": "toA31G2Cwh",
    "relatedId": "cqWGEvPEOo"
  },
  {
    "objectId": "5df3dd27129ec20d34d079d2",
    "owningId": "3zkZDjNrAb",
    "relatedId": "Df25843zq8"
  },
  {
    "objectId": "5df3dd27129ec20d34d079cd",
    "owningId": "h0pbYbYHHB",
    "relatedId": "AEx2aP1Ghf"
  },
  {
    "objectId": "5df3dd27129ec20d34d079e5",
    "owningId": "mEdyL0V5nl",
    "relatedId": "cqWGEvPEOo"
  },
  {
    "objectId": "5df3dd27129ec20d34d079f1",
    "owningId": "toA31G2Cwh",
    "relatedId": "W1RubPNuso"
  },
  {
    "objectId": "5df3dd27129ec20d34d07a03",
    "owningId": "toA31G2Cwh",
    "relatedId": "nZ7LTAyQ8m"
  },
  {
    "objectId": "5df3dd27129ec20d34d07a14",
    "owningId": "toA31G2Cwh",
    "relatedId": "lBe2kw61NU"
  },
  {
    "objectId": "5df3dd27129ec20d34d07a1a",
    "owningId": "mEdyL0V5nl",
    "relatedId": "jc0p4zvVTN"
  },
  {
    "objectId": "5df3dd27129ec20d34d07a19",
    "owningId": "toA31G2Cwh",
    "relatedId": "jc0p4zvVTN"
  },
  {
    "objectId": "5df3dd27129ec20d34d07a37",
    "owningId": "toA31G2Cwh",
    "relatedId": "Us9OfmVuZF"
  },
  {
    "objectId": "5df3dd27129ec20d34d07a35",
    "owningId": "mEdyL0V5nl",
    "relatedId": "6IB8HQIw1w"
  },
  {
    "objectId": "5df3dd27129ec20d34d07a39",
    "owningId": "mEdyL0V5nl",
    "relatedId": "tWD0BamS5j"
  },
  {
    "objectId": "5df3dd27129ec20d34d07a42",
    "owningId": "mEdyL0V5nl",
    "relatedId": "onXvjDgHGs"
  },
  {
    "objectId": "5df3dd27129ec20d34d07a3d",
    "owningId": "mEdyL0V5nl",
    "relatedId": "lBe2kw61NU"
  },
  {
    "objectId": "5df3dd27129ec20d34d07a55",
    "owningId": "mEdyL0V5nl",
    "relatedId": "nZ7LTAyQ8m"
  },
  {
    "objectId": "5df3dd27129ec20d34d07a61",
    "owningId": "mEdyL0V5nl",
    "relatedId": "fhg1Lxxe0J"
  },
  {
    "objectId": "5df3dd27129ec20d34d07a85",
    "owningId": "p7jxAaqj9Q",
    "relatedId": "jgiMxXjG9q"
  },
  {
    "objectId": "5df3dd27129ec20d34d07a84",
    "owningId": "p7jxAaqj9Q",
    "relatedId": "FFc4VcX2hB"
  },
  {
    "objectId": "5df3dd27129ec20d34d07a8b",
    "owningId": "p7jxAaqj9Q",
    "relatedId": "jc0p4zvVTN"
  },
  {
    "objectId": "5df3dd27129ec20d34d07a8e",
    "owningId": "p7jxAaqj9Q",
    "relatedId": "LWsjjiXKXd"
  },
  {
    "objectId": "5df3dd27129ec20d34d07aa2",
    "owningId": "zTqx98jEFV",
    "relatedId": "ByKLUYaPCt"
  },
  {
    "objectId": "5df3dd27129ec20d34d07aa8",
    "owningId": "zTqx98jEFV",
    "relatedId": "wMCkhxTu4y"
  },
  {
    "objectId": "5df3dd27129ec20d34d07ab5",
    "owningId": "zTqx98jEFV",
    "relatedId": "pcfH4nqFZE"
  },
  {
    "objectId": "5df3dd27129ec20d34d07aba",
    "owningId": "zTqx98jEFV",
    "relatedId": "urIM21opqh"
  },
  {
    "objectId": "5df3dd27129ec20d34d07abb",
    "owningId": "zTqx98jEFV",
    "relatedId": "jKDCwrcjCJ"
  },
  {
    "objectId": "5df3dd27129ec20d34d07abe",
    "owningId": "zTqx98jEFV",
    "relatedId": "jp7vcvfANX"
  },
  {
    "objectId": "5df3dd27129ec20d34d07ac0",
    "owningId": "zTqx98jEFV",
    "relatedId": "6DeafGRgTt"
  },
  {
    "objectId": "5df3e9ab129ec20d34d07eb2",
    "owningId": "GteveE4ytb",
    "relatedId": "51N0xPOb9B"
  },
  {
    "objectId": "5df3e9ab129ec20d34d07eaf",
    "owningId": "GteveE4ytb",
    "relatedId": "SLxC6CPcEL"
  },
  {
    "objectId": "5df3e9ab129ec20d34d07eb1",
    "owningId": "GteveE4ytb",
    "relatedId": "DJIm9mYksz"
  },
  {
    "objectId": "5df3e9ab129ec20d34d07eb3",
    "owningId": "GteveE4ytb",
    "relatedId": "WsfCvLenTA"
  },
  {
    "objectId": "5df3e9ab129ec20d34d07ec8",
    "owningId": "fMoDABNwV9",
    "relatedId": "f1oyRd3bJt"
  },
  {
    "objectId": "5df3e9ab129ec20d34d07ee1",
    "owningId": "mRAWzGNBfG",
    "relatedId": "GKADuoyFth"
  },
  {
    "objectId": "5df3e9ab129ec20d34d07edf",
    "owningId": "mRAWzGNBfG",
    "relatedId": "AtFEKIwfzK"
  },
  {
    "objectId": "5df3e9ab129ec20d34d07ee4",
    "owningId": "mRAWzGNBfG",
    "relatedId": "DJIm9mYksz"
  },
  {
    "objectId": "5df3e9ab129ec20d34d07ee6",
    "owningId": "fMoDABNwV9",
    "relatedId": "NdKhSWkcGj"
  },
  {
    "objectId": "5df3e9ab129ec20d34d07ee3",
    "owningId": "mRAWzGNBfG",
    "relatedId": "zPueYdAR01"
  },
  {
    "objectId": "5df3e9ab129ec20d34d07ee7",
    "owningId": "mRAWzGNBfG",
    "relatedId": "8deZC3YjGb"
  },
  {
    "objectId": "5df3e9ab129ec20d34d07eea",
    "owningId": "fMoDABNwV9",
    "relatedId": "I7hL5RqIOf"
  },
  {
    "objectId": "5df3e9ab129ec20d34d07eeb",
    "owningId": "mRAWzGNBfG",
    "relatedId": "rKF6mcUesc"
  },
  {
    "objectId": "5df3e9ab129ec20d34d07eef",
    "owningId": "fMoDABNwV9",
    "relatedId": "ICWlyWg0Mu"
  },
  {
    "objectId": "5df3e9ab129ec20d34d07ef0",
    "owningId": "fMoDABNwV9",
    "relatedId": "pMwZsyHn9F"
  },
  {
    "objectId": "5df3e9ab129ec20d34d07f0a",
    "owningId": "fMoDABNwV9",
    "relatedId": "AkwpyZDVub"
  },
  {
    "objectId": "5df3e9ab129ec20d34d07f0d",
    "owningId": "fMoDABNwV9",
    "relatedId": "KMVlBMNvE4"
  },
  {
    "objectId": "5df3e9ab129ec20d34d07f0f",
    "owningId": "RbyX4ouadm",
    "relatedId": "QPQRVV8W2K"
  },
  {
    "objectId": "5df3e9ab129ec20d34d07f12",
    "owningId": "RbyX4ouadm",
    "relatedId": "zFQDtCX4GD"
  },
  {
    "objectId": "5df3e9ab129ec20d34d07f11",
    "owningId": "RbyX4ouadm",
    "relatedId": "f1oyRd3bJt"
  },
  {
    "objectId": "5df3e9ab129ec20d34d07f17",
    "owningId": "RbyX4ouadm",
    "relatedId": "KVXGWeGIij"
  },
  {
    "objectId": "5df3e9ab129ec20d34d07f19",
    "owningId": "RbyX4ouadm",
    "relatedId": "8cPVBOgBwJ"
  },
  {
    "objectId": "5df3e9ab129ec20d34d07f1a",
    "owningId": "RbyX4ouadm",
    "relatedId": "eC9Nji4J6z"
  },
  {
    "objectId": "5df3e9ab129ec20d34d07f1c",
    "owningId": "RbyX4ouadm",
    "relatedId": "na3XbtzcDN"
  },
  {
    "objectId": "5df3e9ab129ec20d34d07f1d",
    "owningId": "RbyX4ouadm",
    "relatedId": "VYcFeVcevK"
  },
  {
    "objectId": "5df3e9ab129ec20d34d07f21",
    "owningId": "RbyX4ouadm",
    "relatedId": "aoewlvkIz9"
  },
  {
    "objectId": "5df3e9ab129ec20d34d07f20",
    "owningId": "RbyX4ouadm",
    "relatedId": "avmXmWsDDJ"
  },
  {
    "objectId": "5df3e9ab129ec20d34d07f24",
    "owningId": "RbyX4ouadm",
    "relatedId": "Ai2rkPnjvF"
  },
  {
    "objectId": "5df3e9ab129ec20d34d07f26",
    "owningId": "RbyX4ouadm",
    "relatedId": "pCVeRYzs6x"
  },
  {
    "objectId": "5df3e9ab129ec20d34d07f29",
    "owningId": "RbyX4ouadm",
    "relatedId": "d8vCtlRaAB"
  },
  {
    "objectId": "5df3e9ab129ec20d34d07f8f",
    "owningId": "SFHc9Y4gXA",
    "relatedId": "AtFEKIwfzK"
  },
  {
    "objectId": "5df3e9ab129ec20d34d07f91",
    "owningId": "SFHc9Y4gXA",
    "relatedId": "YuPUPmlg2r"
  },
  {
    "objectId": "5df3e9ab129ec20d34d07f95",
    "owningId": "SFHc9Y4gXA",
    "relatedId": "DJIm9mYksz"
  },
  {
    "objectId": "5df3e9ab129ec20d34d07f9b",
    "owningId": "SFHc9Y4gXA",
    "relatedId": "teHFkyAqy0"
  },
  {
    "objectId": "5df3e9ab129ec20d34d07f9e",
    "owningId": "SFHc9Y4gXA",
    "relatedId": "eNPTgZTlWE"
  },
  {
    "objectId": "5df3e9ab129ec20d34d07fa1",
    "owningId": "SFHc9Y4gXA",
    "relatedId": "GKADuoyFth"
  },
  {
    "objectId": "5df3e9ab129ec20d34d07fa4",
    "owningId": "SFHc9Y4gXA",
    "relatedId": "zPueYdAR01"
  },
  {
    "objectId": "5df3e9ab129ec20d34d07fa9",
    "owningId": "SFHc9Y4gXA",
    "relatedId": "2RMOc7zzkj"
  },
  {
    "objectId": "5df3e9ab129ec20d34d07fb7",
    "owningId": "NtEIWnlRYH",
    "relatedId": "iJreBMeM4k"
  },
  {
    "objectId": "5df3e9ab129ec20d34d07fc1",
    "owningId": "NtEIWnlRYH",
    "relatedId": "Ip1tgAaydW"
  },
  {
    "objectId": "5df3e9ab129ec20d34d07fc5",
    "owningId": "NtEIWnlRYH",
    "relatedId": "eBd6n35xfU"
  },
  {
    "objectId": "5df3e9ab129ec20d34d07fc8",
    "owningId": "NtEIWnlRYH",
    "relatedId": "RG7c1jYBpa"
  },
  {
    "objectId": "5df3e9ab129ec20d34d07fc6",
    "owningId": "NtEIWnlRYH",
    "relatedId": "SLxC6CPcEL"
  },
  {
    "objectId": "5df3e9ab129ec20d34d07fd3",
    "owningId": "NtEIWnlRYH",
    "relatedId": "rhIDTEgYLy"
  },
  {
    "objectId": "5df3e9ab129ec20d34d07fd0",
    "owningId": "NtEIWnlRYH",
    "relatedId": "utGgMTDozL"
  },
  {
    "objectId": "5df3e9ab129ec20d34d07fd1",
    "owningId": "NtEIWnlRYH",
    "relatedId": "zFQDtCX4GD"
  },
  {
    "objectId": "5df3e9ab129ec20d34d07fd2",
    "owningId": "NtEIWnlRYH",
    "relatedId": "QPQRVV8W2K"
  },
  {
    "objectId": "5df3e9ab129ec20d34d07fda",
    "owningId": "NtEIWnlRYH",
    "relatedId": "KVXGWeGIij"
  },
  {
    "objectId": "5df3e9ab129ec20d34d07fdc",
    "owningId": "NtEIWnlRYH",
    "relatedId": "24cHAlVrrd"
  }
]
}