{
"results" : [

  {
    "objectId": "5df35abf129ec20d34d06258",
    "owningId": "NetuZ4tKAz",
    "relatedId": "GJxBPYrMSj"
  },
  {
    "objectId": "5df35abf129ec20d34d06259",
    "owningId": "r9LEiwunAA",
    "relatedId": "GJxBPYrMSj"
  },
  {
    "objectId": "5df35abf129ec20d34d0625a",
    "owningId": "vDSdlzw7lh",
    "relatedId": "GJxBPYrMSj"
  },
  {
    "objectId": "5df35abf129ec20d34d0625b",
    "owningId": "bxSZy7aH4N",
    "relatedId": "GJxBPYrMSj"
  },
  {
    "objectId": "5df35abf129ec20d34d0625c",
    "owningId": "wic9Sonrir",
    "relatedId": "GJxBPYrMSj"
  },
  {
    "objectId": "5df35abf129ec20d34d06263",
    "owningId": "e7rhLfBiSp",
    "relatedId": "C48syQ0LWn"
  },
  {
    "objectId": "5df35abf129ec20d34d06264",
    "owningId": "66vXzRYImU",
    "relatedId": "C48syQ0LWn"
  },
  {
    "objectId": "5df35abf129ec20d34d06265",
    "owningId": "P51YTGdKei",
    "relatedId": "C48syQ0LWn"
  },
  {
    "objectId": "5df35abf129ec20d34d06266",
    "owningId": "HVF9CVeT7q",
    "relatedId": "C48syQ0LWn"
  },
  {
    "objectId": "5df35abf129ec20d34d06267",
    "owningId": "VOnOwZAO3z",
    "relatedId": "C48syQ0LWn"
  },
  {
    "objectId": "5df35abf129ec20d34d06268",
    "owningId": "P4emf6zQnf",
    "relatedId": "C48syQ0LWn"
  },
  {
    "objectId": "5df35abf129ec20d34d06269",
    "owningId": "JosZswcdIv",
    "relatedId": "C48syQ0LWn"
  },
  {
    "objectId": "5df35abf129ec20d34d0626a",
    "owningId": "VUix1TKcl5",
    "relatedId": "absaiCHEBc"
  },
  {
    "objectId": "5df35abf129ec20d34d0626b",
    "owningId": "MoCH7G7ZF1",
    "relatedId": "absaiCHEBc"
  },
  {
    "objectId": "5df35abf129ec20d34d0626c",
    "owningId": "uKiKKU462N",
    "relatedId": "absaiCHEBc"
  },
  {
    "objectId": "5df35abf129ec20d34d0626d",
    "owningId": "H2gRyxBv9C",
    "relatedId": "absaiCHEBc"
  },
  {
    "objectId": "5df35abf129ec20d34d0626f",
    "owningId": "DUj6eK1Xdq",
    "relatedId": "absaiCHEBc"
  },
  {
    "objectId": "5df35abf129ec20d34d0626e",
    "owningId": "JVGljjm2Ce",
    "relatedId": "absaiCHEBc"
  },
  {
    "objectId": "5df35abf129ec20d34d06270",
    "owningId": "RZTgOISa3y",
    "relatedId": "absaiCHEBc"
  },
  {
    "objectId": "5df35abf129ec20d34d06271",
    "owningId": "Htpbojmaih",
    "relatedId": "absaiCHEBc"
  },
  {
    "objectId": "5df35ac0129ec20d34d0627f",
    "owningId": "rFgZckKREf",
    "relatedId": "Z8aoioLpWJ"
  },
  {
    "objectId": "5df35ac0129ec20d34d0627e",
    "owningId": "gNxjN9VvvF",
    "relatedId": "Z8aoioLpWJ"
  },
  {
    "objectId": "5df35ac0129ec20d34d06280",
    "owningId": "zYvkfGjZzg",
    "relatedId": "Z8aoioLpWJ"
  },
  {
    "objectId": "5df35ac0129ec20d34d06281",
    "owningId": "h9dc8tNoB2",
    "relatedId": "Z8aoioLpWJ"
  },
  {
    "objectId": "5df35ac0129ec20d34d06282",
    "owningId": "GF6GB73IXy",
    "relatedId": "JGuSRx3wce"
  },
  {
    "objectId": "5df35ac0129ec20d34d06283",
    "owningId": "CcukhuposG",
    "relatedId": "JGuSRx3wce"
  },
  {
    "objectId": "5df35ac0129ec20d34d06284",
    "owningId": "FmMJSt5kJK",
    "relatedId": "JGuSRx3wce"
  },
  {
    "objectId": "5df35ac1129ec20d34d06292",
    "owningId": "qHdpzfHiqb",
    "relatedId": "3XBhh1SFap"
  },
  {
    "objectId": "5df35ac1129ec20d34d06290",
    "owningId": "xX75LXiDb0",
    "relatedId": "3XBhh1SFap"
  },
  {
    "objectId": "5df35ac1129ec20d34d06291",
    "owningId": "gN7mXLuHro",
    "relatedId": "3XBhh1SFap"
  },
  {
    "objectId": "5df35ac1129ec20d34d06293",
    "owningId": "eUIYH6yiK3",
    "relatedId": "3XBhh1SFap"
  },
  {
    "objectId": "5df35ac1129ec20d34d06294",
    "owningId": "OfOnSmM5Yz",
    "relatedId": "3XBhh1SFap"
  },
  {
    "objectId": "5df35ac1129ec20d34d06295",
    "owningId": "0HlzPFiogh",
    "relatedId": "3XBhh1SFap"
  },
  {
    "objectId": "5df35ac1129ec20d34d06296",
    "owningId": "bNbzoChXmX",
    "relatedId": "3XBhh1SFap"
  },
  {
    "objectId": "5df35ac1129ec20d34d06297",
    "owningId": "eC0aJpx9Es",
    "relatedId": "3XBhh1SFap"
  },
  {
    "objectId": "5df35ac1129ec20d34d06298",
    "owningId": "ZgB2BAEcHO",
    "relatedId": "3XBhh1SFap"
  },
  {
    "objectId": "5df3d664129ec20d34d072ef",
    "owningId": "wxxTZiZ5zI",
    "relatedId": "MdrCUIMj67"
  },
  {
    "objectId": "5df3d664129ec20d34d072e6",
    "owningId": "R8HLzMvnlr",
    "relatedId": "Wk3dCI67wQ"
  },
  {
    "objectId": "5df3d664129ec20d34d072ee",
    "owningId": "wIvU2IitaZ",
    "relatedId": "erAysjHdDP"
  },
  {
    "objectId": "5df3d664129ec20d34d072e7",
    "owningId": "qGyi7rk2U0",
    "relatedId": "ik1vz4srLr"
  },
  {
    "objectId": "5df3d664129ec20d34d072ea",
    "owningId": "vsZc2UF87e",
    "relatedId": "MdrCUIMj67"
  },
  {
    "objectId": "5df3d664129ec20d34d072e8",
    "owningId": "Fp4pSCYJpo",
    "relatedId": "erAysjHdDP"
  },
  {
    "objectId": "5df3d664129ec20d34d072e5",
    "owningId": "9tKbLXy2mP",
    "relatedId": "erAysjHdDP"
  },
  {
    "objectId": "5df3d664129ec20d34d072e9",
    "owningId": "Whubf82HUv",
    "relatedId": "erAysjHdDP"
  },
  {
    "objectId": "5df3d664129ec20d34d072ec",
    "owningId": "vN09FxSY29",
    "relatedId": "erAysjHdDP"
  },
  {
    "objectId": "5df3d664129ec20d34d072eb",
    "owningId": "peh2KtM8EX",
    "relatedId": "erAysjHdDP"
  },
  {
    "objectId": "5df3d664129ec20d34d072ed",
    "owningId": "iIxOOuook6",
    "relatedId": "erAysjHdDP"
  },
  {
    "objectId": "5df3d664129ec20d34d072f1",
    "owningId": "0OzRoR8ygh",
    "relatedId": "erAysjHdDP"
  },
  {
    "objectId": "5df3d664129ec20d34d072f0",
    "owningId": "PKRYrBxnxJ",
    "relatedId": "erAysjHdDP"
  },
  {
    "objectId": "5df3d664129ec20d34d072f2",
    "owningId": "6EWymGG2uQ",
    "relatedId": "erAysjHdDP"
  },
  {
    "objectId": "5df3d664129ec20d34d072f5",
    "owningId": "IMzCEGzmi8",
    "relatedId": "ik1vz4srLr"
  },
  {
    "objectId": "5df3d664129ec20d34d072f3",
    "owningId": "JzsHm9BDdB",
    "relatedId": "erAysjHdDP"
  },
  {
    "objectId": "5df3d664129ec20d34d072f4",
    "owningId": "vremFESUoZ",
    "relatedId": "erAysjHdDP"
  },
  {
    "objectId": "5df3d664129ec20d34d072f6",
    "owningId": "LMnPqaUcPL",
    "relatedId": "Wk3dCI67wQ"
  },
  {
    "objectId": "5df3d664129ec20d34d072f7",
    "owningId": "dyjVjtA2t3",
    "relatedId": "ik1vz4srLr"
  },
  {
    "objectId": "5df3d664129ec20d34d072f8",
    "owningId": "QFvUBUy18P",
    "relatedId": "Wk3dCI67wQ"
  },
  {
    "objectId": "5df3d664129ec20d34d072f9",
    "owningId": "UAAJqgOQpJ",
    "relatedId": "MdrCUIMj67"
  },
  {
    "objectId": "5df3d664129ec20d34d072fa",
    "owningId": "ezQRU2scSK",
    "relatedId": "ik1vz4srLr"
  },
  {
    "objectId": "5df3d664129ec20d34d072fe",
    "owningId": "c0zNjNhD2u",
    "relatedId": "metAoBGOUb"
  },
  {
    "objectId": "5df3d664129ec20d34d072fb",
    "owningId": "EIJqhMlmts",
    "relatedId": "metAoBGOUb"
  },
  {
    "objectId": "5df3d664129ec20d34d072fc",
    "owningId": "BMQ5yBDtRR",
    "relatedId": "metAoBGOUb"
  },
  {
    "objectId": "5df3d664129ec20d34d07300",
    "owningId": "7shvR6uf7Z",
    "relatedId": "metAoBGOUb"
  },
  {
    "objectId": "5df3d664129ec20d34d072fd",
    "owningId": "8lPkKFwHBf",
    "relatedId": "ik1vz4srLr"
  },
  {
    "objectId": "5df3d664129ec20d34d072ff",
    "owningId": "nWFBIYR4wf",
    "relatedId": "ik1vz4srLr"
  },
  {
    "objectId": "5df3d664129ec20d34d07301",
    "owningId": "7qZASBacOb",
    "relatedId": "ik1vz4srLr"
  },
  {
    "objectId": "5df3d664129ec20d34d07302",
    "owningId": "CKGeRpI3sv",
    "relatedId": "ik1vz4srLr"
  },
  {
    "objectId": "5df3d664129ec20d34d07303",
    "owningId": "OZRamqTGzt",
    "relatedId": "ik1vz4srLr"
  },
  {
    "objectId": "5df3d664129ec20d34d07306",
    "owningId": "IWsRPv0oT6",
    "relatedId": "metAoBGOUb"
  },
  {
    "objectId": "5df3d664129ec20d34d07305",
    "owningId": "beCUOER3cJ",
    "relatedId": "metAoBGOUb"
  },
  {
    "objectId": "5df3d664129ec20d34d07304",
    "owningId": "e1CNsqFjmn",
    "relatedId": "metAoBGOUb"
  },
  {
    "objectId": "5df3d664129ec20d34d07308",
    "owningId": "WAEE2O0Cd6",
    "relatedId": "metAoBGOUb"
  },
  {
    "objectId": "5df3d664129ec20d34d07307",
    "owningId": "jNyFO8HSVl",
    "relatedId": "metAoBGOUb"
  },
  {
    "objectId": "5df3d712129ec20d34d07632",
    "owningId": "4BlcADeXxD",
    "relatedId": "oupwtInNG8"
  },
  {
    "objectId": "5df3d712129ec20d34d07635",
    "owningId": "48lxAfbSOe",
    "relatedId": "ySERXwSQJt"
  },
  {
    "objectId": "5df3d712129ec20d34d07633",
    "owningId": "LAYW68Z5Vl",
    "relatedId": "oupwtInNG8"
  },
  {
    "objectId": "5df3d712129ec20d34d07636",
    "owningId": "nEXN94RCpr",
    "relatedId": "ySERXwSQJt"
  },
  {
    "objectId": "5df3d712129ec20d34d07634",
    "owningId": "UDIfmgoZR1",
    "relatedId": "ySERXwSQJt"
  },
  {
    "objectId": "5df3d712129ec20d34d07637",
    "owningId": "1TPmp5ubcz",
    "relatedId": "ySERXwSQJt"
  },
  {
    "objectId": "5df3d712129ec20d34d07639",
    "owningId": "llOW2JLceg",
    "relatedId": "ySERXwSQJt"
  },
  {
    "objectId": "5df3d712129ec20d34d0763b",
    "owningId": "nDMvdRWwM7",
    "relatedId": "oupwtInNG8"
  },
  {
    "objectId": "5df3d712129ec20d34d0763a",
    "owningId": "8ksHWFYOsG",
    "relatedId": "ySERXwSQJt"
  },
  {
    "objectId": "5df3d712129ec20d34d07638",
    "owningId": "kMEpa173Qy",
    "relatedId": "ySERXwSQJt"
  },
  {
    "objectId": "5df3d712129ec20d34d0763c",
    "owningId": "TBYyRT33sP",
    "relatedId": "ySERXwSQJt"
  },
  {
    "objectId": "5df3d712129ec20d34d07640",
    "owningId": "MQGm3alUEy",
    "relatedId": "ySERXwSQJt"
  },
  {
    "objectId": "5df3d712129ec20d34d0763f",
    "owningId": "SaDIpNOwdt",
    "relatedId": "TMSqCsw19k"
  },
  {
    "objectId": "5df3d712129ec20d34d0763e",
    "owningId": "Bot1MXzCGL",
    "relatedId": "kEgRE5Qpt2"
  },
  {
    "objectId": "5df3d712129ec20d34d0763d",
    "owningId": "3q5NdVJP0Q",
    "relatedId": "oupwtInNG8"
  },
  {
    "objectId": "5df3d712129ec20d34d07641",
    "owningId": "ZFsGWhfEgg",
    "relatedId": "TMSqCsw19k"
  },
  {
    "objectId": "5df3d712129ec20d34d07643",
    "owningId": "MJsOXBRfd0",
    "relatedId": "TMSqCsw19k"
  },
  {
    "objectId": "5df3d712129ec20d34d07644",
    "owningId": "gHeRKnES96",
    "relatedId": "SSvOy4LW1d"
  },
  {
    "objectId": "5df3d712129ec20d34d07642",
    "owningId": "88hKV8I6Sy",
    "relatedId": "SSvOy4LW1d"
  },
  {
    "objectId": "5df3d712129ec20d34d07645",
    "owningId": "O9cHYb9qH7",
    "relatedId": "kEgRE5Qpt2"
  },
  {
    "objectId": "5df3d712129ec20d34d07646",
    "owningId": "OqVEoMtuCL",
    "relatedId": "kEgRE5Qpt2"
  },
  {
    "objectId": "5df3d712129ec20d34d07647",
    "owningId": "rU8BoHFlpC",
    "relatedId": "SSvOy4LW1d"
  },
  {
    "objectId": "5df3d712129ec20d34d07649",
    "owningId": "bemAHo6jRd",
    "relatedId": "SSvOy4LW1d"
  },
  {
    "objectId": "5df3d712129ec20d34d07648",
    "owningId": "rlY14FgIGV",
    "relatedId": "SSvOy4LW1d"
  },
  {
    "objectId": "5df3d712129ec20d34d0764c",
    "owningId": "FcUPleJchE",
    "relatedId": "mLDOC4VnGT"
  },
  {
    "objectId": "5df3d712129ec20d34d0764a",
    "owningId": "5k89Z0PmHr",
    "relatedId": "mLDOC4VnGT"
  },
  {
    "objectId": "5df3d712129ec20d34d0764b",
    "owningId": "pOK7CGN3wk",
    "relatedId": "SSvOy4LW1d"
  },
  {
    "objectId": "5df3d712129ec20d34d0764e",
    "owningId": "D9XJQ98q3A",
    "relatedId": "mLDOC4VnGT"
  },
  {
    "objectId": "5df3d712129ec20d34d07651",
    "owningId": "pTe7WnbVZl",
    "relatedId": "SSvOy4LW1d"
  },
  {
    "objectId": "5df3d712129ec20d34d07650",
    "owningId": "INZjFMgcyD",
    "relatedId": "mLDOC4VnGT"
  },
  {
    "objectId": "5df3d712129ec20d34d0764f",
    "owningId": "W2hzz4ki7U",
    "relatedId": "mLDOC4VnGT"
  },
  {
    "objectId": "5df3d712129ec20d34d0764d",
    "owningId": "7UntEQqjd6",
    "relatedId": "SSvOy4LW1d"
  },
  {
    "objectId": "5df3d712129ec20d34d07652",
    "owningId": "G34KjAMGbY",
    "relatedId": "mLDOC4VnGT"
  },
  {
    "objectId": "5df3d712129ec20d34d07654",
    "owningId": "Ti7lqpRCYn",
    "relatedId": "mLDOC4VnGT"
  },
  {
    "objectId": "5df3d712129ec20d34d07653",
    "owningId": "6WEysQ3H57",
    "relatedId": "mLDOC4VnGT"
  },
  {
    "objectId": "5df3d712129ec20d34d07655",
    "owningId": "OAplF3Wwrb",
    "relatedId": "mLDOC4VnGT"
  },
  {
    "objectId": "5df3dd29129ec20d34d07bad",
    "owningId": "50TRyRbYKd",
    "relatedId": "p7jxAaqj9Q"
  },
  {
    "objectId": "5df3dd29129ec20d34d07bac",
    "owningId": "6ZvrvSRqQk",
    "relatedId": "p7jxAaqj9Q"
  },
  {
    "objectId": "5df3dd29129ec20d34d07bab",
    "owningId": "O5Q2dLLeXl",
    "relatedId": "3zkZDjNrAb"
  },
  {
    "objectId": "5df3dd29129ec20d34d07bae",
    "owningId": "ZmcFcitiJ4",
    "relatedId": "toA31G2Cwh"
  },
  {
    "objectId": "5df3dd29129ec20d34d07baf",
    "owningId": "HWNC70eX2c",
    "relatedId": "toA31G2Cwh"
  },
  {
    "objectId": "5df3dd29129ec20d34d07bb0",
    "owningId": "EFbShIZVP9",
    "relatedId": "mEdyL0V5nl"
  },
  {
    "objectId": "5df3dd29129ec20d34d07bb4",
    "owningId": "hbfHuuUI5r",
    "relatedId": "toA31G2Cwh"
  },
  {
    "objectId": "5df3dd29129ec20d34d07bb3",
    "owningId": "JWWkGdwHb6",
    "relatedId": "zTqx98jEFV"
  },
  {
    "objectId": "5df3dd29129ec20d34d07bb2",
    "owningId": "cFq0mVDqqX",
    "relatedId": "toA31G2Cwh"
  },
  {
    "objectId": "5df3dd29129ec20d34d07bb1",
    "owningId": "RskfjqfcnL",
    "relatedId": "p7jxAaqj9Q"
  },
  {
    "objectId": "5df3dd29129ec20d34d07bbd",
    "owningId": "o2DsmbFsBA",
    "relatedId": "zTqx98jEFV"
  },
  {
    "objectId": "5df3dd29129ec20d34d07bbb",
    "owningId": "mg8BvrgwCW",
    "relatedId": "toA31G2Cwh"
  },
  {
    "objectId": "5df3dd29129ec20d34d07bba",
    "owningId": "9VzRb6JUCE",
    "relatedId": "h0pbYbYHHB"
  },
  {
    "objectId": "5df3dd29129ec20d34d07bb8",
    "owningId": "8p71F1LX22",
    "relatedId": "h0pbYbYHHB"
  },
  {
    "objectId": "5df3dd29129ec20d34d07bb5",
    "owningId": "YuIGd1JlEF",
    "relatedId": "toA31G2Cwh"
  },
  {
    "objectId": "5df3dd29129ec20d34d07bbc",
    "owningId": "PuwNB6ueq8",
    "relatedId": "toA31G2Cwh"
  },
  {
    "objectId": "5df3dd29129ec20d34d07bbe",
    "owningId": "p95YJhHmSF",
    "relatedId": "mEdyL0V5nl"
  },
  {
    "objectId": "5df3dd29129ec20d34d07bb7",
    "owningId": "xbFQQ5sfzo",
    "relatedId": "h0pbYbYHHB"
  },
  {
    "objectId": "5df3dd29129ec20d34d07bb6",
    "owningId": "V4MTtneBck",
    "relatedId": "mEdyL0V5nl"
  },
  {
    "objectId": "5df3dd29129ec20d34d07bb9",
    "owningId": "ZlVdfS4fHA",
    "relatedId": "toA31G2Cwh"
  },
  {
    "objectId": "5df3dd29129ec20d34d07bc0",
    "owningId": "2wX5xTT3os",
    "relatedId": "zTqx98jEFV"
  },
  {
    "objectId": "5df3dd29129ec20d34d07bbf",
    "owningId": "wPo0Y2HpTU",
    "relatedId": "h0pbYbYHHB"
  },
  {
    "objectId": "5df3dd29129ec20d34d07bc1",
    "owningId": "EUQwbKpqam",
    "relatedId": "h0pbYbYHHB"
  },
  {
    "objectId": "5df3dd29129ec20d34d07bc3",
    "owningId": "LMjIjBG1ky",
    "relatedId": "3zkZDjNrAb"
  },
  {
    "objectId": "5df3dd29129ec20d34d07bc2",
    "owningId": "LBzsnZDSLg",
    "relatedId": "h0pbYbYHHB"
  },
  {
    "objectId": "5df3dd29129ec20d34d07bc4",
    "owningId": "0QFP9hycE4",
    "relatedId": "3zkZDjNrAb"
  },
  {
    "objectId": "5df3dd29129ec20d34d07bc8",
    "owningId": "I9hpiuQcav",
    "relatedId": "h0pbYbYHHB"
  },
  {
    "objectId": "5df3dd29129ec20d34d07bc5",
    "owningId": "h2m1Xl7TCy",
    "relatedId": "3zkZDjNrAb"
  },
  {
    "objectId": "5df3dd29129ec20d34d07bc6",
    "owningId": "pGrDZ2l7F5",
    "relatedId": "h0pbYbYHHB"
  },
  {
    "objectId": "5df3dd29129ec20d34d07bc7",
    "owningId": "xEyEwEPhkU",
    "relatedId": "h0pbYbYHHB"
  },
  {
    "objectId": "5df3dd29129ec20d34d07bc9",
    "owningId": "e0BhoIzz8U",
    "relatedId": "3zkZDjNrAb"
  },
  {
    "objectId": "5df3dd29129ec20d34d07bca",
    "owningId": "sFUn9b8odm",
    "relatedId": "3zkZDjNrAb"
  },
  {
    "objectId": "5df3dd29129ec20d34d07bce",
    "owningId": "K5qGhcBmlt",
    "relatedId": "3zkZDjNrAb"
  },
  {
    "objectId": "5df3dd29129ec20d34d07bcc",
    "owningId": "42MCBfx5jW",
    "relatedId": "3zkZDjNrAb"
  },
  {
    "objectId": "5df3dd29129ec20d34d07bcb",
    "owningId": "CDdVoEmKMA",
    "relatedId": "3zkZDjNrAb"
  },
  {
    "objectId": "5df3dd29129ec20d34d07bcd",
    "owningId": "CejaSG7jzU",
    "relatedId": "3zkZDjNrAb"
  },
  {
    "objectId": "5df3e9ad129ec20d34d0815a",
    "owningId": "Or6puNLEn5",
    "relatedId": "SFHc9Y4gXA"
  },
  {
    "objectId": "5df3e9ad129ec20d34d0815d",
    "owningId": "Or6puNLEn5",
    "relatedId": "RbyX4ouadm"
  },
  {
    "objectId": "5df3e9ad129ec20d34d08158",
    "owningId": "Or6puNLEn5",
    "relatedId": "GteveE4ytb"
  },
  {
    "objectId": "5df3e9ad129ec20d34d0815e",
    "owningId": "g9bAc5wnTN",
    "relatedId": "GteveE4ytb"
  },
  {
    "objectId": "5df3e9ad129ec20d34d08159",
    "owningId": "utk70kfdBh",
    "relatedId": "mRAWzGNBfG"
  },
  {
    "objectId": "5df3e9ad129ec20d34d0815b",
    "owningId": "deSSraPLXL",
    "relatedId": "GteveE4ytb"
  },
  {
    "objectId": "5df3e9ad129ec20d34d0815c",
    "owningId": "utk70kfdBh",
    "relatedId": "SFHc9Y4gXA"
  },
  {
    "objectId": "5df3e9ad129ec20d34d08167",
    "owningId": "g9bAc5wnTN",
    "relatedId": "SFHc9Y4gXA"
  },
  {
    "objectId": "5df3e9ad129ec20d34d08163",
    "owningId": "xrnyX0HUG9",
    "relatedId": "GteveE4ytb"
  },
  {
    "objectId": "5df3e9ad129ec20d34d08160",
    "owningId": "F5l2KSa4Xk",
    "relatedId": "SFHc9Y4gXA"
  },
  {
    "objectId": "5df3e9ad129ec20d34d08166",
    "owningId": "RTHryjQp6d",
    "relatedId": "GteveE4ytb"
  },
  {
    "objectId": "5df3e9ad129ec20d34d08168",
    "owningId": "ZwoZE4IXAr",
    "relatedId": "mRAWzGNBfG"
  },
  {
    "objectId": "5df3e9ad129ec20d34d0815f",
    "owningId": "F5l2KSa4Xk",
    "relatedId": "mRAWzGNBfG"
  },
  {
    "objectId": "5df3e9ad129ec20d34d08162",
    "owningId": "F5l2KSa4Xk",
    "relatedId": "GteveE4ytb"
  },
  {
    "objectId": "5df3e9ad129ec20d34d08169",
    "owningId": "eC4XhsytIo",
    "relatedId": "SFHc9Y4gXA"
  },
  {
    "objectId": "5df3e9ad129ec20d34d08170",
    "owningId": "GyKsQsPAiW",
    "relatedId": "SFHc9Y4gXA"
  },
  {
    "objectId": "5df3e9ad129ec20d34d08161",
    "owningId": "g9bAc5wnTN",
    "relatedId": "mRAWzGNBfG"
  },
  {
    "objectId": "5df3e9ad129ec20d34d0816a",
    "owningId": "ZwoZE4IXAr",
    "relatedId": "GteveE4ytb"
  },
  {
    "objectId": "5df3e9ad129ec20d34d0816e",
    "owningId": "ERk3O2ELin",
    "relatedId": "mRAWzGNBfG"
  },
  {
    "objectId": "5df3e9ad129ec20d34d08164",
    "owningId": "PHCjzxmE2l",
    "relatedId": "mRAWzGNBfG"
  },
  {
    "objectId": "5df3e9ad129ec20d34d0816d",
    "owningId": "GyKsQsPAiW",
    "relatedId": "mRAWzGNBfG"
  },
  {
    "objectId": "5df3e9ad129ec20d34d0816b",
    "owningId": "ZwoZE4IXAr",
    "relatedId": "SFHc9Y4gXA"
  },
  {
    "objectId": "5df3e9ad129ec20d34d08165",
    "owningId": "PHCjzxmE2l",
    "relatedId": "SFHc9Y4gXA"
  },
  {
    "objectId": "5df3e9ad129ec20d34d0816f",
    "owningId": "ERk3O2ELin",
    "relatedId": "SFHc9Y4gXA"
  },
  {
    "objectId": "5df3e9ad129ec20d34d0816c",
    "owningId": "eC4XhsytIo",
    "relatedId": "mRAWzGNBfG"
  },
  {
    "objectId": "5df3e9ad129ec20d34d08172",
    "owningId": "xgGROzsSND",
    "relatedId": "SFHc9Y4gXA"
  },
  {
    "objectId": "5df3e9ad129ec20d34d08171",
    "owningId": "ERk3O2ELin",
    "relatedId": "GteveE4ytb"
  },
  {
    "objectId": "5df3e9ad129ec20d34d08176",
    "owningId": "9lTVqvWu97",
    "relatedId": "fMoDABNwV9"
  },
  {
    "objectId": "5df3e9ad129ec20d34d08174",
    "owningId": "Dp5YCEIXR3",
    "relatedId": "NtEIWnlRYH"
  },
  {
    "objectId": "5df3e9ad129ec20d34d08175",
    "owningId": "SmAGL2YRes",
    "relatedId": "SFHc9Y4gXA"
  },
  {
    "objectId": "5df3e9ad129ec20d34d08173",
    "owningId": "Dp5YCEIXR3",
    "relatedId": "mRAWzGNBfG"
  },
  {
    "objectId": "5df3e9ad129ec20d34d08177",
    "owningId": "n18UV3HGbg",
    "relatedId": "RbyX4ouadm"
  },
  {
    "objectId": "5df3e9ad129ec20d34d08178",
    "owningId": "nYhnGcgBDc",
    "relatedId": "NtEIWnlRYH"
  },
  {
    "objectId": "5df3e9ad129ec20d34d08179",
    "owningId": "n18UV3HGbg",
    "relatedId": "fMoDABNwV9"
  },
  {
    "objectId": "5df3e9ad129ec20d34d0817b",
    "owningId": "n18UV3HGbg",
    "relatedId": "NtEIWnlRYH"
  },
  {
    "objectId": "5df3e9ad129ec20d34d0817c",
    "owningId": "zcFdsEk27W",
    "relatedId": "fMoDABNwV9"
  },
  {
    "objectId": "5df3e9ad129ec20d34d0817a",
    "owningId": "nYhnGcgBDc",
    "relatedId": "fMoDABNwV9"
  },
  {
    "objectId": "5df3e9ad129ec20d34d0817d",
    "owningId": "zfyE9VfkZj",
    "relatedId": "SFHc9Y4gXA"
  },
  {
    "objectId": "5df3e9ad129ec20d34d0817e",
    "owningId": "PcHTkdaQZM",
    "relatedId": "RbyX4ouadm"
  },
  {
    "objectId": "5df3e9ad129ec20d34d0817f",
    "owningId": "PcHTkdaQZM",
    "relatedId": "NtEIWnlRYH"
  },
  {
    "objectId": "5df3e9ad129ec20d34d08180",
    "owningId": "nY2fTXX1F1",
    "relatedId": "fMoDABNwV9"
  },
  {
    "objectId": "5df3e9ad129ec20d34d08181",
    "owningId": "7bbrEEnPp3",
    "relatedId": "NtEIWnlRYH"
  },
  {
    "objectId": "5df3e9ad129ec20d34d08182",
    "owningId": "mYHlk0khPd",
    "relatedId": "RbyX4ouadm"
  },
  {
    "objectId": "5df3e9ad129ec20d34d08186",
    "owningId": "bHPFB3mOuL",
    "relatedId": "NtEIWnlRYH"
  },
  {
    "objectId": "5df3e9ad129ec20d34d08183",
    "owningId": "I7KA16svWR",
    "relatedId": "NtEIWnlRYH"
  },
  {
    "objectId": "5df3e9ad129ec20d34d08184",
    "owningId": "isut9lrQGD",
    "relatedId": "RbyX4ouadm"
  },
  {
    "objectId": "5df3e9ad129ec20d34d08185",
    "owningId": "kSnCBuvjnO",
    "relatedId": "RbyX4ouadm"
  },
  {
    "objectId": "5df3e9ad129ec20d34d08187",
    "owningId": "PzM6RB4tW9",
    "relatedId": "RbyX4ouadm"
  },
  {
    "objectId": "5df3e9ad129ec20d34d08189",
    "owningId": "hoJsNB1dYq",
    "relatedId": "RbyX4ouadm"
  },
  {
    "objectId": "5df3e9ad129ec20d34d08188",
    "owningId": "5q1xW3G5MP",
    "relatedId": "RbyX4ouadm"
  },
  {
    "objectId": "5df3e9ad129ec20d34d0818a",
    "owningId": "p5HhbwwBGu",
    "relatedId": "NtEIWnlRYH"
  },
  {
    "objectId": "5df3e9ad129ec20d34d0818b",
    "owningId": "QjOyk3CH8K",
    "relatedId": "RbyX4ouadm"
  },
  {
    "objectId": "5df3e9ad129ec20d34d0818d",
    "owningId": "GLTYEk8zyL",
    "relatedId": "NtEIWnlRYH"
  },
  {
    "objectId": "5df3e9ad129ec20d34d0818e",
    "owningId": "udnaqe2L4V",
    "relatedId": "RbyX4ouadm"
  },
  {
    "objectId": "5df3e9ad129ec20d34d0818c",
    "owningId": "78QvzwEkoC",
    "relatedId": "RbyX4ouadm"
  }
]
}