{
"results" : [

  {
    "objectId": "5df351bd129ec20d34d05736",
    "owningId": "jOf5fjq30v",
    "relatedId": "FNLwCqqsAv"
  },
  {
    "objectId": "5df351bd129ec20d34d05738",
    "owningId": "jOf5fjq30v",
    "relatedId": "W1uFXRvsS8"
  },
  {
    "objectId": "5df351bd129ec20d34d05735",
    "owningId": "jOf5fjq30v",
    "relatedId": "oobySPtDXb"
  },
  {
    "objectId": "5df351bd129ec20d34d05737",
    "owningId": "jOf5fjq30v",
    "relatedId": "9kI3YuQZO4"
  },
  {
    "objectId": "5df351bd129ec20d34d05739",
    "owningId": "pCTl08OvvA",
    "relatedId": "bTTw4y6wSG"
  },
  {
    "objectId": "5df351bd129ec20d34d0573a",
    "owningId": "WFwAxDrhZZ",
    "relatedId": "tSGn97v4ci"
  },
  {
    "objectId": "5df351bd129ec20d34d0573b",
    "owningId": "Te0xVjIt1T",
    "relatedId": "v7MBmKTxHe"
  },
  {
    "objectId": "5df351bd129ec20d34d0573d",
    "owningId": "Te0xVjIt1T",
    "relatedId": "9kI3YuQZO4"
  },
  {
    "objectId": "5df351bd129ec20d34d0573c",
    "owningId": "Te0xVjIt1T",
    "relatedId": "oobySPtDXb"
  },
  {
    "objectId": "5df351bd129ec20d34d05740",
    "owningId": "Olnf3RD3oq",
    "relatedId": "C2omVWIwm2"
  },
  {
    "objectId": "5df351bd129ec20d34d0573e",
    "owningId": "Fz77YwGPWT",
    "relatedId": "RjQ6N6walV"
  },
  {
    "objectId": "5df351bd129ec20d34d05741",
    "owningId": "Olnf3RD3oq",
    "relatedId": "NXmRwwRLBY"
  },
  {
    "objectId": "5df351bd129ec20d34d05742",
    "owningId": "Olnf3RD3oq",
    "relatedId": "2swI31VxYP"
  },
  {
    "objectId": "5df351bd129ec20d34d0573f",
    "owningId": "LGmhSwxcT1",
    "relatedId": "rNK2Q9EvH6"
  },
  {
    "objectId": "5df351bd129ec20d34d05743",
    "owningId": "LGmhSwxcT1",
    "relatedId": "iHzdojvYHt"
  },
  {
    "objectId": "5df351bd129ec20d34d05744",
    "owningId": "LGmhSwxcT1",
    "relatedId": "kmFPsNOFYi"
  },
  {
    "objectId": "5df351bd129ec20d34d05745",
    "owningId": "LGmhSwxcT1",
    "relatedId": "v7MBmKTxHe"
  },
  {
    "objectId": "5df351bd129ec20d34d05746",
    "owningId": "pwAVlODmpg",
    "relatedId": "CGjm7f55Nv"
  },
  {
    "objectId": "5df351bd129ec20d34d05747",
    "owningId": "IQanTSL1jX",
    "relatedId": "uFPfswZvE3"
  },
  {
    "objectId": "5df351bd129ec20d34d05748",
    "owningId": "IQanTSL1jX",
    "relatedId": "vnokMKoA9c"
  },
  {
    "objectId": "5df351bd129ec20d34d05749",
    "owningId": "h1kzRrdUTn",
    "relatedId": "9AZLBwsdOM"
  },
  {
    "objectId": "5df351bd129ec20d34d0574a",
    "owningId": "pSyK2W8Vtn",
    "relatedId": "uFPfswZvE3"
  },
  {
    "objectId": "5df351bd129ec20d34d0574b",
    "owningId": "pSyK2W8Vtn",
    "relatedId": "C2omVWIwm2"
  },
  {
    "objectId": "5df351be129ec20d34d0574c",
    "owningId": "cUhZNrrbIa",
    "relatedId": "uFPfswZvE3"
  },
  {
    "objectId": "5df351be129ec20d34d0574d",
    "owningId": "cUhZNrrbIa",
    "relatedId": "C2omVWIwm2"
  },
  {
    "objectId": "5df351be129ec20d34d0574e",
    "owningId": "N6HB9G0hRo",
    "relatedId": "NXmRwwRLBY"
  },
  {
    "objectId": "5df351be129ec20d34d0574f",
    "owningId": "N6HB9G0hRo",
    "relatedId": "uFPfswZvE3"
  },
  {
    "objectId": "5df351be129ec20d34d05753",
    "owningId": "ucTsepGYqO",
    "relatedId": "NXmRwwRLBY"
  },
  {
    "objectId": "5df351be129ec20d34d05764",
    "owningId": "FnKlFyi9fQ",
    "relatedId": "uFPfswZvE3"
  },
  {
    "objectId": "5df351be129ec20d34d05763",
    "owningId": "FnKlFyi9fQ",
    "relatedId": "jOSCOZBMiu"
  },
  {
    "objectId": "5df356a5129ec20d34d0584c",
    "owningId": "TgWzcSdtDi",
    "relatedId": "cVarBtsxUV"
  },
  {
    "objectId": "5df356a5129ec20d34d0584b",
    "owningId": "TgWzcSdtDi",
    "relatedId": "8F6t6Hq6xS"
  },
  {
    "objectId": "5df356a5129ec20d34d0584d",
    "owningId": "TgWzcSdtDi",
    "relatedId": "su38SrJ4TP"
  },
  {
    "objectId": "5df356a5129ec20d34d0584e",
    "owningId": "TgWzcSdtDi",
    "relatedId": "Ffwc1ueCb9"
  },
  {
    "objectId": "5df356a5129ec20d34d0584f",
    "owningId": "FoTeG8CR3c",
    "relatedId": "G1nR8mxE4n"
  },
  {
    "objectId": "5df356a5129ec20d34d05850",
    "owningId": "DUHxhtkroG",
    "relatedId": "oTUALcgAB5"
  },
  {
    "objectId": "5df356a5129ec20d34d05851",
    "owningId": "lLzeTX6YWA",
    "relatedId": "4V5uBl7t0n"
  },
  {
    "objectId": "5df356a5129ec20d34d05852",
    "owningId": "yYsIiuSYcJ",
    "relatedId": "mFYfv6p6j4"
  },
  {
    "objectId": "5df356a5129ec20d34d05853",
    "owningId": "RhUQZRKtkI",
    "relatedId": "eUMPOcsG9I"
  },
  {
    "objectId": "5df356a5129ec20d34d05856",
    "owningId": "ic6j5Xx401",
    "relatedId": "8F6t6Hq6xS"
  },
  {
    "objectId": "5df356a5129ec20d34d05854",
    "owningId": "RhUQZRKtkI",
    "relatedId": "vwUJwS0Suo"
  },
  {
    "objectId": "5df356a5129ec20d34d05855",
    "owningId": "ic6j5Xx401",
    "relatedId": "0OfjI2vmjA"
  },
  {
    "objectId": "5df356a5129ec20d34d05857",
    "owningId": "ic6j5Xx401",
    "relatedId": "cVarBtsxUV"
  },
  {
    "objectId": "5df356a5129ec20d34d05858",
    "owningId": "AyEDfTYjEg",
    "relatedId": "eUMPOcsG9I"
  },
  {
    "objectId": "5df356a5129ec20d34d0585b",
    "owningId": "idSCK6aTfP",
    "relatedId": "vwUJwS0Suo"
  },
  {
    "objectId": "5df356a5129ec20d34d05859",
    "owningId": "AyEDfTYjEg",
    "relatedId": "Et0LgWOivv"
  },
  {
    "objectId": "5df356a5129ec20d34d0585c",
    "owningId": "idSCK6aTfP",
    "relatedId": "jdiwMAaLpf"
  },
  {
    "objectId": "5df356a5129ec20d34d0585a",
    "owningId": "idSCK6aTfP",
    "relatedId": "A8FktSRCcV"
  },
  {
    "objectId": "5df356a5129ec20d34d0585d",
    "owningId": "wKF8fWZW4W",
    "relatedId": "A8FktSRCcV"
  },
  {
    "objectId": "5df356a5129ec20d34d0585f",
    "owningId": "aYoAGH4zNE",
    "relatedId": "gprDT2gCcw"
  },
  {
    "objectId": "5df356a5129ec20d34d0585e",
    "owningId": "aYoAGH4zNE",
    "relatedId": "0OfjI2vmjA"
  },
  {
    "objectId": "5df356a5129ec20d34d05861",
    "owningId": "aYoAGH4zNE",
    "relatedId": "jk10iAkfRJ"
  },
  {
    "objectId": "5df356a5129ec20d34d05860",
    "owningId": "aYoAGH4zNE",
    "relatedId": "IvIs4JJzce"
  },
  {
    "objectId": "5df356a5129ec20d34d05862",
    "owningId": "C4m1KuseOD",
    "relatedId": "XS5sAomos0"
  },
  {
    "objectId": "5df356a6129ec20d34d05876",
    "owningId": "3xpLzYWtog",
    "relatedId": "eUMPOcsG9I"
  },
  {
    "objectId": "5df356a6129ec20d34d05875",
    "owningId": "3xpLzYWtog",
    "relatedId": "A8FktSRCcV"
  },
  {
    "objectId": "5df356a6129ec20d34d05877",
    "owningId": "3wPr6RaPHA",
    "relatedId": "eUMPOcsG9I"
  },
  {
    "objectId": "5df356a6129ec20d34d05878",
    "owningId": "3wPr6RaPHA",
    "relatedId": "MQA6ZywGt9"
  },
  {
    "objectId": "5df356a6129ec20d34d0587a",
    "owningId": "ER1atr0tVI",
    "relatedId": "vwUJwS0Suo"
  },
  {
    "objectId": "5df356a6129ec20d34d05879",
    "owningId": "ER1atr0tVI",
    "relatedId": "eUMPOcsG9I"
  },
  {
    "objectId": "5df35715129ec20d34d05ac3",
    "owningId": "Kt23dPKzgB",
    "relatedId": "87IRMV0rBw"
  },
  {
    "objectId": "5df35715129ec20d34d05ac4",
    "owningId": "Kt23dPKzgB",
    "relatedId": "c9jVHmPaRF"
  },
  {
    "objectId": "5df35715129ec20d34d05ac6",
    "owningId": "Kt23dPKzgB",
    "relatedId": "NQWe51EV0n"
  },
  {
    "objectId": "5df35715129ec20d34d05ac5",
    "owningId": "Kt23dPKzgB",
    "relatedId": "lTamShKSOX"
  },
  {
    "objectId": "5df35715129ec20d34d05ac8",
    "owningId": "vgc65rhXn2",
    "relatedId": "D6QAUNgyO2"
  },
  {
    "objectId": "5df35715129ec20d34d05ac7",
    "owningId": "vgc65rhXn2",
    "relatedId": "NQWe51EV0n"
  },
  {
    "objectId": "5df35715129ec20d34d05ac9",
    "owningId": "vgc65rhXn2",
    "relatedId": "Z4AyhNoZ6I"
  },
  {
    "objectId": "5df35715129ec20d34d05aca",
    "owningId": "pRj3wlW7T4",
    "relatedId": "D6QAUNgyO2"
  },
  {
    "objectId": "5df35715129ec20d34d05acd",
    "owningId": "pRj3wlW7T4",
    "relatedId": "AAUkkyolkl"
  },
  {
    "objectId": "5df35715129ec20d34d05acb",
    "owningId": "pRj3wlW7T4",
    "relatedId": "Z4AyhNoZ6I"
  },
  {
    "objectId": "5df35715129ec20d34d05acc",
    "owningId": "pRj3wlW7T4",
    "relatedId": "5fm6mw4qAu"
  },
  {
    "objectId": "5df35715129ec20d34d05ad0",
    "owningId": "JjD5foHHmp",
    "relatedId": "KB9PbkInCO"
  },
  {
    "objectId": "5df35715129ec20d34d05ace",
    "owningId": "dO71CUSfVm",
    "relatedId": "KgCLh3WDGY"
  },
  {
    "objectId": "5df35715129ec20d34d05acf",
    "owningId": "b3qnl9t1Pb",
    "relatedId": "zmMPD1vUBg"
  },
  {
    "objectId": "5df35715129ec20d34d05ad2",
    "owningId": "m0oejXInUH",
    "relatedId": "Vj6u8JvkcS"
  },
  {
    "objectId": "5df35715129ec20d34d05ad1",
    "owningId": "m0oejXInUH",
    "relatedId": "w8s9RuWfEz"
  },
  {
    "objectId": "5df35715129ec20d34d05ad3",
    "owningId": "OsTGC1YPjX",
    "relatedId": "8bdPvHBUIi"
  },
  {
    "objectId": "5df35715129ec20d34d05ad5",
    "owningId": "NqCPOCwr8O",
    "relatedId": "dBKGRbBfOQ"
  },
  {
    "objectId": "5df35715129ec20d34d05ad4",
    "owningId": "1f8QIXDCIZ",
    "relatedId": "rVtvolwxRB"
  },
  {
    "objectId": "5df35715129ec20d34d05ad7",
    "owningId": "rv1SEnG2UQ",
    "relatedId": "YU0TBPA1ka"
  },
  {
    "objectId": "5df35715129ec20d34d05ad6",
    "owningId": "NqCPOCwr8O",
    "relatedId": "WdHgnrgcPX"
  },
  {
    "objectId": "5df35715129ec20d34d05ad9",
    "owningId": "rv1SEnG2UQ",
    "relatedId": "w8s9RuWfEz"
  },
  {
    "objectId": "5df35715129ec20d34d05ad8",
    "owningId": "NqCPOCwr8O",
    "relatedId": "Vj6u8JvkcS"
  },
  {
    "objectId": "5df35715129ec20d34d05ada",
    "owningId": "hsiABVDCgJ",
    "relatedId": "w8s9RuWfEz"
  },
  {
    "objectId": "5df35715129ec20d34d05adb",
    "owningId": "hsiABVDCgJ",
    "relatedId": "PCBNbo5fvN"
  },
  {
    "objectId": "5df35715129ec20d34d05adc",
    "owningId": "gGns0iVnvB",
    "relatedId": "WdHgnrgcPX"
  },
  {
    "objectId": "5df35715129ec20d34d05ade",
    "owningId": "GM45APZatb",
    "relatedId": "WdHgnrgcPX"
  },
  {
    "objectId": "5df35715129ec20d34d05add",
    "owningId": "GM45APZatb",
    "relatedId": "w8s9RuWfEz"
  },
  {
    "objectId": "5df35715129ec20d34d05ae0",
    "owningId": "JBzioyRo9j",
    "relatedId": "w8s9RuWfEz"
  },
  {
    "objectId": "5df35715129ec20d34d05adf",
    "owningId": "JBzioyRo9j",
    "relatedId": "Vj6u8JvkcS"
  },
  {
    "objectId": "5df3576d129ec20d34d05d3b",
    "owningId": "OO0hWLG41b",
    "relatedId": "plERcQ9AR2"
  },
  {
    "objectId": "5df3576d129ec20d34d05d3c",
    "owningId": "OO0hWLG41b",
    "relatedId": "KykmdfUaDw"
  },
  {
    "objectId": "5df3576d129ec20d34d05d3d",
    "owningId": "OO0hWLG41b",
    "relatedId": "ONaXK9SDVi"
  },
  {
    "objectId": "5df3576d129ec20d34d05d3e",
    "owningId": "OO0hWLG41b",
    "relatedId": "RKfPlU1bf9"
  },
  {
    "objectId": "5df3576d129ec20d34d05d40",
    "owningId": "T0urzgfVVI",
    "relatedId": "qoFOsVvhYR"
  },
  {
    "objectId": "5df3576d129ec20d34d05d41",
    "owningId": "T0urzgfVVI",
    "relatedId": "3NVANMfvRr"
  },
  {
    "objectId": "5df3576d129ec20d34d05d42",
    "owningId": "T0urzgfVVI",
    "relatedId": "HRaJIkmj0d"
  },
  {
    "objectId": "5df3576d129ec20d34d05d3f",
    "owningId": "T0urzgfVVI",
    "relatedId": "cGu9gTXwyQ"
  },
  {
    "objectId": "5df3576d129ec20d34d05d43",
    "owningId": "YoL3wAyRTe",
    "relatedId": "KykmdfUaDw"
  },
  {
    "objectId": "5df3576d129ec20d34d05d45",
    "owningId": "YoL3wAyRTe",
    "relatedId": "cGu9gTXwyQ"
  },
  {
    "objectId": "5df3576d129ec20d34d05d44",
    "owningId": "YoL3wAyRTe",
    "relatedId": "RKfPlU1bf9"
  },
  {
    "objectId": "5df3576d129ec20d34d05d46",
    "owningId": "DCCUkwr6tp",
    "relatedId": "UiCoCWoWrZ"
  },
  {
    "objectId": "5df3576d129ec20d34d05d47",
    "owningId": "fcakHYyXdA",
    "relatedId": "PMRw6EX5MY"
  },
  {
    "objectId": "5df3576d129ec20d34d05d49",
    "owningId": "jzhut89twi",
    "relatedId": "WetMuaAvXb"
  },
  {
    "objectId": "5df3576d129ec20d34d05d4b",
    "owningId": "jzhut89twi",
    "relatedId": "InAOEeSpMM"
  },
  {
    "objectId": "5df3576d129ec20d34d05d48",
    "owningId": "zisGlL6wM7",
    "relatedId": "y2yy4X3DCA"
  },
  {
    "objectId": "5df3576d129ec20d34d05d4a",
    "owningId": "jzhut89twi",
    "relatedId": "s1VZCi3zmO"
  },
  {
    "objectId": "5df3576d129ec20d34d05d4c",
    "owningId": "sG6CZohDCL",
    "relatedId": "KKnSID1wId"
  },
  {
    "objectId": "5df3576d129ec20d34d05d4e",
    "owningId": "Aigvqz40mW",
    "relatedId": "qJf2y203u8"
  },
  {
    "objectId": "5df3576d129ec20d34d05d4d",
    "owningId": "wHeusvz7PZ",
    "relatedId": "s1VZCi3zmO"
  },
  {
    "objectId": "5df3576d129ec20d34d05d50",
    "owningId": "nxlwmGleFJ",
    "relatedId": "smQ7P9OzrF"
  },
  {
    "objectId": "5df3576d129ec20d34d05d4f",
    "owningId": "nxlwmGleFJ",
    "relatedId": "s1VZCi3zmO"
  },
  {
    "objectId": "5df3576d129ec20d34d05d51",
    "owningId": "Yr5AIz58rt",
    "relatedId": "smQ7P9OzrF"
  },
  {
    "objectId": "5df3576d129ec20d34d05d52",
    "owningId": "Yr5AIz58rt",
    "relatedId": "WetMuaAvXb"
  },
  {
    "objectId": "5df3576d129ec20d34d05d53",
    "owningId": "0Ce8ptxG8n",
    "relatedId": "smQ7P9OzrF"
  },
  {
    "objectId": "5df3576d129ec20d34d05d54",
    "owningId": "0Ce8ptxG8n",
    "relatedId": "bCWYHETs3p"
  },
  {
    "objectId": "5df3576d129ec20d34d05d56",
    "owningId": "2VPttqlbhb",
    "relatedId": "WetMuaAvXb"
  },
  {
    "objectId": "5df3576d129ec20d34d05d55",
    "owningId": "2VPttqlbhb",
    "relatedId": "smQ7P9OzrF"
  },
  {
    "objectId": "5df3576d129ec20d34d05d58",
    "owningId": "UD1FavcT7t",
    "relatedId": "NPjC0uWn1Z"
  },
  {
    "objectId": "5df3576d129ec20d34d05d57",
    "owningId": "UD1FavcT7t",
    "relatedId": "smQ7P9OzrF"
  },
  {
    "objectId": "5df35ab8129ec20d34d06020",
    "owningId": "MoCH7G7ZF1",
    "relatedId": "DPkEBRZspH"
  },
  {
    "objectId": "5df35ab8129ec20d34d0601e",
    "owningId": "MoCH7G7ZF1",
    "relatedId": "xRItPo5AJD"
  },
  {
    "objectId": "5df35ab8129ec20d34d0601f",
    "owningId": "MoCH7G7ZF1",
    "relatedId": "gGmjgaBpLn"
  },
  {
    "objectId": "5df35ab8129ec20d34d06021",
    "owningId": "MoCH7G7ZF1",
    "relatedId": "jV9HPK0m6M"
  },
  {
    "objectId": "5df35ab8129ec20d34d06022",
    "owningId": "uKiKKU462N",
    "relatedId": "d7iMumBxrg"
  },
  {
    "objectId": "5df35ab8129ec20d34d06025",
    "owningId": "uKiKKU462N",
    "relatedId": "BqZBFaUu8H"
  },
  {
    "objectId": "5df35ab8129ec20d34d06023",
    "owningId": "uKiKKU462N",
    "relatedId": "797NL49Bks"
  },
  {
    "objectId": "5df35ab8129ec20d34d06024",
    "owningId": "uKiKKU462N",
    "relatedId": "y34wLLEGfd"
  },
  {
    "objectId": "5df35ab8129ec20d34d06026",
    "owningId": "h9dc8tNoB2",
    "relatedId": "kt0sas1hZ5"
  },
  {
    "objectId": "5df35ab8129ec20d34d06027",
    "owningId": "GF6GB73IXy",
    "relatedId": "vefmHocMPd"
  },
  {
    "objectId": "5df35ab8129ec20d34d06028",
    "owningId": "HVF9CVeT7q",
    "relatedId": "D8srVEtnyD"
  },
  {
    "objectId": "5df35ab8129ec20d34d0602a",
    "owningId": "VOnOwZAO3z",
    "relatedId": "KqJGsQGyN6"
  },
  {
    "objectId": "5df35ab8129ec20d34d06029",
    "owningId": "VOnOwZAO3z",
    "relatedId": "fkcep5TDOj"
  },
  {
    "objectId": "5df35ab8129ec20d34d0602c",
    "owningId": "VUix1TKcl5",
    "relatedId": "gGmjgaBpLn"
  },
  {
    "objectId": "5df35ab8129ec20d34d0602b",
    "owningId": "VUix1TKcl5",
    "relatedId": "BqZBFaUu8H"
  },
  {
    "objectId": "5df35ab8129ec20d34d0602d",
    "owningId": "VUix1TKcl5",
    "relatedId": "jV9HPK0m6M"
  },
  {
    "objectId": "5df35ab8129ec20d34d0602e",
    "owningId": "r9LEiwunAA",
    "relatedId": "StR5TT9ArE"
  },
  {
    "objectId": "5df35ab8129ec20d34d06030",
    "owningId": "r9LEiwunAA",
    "relatedId": "ZJtLdF3ZIh"
  },
  {
    "objectId": "5df35ab8129ec20d34d0602f",
    "owningId": "r9LEiwunAA",
    "relatedId": "1oDJvinYM5"
  },
  {
    "objectId": "5df35ab8129ec20d34d06031",
    "owningId": "bxSZy7aH4N",
    "relatedId": "PoAmyFebDc"
  },
  {
    "objectId": "5df35ab8129ec20d34d06032",
    "owningId": "gN7mXLuHro",
    "relatedId": "fkcep5TDOj"
  },
  {
    "objectId": "5df35ab8129ec20d34d06033",
    "owningId": "gN7mXLuHro",
    "relatedId": "ZJtLdF3ZIh"
  },
  {
    "objectId": "5df35ab8129ec20d34d06034",
    "owningId": "wic9Sonrir",
    "relatedId": "4fSuf7UoO1"
  },
  {
    "objectId": "5df35ab8129ec20d34d06035",
    "owningId": "ZgB2BAEcHO",
    "relatedId": "fVMsCEcDXF"
  },
  {
    "objectId": "5df35ab8129ec20d34d06036",
    "owningId": "ZgB2BAEcHO",
    "relatedId": "fkcep5TDOj"
  },
  {
    "objectId": "5df35ab8129ec20d34d06037",
    "owningId": "qHdpzfHiqb",
    "relatedId": "fkcep5TDOj"
  },
  {
    "objectId": "5df35ab8129ec20d34d06038",
    "owningId": "qHdpzfHiqb",
    "relatedId": "1oDJvinYM5"
  },
  {
    "objectId": "5df35ab8129ec20d34d06039",
    "owningId": "0HlzPFiogh",
    "relatedId": "ZJtLdF3ZIh"
  },
  {
    "objectId": "5df35ab8129ec20d34d0603a",
    "owningId": "0HlzPFiogh",
    "relatedId": "fkcep5TDOj"
  },
  {
    "objectId": "5df35ab8129ec20d34d0603b",
    "owningId": "P51YTGdKei",
    "relatedId": "1oDJvinYM5"
  },
  {
    "objectId": "5df3d17b129ec20d34d06945",
    "owningId": "tx9ih4FdvT",
    "relatedId": "l7pscJMkOJ"
  },
  {
    "objectId": "5df3d17b129ec20d34d06946",
    "owningId": "5Z0W6NOWLR",
    "relatedId": "AfDJTQneEG"
  },
  {
    "objectId": "5df3d17b129ec20d34d06948",
    "owningId": "6pucali5Pl",
    "relatedId": "jKC0xDM80L"
  },
  {
    "objectId": "5df3d17b129ec20d34d06947",
    "owningId": "6pucali5Pl",
    "relatedId": "QW75Ou1RCX"
  },
  {
    "objectId": "5df3d17b129ec20d34d06949",
    "owningId": "6pucali5Pl",
    "relatedId": "Ho0r1COCyS"
  },
  {
    "objectId": "5df3d17b129ec20d34d0694a",
    "owningId": "kQYYTXQTdw",
    "relatedId": "GjU9pgEjAj"
  },
  {
    "objectId": "5df3d17b129ec20d34d0694d",
    "owningId": "quFzpztIRD",
    "relatedId": "Cvb0iwbUgB"
  },
  {
    "objectId": "5df3d17b129ec20d34d0694c",
    "owningId": "kQYYTXQTdw",
    "relatedId": "ZWaFtwWsWc"
  },
  {
    "objectId": "5df3d17b129ec20d34d0694b",
    "owningId": "kQYYTXQTdw",
    "relatedId": "ORnQmOx2Mw"
  },
  {
    "objectId": "5df3d17b129ec20d34d06950",
    "owningId": "WkauqWRZby",
    "relatedId": "n5B4mTyjAe"
  },
  {
    "objectId": "5df3d17b129ec20d34d0694f",
    "owningId": "WkauqWRZby",
    "relatedId": "HgopkZ76JN"
  },
  {
    "objectId": "5df3d17b129ec20d34d0694e",
    "owningId": "WkauqWRZby",
    "relatedId": "ZWaFtwWsWc"
  },
  {
    "objectId": "5df3d17b129ec20d34d06951",
    "owningId": "WkauqWRZby",
    "relatedId": "ORnQmOx2Mw"
  },
  {
    "objectId": "5df3d17b129ec20d34d06952",
    "owningId": "y9skGoTBK0",
    "relatedId": "GjU9pgEjAj"
  },
  {
    "objectId": "5df3d17b129ec20d34d06954",
    "owningId": "y9skGoTBK0",
    "relatedId": "90CFtXFVcF"
  },
  {
    "objectId": "5df3d17b129ec20d34d06953",
    "owningId": "y9skGoTBK0",
    "relatedId": "dwwO6CxQGo"
  },
  {
    "objectId": "5df3d17b129ec20d34d06955",
    "owningId": "y9skGoTBK0",
    "relatedId": "wTfmeHFhx3"
  },
  {
    "objectId": "5df3d17b129ec20d34d06957",
    "owningId": "6L7DZdn8TT",
    "relatedId": "QW75Ou1RCX"
  },
  {
    "objectId": "5df3d17b129ec20d34d06956",
    "owningId": "6L7DZdn8TT",
    "relatedId": "Gvif604M4I"
  },
  {
    "objectId": "5df3d17b129ec20d34d06958",
    "owningId": "CmTk1TRfAL",
    "relatedId": "Gvif604M4I"
  },
  {
    "objectId": "5df3d17b129ec20d34d06959",
    "owningId": "CmTk1TRfAL",
    "relatedId": "JwLcSgHVcX"
  },
  {
    "objectId": "5df3d17b129ec20d34d0695a",
    "owningId": "YELZN7kCUe",
    "relatedId": "Gvif604M4I"
  },
  {
    "objectId": "5df3d17b129ec20d34d0695b",
    "owningId": "YELZN7kCUe",
    "relatedId": "jKC0xDM80L"
  },
  {
    "objectId": "5df3d17b129ec20d34d0695c",
    "owningId": "UaI9uER5K4",
    "relatedId": "QW75Ou1RCX"
  },
  {
    "objectId": "5df3d17b129ec20d34d0695d",
    "owningId": "UaI9uER5K4",
    "relatedId": "Gvif604M4I"
  },
  {
    "objectId": "5df3d17b129ec20d34d0695e",
    "owningId": "Q9cGREbxHp",
    "relatedId": "jKC0xDM80L"
  },
  {
    "objectId": "5df3d17b129ec20d34d0695f",
    "owningId": "V8c7jg8DLA",
    "relatedId": "67jc1NWB4G"
  },
  {
    "objectId": "5df3d17b129ec20d34d06961",
    "owningId": "iDIZAdHHG3",
    "relatedId": "1VY6uzhVBL"
  },
  {
    "objectId": "5df3d17b129ec20d34d06960",
    "owningId": "iDIZAdHHG3",
    "relatedId": "Gvif604M4I"
  },
  {
    "objectId": "5df3d17b129ec20d34d06962",
    "owningId": "juuFJVdQO4",
    "relatedId": "WPEbBow52J"
  },
  {
    "objectId": "5df3d2c2129ec20d34d06b50",
    "owningId": "TE35cunc18",
    "relatedId": "fvJfMMFm6B"
  },
  {
    "objectId": "5df3d2c2129ec20d34d06b52",
    "owningId": "r1ruVJsiQr",
    "relatedId": "fvJfMMFm6B"
  },
  {
    "objectId": "5df3d2c2129ec20d34d06b51",
    "owningId": "r1ruVJsiQr",
    "relatedId": "fD5ATmqPtw"
  },
  {
    "objectId": "5df3d2c2129ec20d34d06b53",
    "owningId": "Mn6FdStLy5",
    "relatedId": "nc6XFpud2n"
  },
  {
    "objectId": "5df3d2c2129ec20d34d06b56",
    "owningId": "4TBF2ZxDtr",
    "relatedId": "lnS1DniGJL"
  },
  {
    "objectId": "5df3d2c2129ec20d34d06b54",
    "owningId": "5cgUD3vg1C",
    "relatedId": "F8Uj7o7KzH"
  },
  {
    "objectId": "5df3d2c2129ec20d34d06b55",
    "owningId": "4TBF2ZxDtr",
    "relatedId": "xXip8I9I8f"
  },
  {
    "objectId": "5df3d2c2129ec20d34d06b57",
    "owningId": "4TBF2ZxDtr",
    "relatedId": "MKgpo6eed2"
  },
  {
    "objectId": "5df3d2c2129ec20d34d06b59",
    "owningId": "JXHZJFUeEj",
    "relatedId": "igofBQLjY5"
  },
  {
    "objectId": "5df3d2c2129ec20d34d06b58",
    "owningId": "4TBF2ZxDtr",
    "relatedId": "DcOw87X273"
  },
  {
    "objectId": "5df3d2c2129ec20d34d06b5a",
    "owningId": "8fUII8BFxj",
    "relatedId": "fD5ATmqPtw"
  },
  {
    "objectId": "5df3d2c2129ec20d34d06b5c",
    "owningId": "fr7F9Ghp0j",
    "relatedId": "fD5ATmqPtw"
  },
  {
    "objectId": "5df3d2c2129ec20d34d06b5b",
    "owningId": "8fUII8BFxj",
    "relatedId": "qOrU4ZVB1F"
  },
  {
    "objectId": "5df3d2c2129ec20d34d06b5d",
    "owningId": "fr7F9Ghp0j",
    "relatedId": "8owokAvDDo"
  },
  {
    "objectId": "5df3d2c2129ec20d34d06b5e",
    "owningId": "l8PFsW0PYu",
    "relatedId": "P9YaeJHuCn"
  },
  {
    "objectId": "5df3d2c2129ec20d34d06b5f",
    "owningId": "ZWO04tDGY6",
    "relatedId": "fD5ATmqPtw"
  },
  {
    "objectId": "5df3d2c2129ec20d34d06b60",
    "owningId": "ZWO04tDGY6",
    "relatedId": "OIXQdIq29F"
  },
  {
    "objectId": "5df3d2c2129ec20d34d06b62",
    "owningId": "rEcdfmGV3h",
    "relatedId": "fvJfMMFm6B"
  },
  {
    "objectId": "5df3d2c2129ec20d34d06b61",
    "owningId": "rEcdfmGV3h",
    "relatedId": "qOrU4ZVB1F"
  },
  {
    "objectId": "5df3d2c2129ec20d34d06b63",
    "owningId": "rEcdfmGV3h",
    "relatedId": "6bm9Ej9jQD"
  },
  {
    "objectId": "5df3d2c2129ec20d34d06b66",
    "owningId": "YqWruBF8EQ",
    "relatedId": "xXip8I9I8f"
  },
  {
    "objectId": "5df3d2c2129ec20d34d06b65",
    "owningId": "YqWruBF8EQ",
    "relatedId": "0F1pcAoy1X"
  },
  {
    "objectId": "5df3d2c2129ec20d34d06b64",
    "owningId": "YqWruBF8EQ",
    "relatedId": "CU0V8sM5M6"
  },
  {
    "objectId": "5df3d2c2129ec20d34d06b67",
    "owningId": "HMEBW5bEWL",
    "relatedId": "0F1pcAoy1X"
  },
  {
    "objectId": "5df3d2c2129ec20d34d06b68",
    "owningId": "HMEBW5bEWL",
    "relatedId": "CU0V8sM5M6"
  },
  {
    "objectId": "5df3d2c2129ec20d34d06b6a",
    "owningId": "HMEBW5bEWL",
    "relatedId": "NkaQjeHNxs"
  },
  {
    "objectId": "5df3d2c2129ec20d34d06b69",
    "owningId": "HMEBW5bEWL",
    "relatedId": "fTMD02vZrx"
  },
  {
    "objectId": "5df3d2c3129ec20d34d06b6b",
    "owningId": "IemylJsX3K",
    "relatedId": "fD5ATmqPtw"
  },
  {
    "objectId": "5df3d2c3129ec20d34d06b6c",
    "owningId": "IemylJsX3K",
    "relatedId": "qOrU4ZVB1F"
  },
  {
    "objectId": "5df3d2c3129ec20d34d06b6d",
    "owningId": "AFdFsq5PfH",
    "relatedId": "MuOwOBlGcX"
  },
  {
    "objectId": "5df3d322129ec20d34d06e51",
    "owningId": "hhEhBMzwOC",
    "relatedId": "OgXUBDKZ3z"
  },
  {
    "objectId": "5df3d322129ec20d34d06e53",
    "owningId": "hhEhBMzwOC",
    "relatedId": "C9zrzdAiRV"
  },
  {
    "objectId": "5df3d322129ec20d34d06e54",
    "owningId": "hhEhBMzwOC",
    "relatedId": "6rmncF4N2Y"
  },
  {
    "objectId": "5df3d322129ec20d34d06e52",
    "owningId": "hhEhBMzwOC",
    "relatedId": "0baG14F008"
  },
  {
    "objectId": "5df3d322129ec20d34d06e55",
    "owningId": "HE04W2Np3T",
    "relatedId": "N6elqODNhZ"
  },
  {
    "objectId": "5df3d322129ec20d34d06e56",
    "owningId": "EYtINzkzU1",
    "relatedId": "M5IHakaShm"
  },
  {
    "objectId": "5df3d322129ec20d34d06e59",
    "owningId": "QlT66sseta",
    "relatedId": "Beok3OpuxK"
  },
  {
    "objectId": "5df3d322129ec20d34d06e58",
    "owningId": "QlT66sseta",
    "relatedId": "CgdDDD3ygA"
  },
  {
    "objectId": "5df3d322129ec20d34d06e57",
    "owningId": "QlT66sseta",
    "relatedId": "6rmncF4N2Y"
  },
  {
    "objectId": "5df3d322129ec20d34d06e5a",
    "owningId": "gQu8beWYDZ",
    "relatedId": "eWQDINtWV8"
  },
  {
    "objectId": "5df3d322129ec20d34d06e5b",
    "owningId": "KJ87fgDoEo",
    "relatedId": "nAmnHjD6ry"
  },
  {
    "objectId": "5df3d322129ec20d34d06e5c",
    "owningId": "KJ87fgDoEo",
    "relatedId": "lCPcrKaHom"
  },
  {
    "objectId": "5df3d322129ec20d34d06e5f",
    "owningId": "BVYxa73x4H",
    "relatedId": "OC8XoKqz0H"
  },
  {
    "objectId": "5df3d322129ec20d34d06e5d",
    "owningId": "KJ87fgDoEo",
    "relatedId": "CKRVuiaury"
  },
  {
    "objectId": "5df3d322129ec20d34d06e5e",
    "owningId": "BVYxa73x4H",
    "relatedId": "lCPcrKaHom"
  },
  {
    "objectId": "5df3d322129ec20d34d06e60",
    "owningId": "X4zeRkIPbF",
    "relatedId": "nAmnHjD6ry"
  },
  {
    "objectId": "5df3d322129ec20d34d06e62",
    "owningId": "7G3NoP6EF0",
    "relatedId": "lCPcrKaHom"
  },
  {
    "objectId": "5df3d322129ec20d34d06e61",
    "owningId": "7G3NoP6EF0",
    "relatedId": "OC8XoKqz0H"
  },
  {
    "objectId": "5df3d322129ec20d34d06e63",
    "owningId": "nYvifFiLEh",
    "relatedId": "xC0m5cLP1Y"
  },
  {
    "objectId": "5df3d322129ec20d34d06e65",
    "owningId": "PrINa5LgwP",
    "relatedId": "vxrnG92jxq"
  },
  {
    "objectId": "5df3d322129ec20d34d06e64",
    "owningId": "dJWIwevbcO",
    "relatedId": "G270JuHmgi"
  },
  {
    "objectId": "5df3d322129ec20d34d06e66",
    "owningId": "PrINa5LgwP",
    "relatedId": "OC8XoKqz0H"
  },
  {
    "objectId": "5df3d322129ec20d34d06e69",
    "owningId": "viyBfow2RC",
    "relatedId": "dZoZ74BflG"
  },
  {
    "objectId": "5df3d322129ec20d34d06e6a",
    "owningId": "viyBfow2RC",
    "relatedId": "GlMvAOlPE1"
  },
  {
    "objectId": "5df3d322129ec20d34d06e68",
    "owningId": "viyBfow2RC",
    "relatedId": "Beok3OpuxK"
  },
  {
    "objectId": "5df3d322129ec20d34d06e67",
    "owningId": "viyBfow2RC",
    "relatedId": "CgdDDD3ygA"
  },
  {
    "objectId": "5df3d323129ec20d34d06e6b",
    "owningId": "IprdwYbqHL",
    "relatedId": "OC8XoKqz0H"
  },
  {
    "objectId": "5df3d323129ec20d34d06e6c",
    "owningId": "IprdwYbqHL",
    "relatedId": "jbiCElLNpp"
  },
  {
    "objectId": "5df3d323129ec20d34d06e6d",
    "owningId": "EJuIB7385J",
    "relatedId": "nAmnHjD6ry"
  },
  {
    "objectId": "5df3d323129ec20d34d06e6e",
    "owningId": "EJuIB7385J",
    "relatedId": "OC8XoKqz0H"
  },
  {
    "objectId": "5df3d661129ec20d34d0708e",
    "owningId": "OZRamqTGzt",
    "relatedId": "2hH2OWid8n"
  },
  {
    "objectId": "5df3d661129ec20d34d0708f",
    "owningId": "OZRamqTGzt",
    "relatedId": "39RwIB22Vd"
  },
  {
    "objectId": "5df3d661129ec20d34d07090",
    "owningId": "UAAJqgOQpJ",
    "relatedId": "CFBEGk1E4D"
  },
  {
    "objectId": "5df3d661129ec20d34d07091",
    "owningId": "c0zNjNhD2u",
    "relatedId": "2hH2OWid8n"
  },
  {
    "objectId": "5df3d661129ec20d34d07092",
    "owningId": "c0zNjNhD2u",
    "relatedId": "jsUBjLwTyw"
  },
  {
    "objectId": "5df3d661129ec20d34d07093",
    "owningId": "BMQ5yBDtRR",
    "relatedId": "2hH2OWid8n"
  },
  {
    "objectId": "5df3d661129ec20d34d07095",
    "owningId": "QFvUBUy18P",
    "relatedId": "uYHOB4iBJr"
  },
  {
    "objectId": "5df3d661129ec20d34d07094",
    "owningId": "BMQ5yBDtRR",
    "relatedId": "jsUBjLwTyw"
  },
  {
    "objectId": "5df3d661129ec20d34d07096",
    "owningId": "9tKbLXy2mP",
    "relatedId": "puCe7ZmgmX"
  },
  {
    "objectId": "5df3d661129ec20d34d07097",
    "owningId": "9tKbLXy2mP",
    "relatedId": "2ESBBIPYWY"
  },
  {
    "objectId": "5df3d661129ec20d34d07098",
    "owningId": "9tKbLXy2mP",
    "relatedId": "d9cP4JgtDq"
  },
  {
    "objectId": "5df3d661129ec20d34d07099",
    "owningId": "9tKbLXy2mP",
    "relatedId": "HDFaqXwxYf"
  },
  {
    "objectId": "5df3d662129ec20d34d0709a",
    "owningId": "JzsHm9BDdB",
    "relatedId": "U7qWSbExvL"
  },
  {
    "objectId": "5df3d662129ec20d34d0709b",
    "owningId": "0OzRoR8ygh",
    "relatedId": "y1uEtWkzxW"
  },
  {
    "objectId": "5df3d662129ec20d34d0709c",
    "owningId": "jNyFO8HSVl",
    "relatedId": "2hH2OWid8n"
  },
  {
    "objectId": "5df3d662129ec20d34d0709d",
    "owningId": "jNyFO8HSVl",
    "relatedId": "mjQ8nZLGJF"
  },
  {
    "objectId": "5df3d662129ec20d34d0709e",
    "owningId": "vsZc2UF87e",
    "relatedId": "3fypo0Odjq"
  },
  {
    "objectId": "5df3d662129ec20d34d0709f",
    "owningId": "0OzRoR8ygh",
    "relatedId": "2ESBBIPYWY"
  },
  {
    "objectId": "5df3d662129ec20d34d070a0",
    "owningId": "0OzRoR8ygh",
    "relatedId": "hSiRGOmGHH"
  },
  {
    "objectId": "5df3d662129ec20d34d070a1",
    "owningId": "7qZASBacOb",
    "relatedId": "mjQ8nZLGJF"
  },
  {
    "objectId": "5df3d662129ec20d34d070a2",
    "owningId": "vremFESUoZ",
    "relatedId": "pRA7AnrIFo"
  },
  {
    "objectId": "5df3d662129ec20d34d070a3",
    "owningId": "vremFESUoZ",
    "relatedId": "FomKlTCVV9"
  },
  {
    "objectId": "5df3d662129ec20d34d070a5",
    "owningId": "vremFESUoZ",
    "relatedId": "y1uEtWkzxW"
  },
  {
    "objectId": "5df3d662129ec20d34d070a4",
    "owningId": "vremFESUoZ",
    "relatedId": "hSiRGOmGHH"
  },
  {
    "objectId": "5df3d662129ec20d34d070a6",
    "owningId": "WAEE2O0Cd6",
    "relatedId": "2hH2OWid8n"
  },
  {
    "objectId": "5df3d662129ec20d34d070a7",
    "owningId": "WAEE2O0Cd6",
    "relatedId": "pM6DqXTfBk"
  },
  {
    "objectId": "5df3d662129ec20d34d070a8",
    "owningId": "qGyi7rk2U0",
    "relatedId": "BaFhug2ywu"
  },
  {
    "objectId": "5df3d662129ec20d34d070a9",
    "owningId": "IMzCEGzmi8",
    "relatedId": "jsUBjLwTyw"
  },
  {
    "objectId": "5df3d662129ec20d34d070ab",
    "owningId": "IMzCEGzmi8",
    "relatedId": "hZNjnoUS2t"
  },
  {
    "objectId": "5df3d662129ec20d34d070aa",
    "owningId": "IMzCEGzmi8",
    "relatedId": "mjQ8nZLGJF"
  },
  {
    "objectId": "5df3d70f129ec20d34d073db",
    "owningId": "ZFsGWhfEgg",
    "relatedId": "TbefNPyAzL"
  },
  {
    "objectId": "5df3d70f129ec20d34d073de",
    "owningId": "TBYyRT33sP",
    "relatedId": "dmSEZalSGu"
  },
  {
    "objectId": "5df3d70f129ec20d34d073dc",
    "owningId": "TBYyRT33sP",
    "relatedId": "PrWe3baBrN"
  },
  {
    "objectId": "5df3d70f129ec20d34d073df",
    "owningId": "TBYyRT33sP",
    "relatedId": "Cikmu0eFZY"
  },
  {
    "objectId": "5df3d70f129ec20d34d073dd",
    "owningId": "TBYyRT33sP",
    "relatedId": "KPmxMokqc5"
  },
  {
    "objectId": "5df3d70f129ec20d34d073e0",
    "owningId": "llOW2JLceg",
    "relatedId": "dmSEZalSGu"
  },
  {
    "objectId": "5df3d70f129ec20d34d073e2",
    "owningId": "llOW2JLceg",
    "relatedId": "BQztvQbeK5"
  },
  {
    "objectId": "5df3d70f129ec20d34d073e1",
    "owningId": "llOW2JLceg",
    "relatedId": "PrWe3baBrN"
  },
  {
    "objectId": "5df3d70f129ec20d34d073e3",
    "owningId": "kMEpa173Qy",
    "relatedId": "PrWbOzYEBB"
  },
  {
    "objectId": "5df3d70f129ec20d34d073e5",
    "owningId": "pTe7WnbVZl",
    "relatedId": "hTzQMZIUkX"
  },
  {
    "objectId": "5df3d70f129ec20d34d073e6",
    "owningId": "O9cHYb9qH7",
    "relatedId": "VYEybVFeAu"
  },
  {
    "objectId": "5df3d70f129ec20d34d073e4",
    "owningId": "pTe7WnbVZl",
    "relatedId": "fpxpSgIer8"
  },
  {
    "objectId": "5df3d70f129ec20d34d073ea",
    "owningId": "D9XJQ98q3A",
    "relatedId": "fpxpSgIer8"
  },
  {
    "objectId": "5df3d70f129ec20d34d073e8",
    "owningId": "88hKV8I6Sy",
    "relatedId": "3gOM4DvPBC"
  },
  {
    "objectId": "5df3d70f129ec20d34d073eb",
    "owningId": "D9XJQ98q3A",
    "relatedId": "3gOM4DvPBC"
  },
  {
    "objectId": "5df3d70f129ec20d34d073e7",
    "owningId": "88hKV8I6Sy",
    "relatedId": "M84NzTFM75"
  },
  {
    "objectId": "5df3d70f129ec20d34d073e9",
    "owningId": "88hKV8I6Sy",
    "relatedId": "5FACKwpIq9"
  },
  {
    "objectId": "5df3d70f129ec20d34d073ec",
    "owningId": "rU8BoHFlpC",
    "relatedId": "5FACKwpIq9"
  },
  {
    "objectId": "5df3d70f129ec20d34d073ed",
    "owningId": "5k89Z0PmHr",
    "relatedId": "fpxpSgIer8"
  },
  {
    "objectId": "5df3d70f129ec20d34d073ee",
    "owningId": "5k89Z0PmHr",
    "relatedId": "FderCRI4Su"
  },
  {
    "objectId": "5df3d70f129ec20d34d073ef",
    "owningId": "OqVEoMtuCL",
    "relatedId": "5h00NUYa1O"
  },
  {
    "objectId": "5df3d70f129ec20d34d073f0",
    "owningId": "G34KjAMGbY",
    "relatedId": "5FACKwpIq9"
  },
  {
    "objectId": "5df3d70f129ec20d34d073f1",
    "owningId": "G34KjAMGbY",
    "relatedId": "fpxpSgIer8"
  },
  {
    "objectId": "5df3d70f129ec20d34d073f2",
    "owningId": "3q5NdVJP0Q",
    "relatedId": "AAPmrsS98i"
  },
  {
    "objectId": "5df3d70f129ec20d34d073f4",
    "owningId": "W2hzz4ki7U",
    "relatedId": "3gOM4DvPBC"
  },
  {
    "objectId": "5df3d70f129ec20d34d073f7",
    "owningId": "UDIfmgoZR1",
    "relatedId": "U9di7l3Mfd"
  },
  {
    "objectId": "5df3d70f129ec20d34d073f8",
    "owningId": "UDIfmgoZR1",
    "relatedId": "m0GOUfqcbl"
  },
  {
    "objectId": "5df3d70f129ec20d34d073f5",
    "owningId": "UDIfmgoZR1",
    "relatedId": "BQztvQbeK5"
  },
  {
    "objectId": "5df3d70f129ec20d34d073f6",
    "owningId": "UDIfmgoZR1",
    "relatedId": "QEnUADeZLA"
  },
  {
    "objectId": "5df3d70f129ec20d34d073f3",
    "owningId": "W2hzz4ki7U",
    "relatedId": "fpxpSgIer8"
  },
  {
    "objectId": "5df3dcf4129ec20d34d0773a",
    "owningId": "uOPNMaLti9",
    "relatedId": "zEODxO9b1Z"
  },
  {
    "objectId": "5df3dcf4129ec20d34d0773d",
    "owningId": "bwGWtChPEZ",
    "relatedId": "RVYsEAvzgH"
  },
  {
    "objectId": "5df3dcf4129ec20d34d0773c",
    "owningId": "bwGWtChPEZ",
    "relatedId": "1s6UORCRZ2"
  },
  {
    "objectId": "5df3dcf4129ec20d34d0773b",
    "owningId": "TuZeCeC8Y2",
    "relatedId": "GfvC2y7U7A"
  },
  {
    "objectId": "5df3dcf4129ec20d34d0773f",
    "owningId": "bwGWtChPEZ",
    "relatedId": "sD7nwAMpJ2"
  },
  {
    "objectId": "5df3dcf4129ec20d34d0773e",
    "owningId": "bwGWtChPEZ",
    "relatedId": "dVCu2HY6bG"
  },
  {
    "objectId": "5df3dcf4129ec20d34d07740",
    "owningId": "9aGMVJ2QZo",
    "relatedId": "D6YbDKkncb"
  },
  {
    "objectId": "5df3dcf4129ec20d34d07741",
    "owningId": "BCe6MaCcUT",
    "relatedId": "QCPBYBAEnX"
  },
  {
    "objectId": "5df3dcf4129ec20d34d07742",
    "owningId": "BCe6MaCcUT",
    "relatedId": "g4rCvjNydt"
  },
  {
    "objectId": "5df3dcf4129ec20d34d07744",
    "owningId": "BCe6MaCcUT",
    "relatedId": "BW32pyuK0Y"
  },
  {
    "objectId": "5df3dcf4129ec20d34d07743",
    "owningId": "BCe6MaCcUT",
    "relatedId": "Bu6J6eejXb"
  },
  {
    "objectId": "5df3dcf4129ec20d34d07745",
    "owningId": "m0cTyvrbLv",
    "relatedId": "4CjVIxQjVK"
  },
  {
    "objectId": "5df3dcf4129ec20d34d07748",
    "owningId": "MSIhbsBvDO",
    "relatedId": "1s6UORCRZ2"
  },
  {
    "objectId": "5df3dcf4129ec20d34d07746",
    "owningId": "MSIhbsBvDO",
    "relatedId": "dVCu2HY6bG"
  },
  {
    "objectId": "5df3dcf4129ec20d34d07747",
    "owningId": "MSIhbsBvDO",
    "relatedId": "Bu6J6eejXb"
  },
  {
    "objectId": "5df3dcf4129ec20d34d07749",
    "owningId": "Ii4sWVeDdk",
    "relatedId": "TEBpfiiEes"
  },
  {
    "objectId": "5df3dcf4129ec20d34d0774a",
    "owningId": "Ii4sWVeDdk",
    "relatedId": "AmUyfjyd87"
  },
  {
    "objectId": "5df3dcf4129ec20d34d0774b",
    "owningId": "b3EB0ONiEc",
    "relatedId": "TEBpfiiEes"
  },
  {
    "objectId": "5df3dcf4129ec20d34d0774c",
    "owningId": "b3EB0ONiEc",
    "relatedId": "afQq6EU4Sp"
  },
  {
    "objectId": "5df3dcf4129ec20d34d0774d",
    "owningId": "3QQSgAVPGG",
    "relatedId": "TdKcYA1YtG"
  },
  {
    "objectId": "5df3dcf4129ec20d34d0774e",
    "owningId": "E5UpLFFC2K",
    "relatedId": "AmUyfjyd87"
  },
  {
    "objectId": "5df3dcf4129ec20d34d0774f",
    "owningId": "E5UpLFFC2K",
    "relatedId": "TEBpfiiEes"
  },
  {
    "objectId": "5df3dcf4129ec20d34d07751",
    "owningId": "S0lTeX0jDJ",
    "relatedId": "afQq6EU4Sp"
  },
  {
    "objectId": "5df3dcf4129ec20d34d07752",
    "owningId": "S0lTeX0jDJ",
    "relatedId": "rKLMXH26CP"
  },
  {
    "objectId": "5df3dcf4129ec20d34d07750",
    "owningId": "G1NCKtBOvC",
    "relatedId": "afQq6EU4Sp"
  },
  {
    "objectId": "5df3dcf4129ec20d34d07753",
    "owningId": "stuChFqpHc",
    "relatedId": "52vZ9fbPcN"
  },
  {
    "objectId": "5df3dcf4129ec20d34d07754",
    "owningId": "stuChFqpHc",
    "relatedId": "TEBpfiiEes"
  },
  {
    "objectId": "5df3dcf4129ec20d34d07755",
    "owningId": "S0lTeX0jDJ",
    "relatedId": "AmUyfjyd87"
  },
  {
    "objectId": "5df3dcf4129ec20d34d07757",
    "owningId": "Ry3nNyG15L",
    "relatedId": "kdD8CG4ONC"
  },
  {
    "objectId": "5df3dcf4129ec20d34d07756",
    "owningId": "Ry3nNyG15L",
    "relatedId": "TEBpfiiEes"
  },
  {
    "objectId": "5df3dd25129ec20d34d07954",
    "owningId": "p95YJhHmSF",
    "relatedId": "9mc1WSNP10"
  },
  {
    "objectId": "5df3dd25129ec20d34d07955",
    "owningId": "LMjIjBG1ky",
    "relatedId": "NEMwKUVzvK"
  },
  {
    "objectId": "5df3dd25129ec20d34d07956",
    "owningId": "LMjIjBG1ky",
    "relatedId": "ztlCuOWqIZ"
  },
  {
    "objectId": "5df3dd25129ec20d34d07957",
    "owningId": "mg8BvrgwCW",
    "relatedId": "FI892GUxcD"
  },
  {
    "objectId": "5df3dd25129ec20d34d07958",
    "owningId": "mg8BvrgwCW",
    "relatedId": "aAazqNI5XD"
  },
  {
    "objectId": "5df3dd25129ec20d34d07959",
    "owningId": "mg8BvrgwCW",
    "relatedId": "UY95ZUgBeY"
  },
  {
    "objectId": "5df3dd25129ec20d34d0795a",
    "owningId": "mg8BvrgwCW",
    "relatedId": "mgEiQKF5s3"
  },
  {
    "objectId": "5df3dd25129ec20d34d0795d",
    "owningId": "cFq0mVDqqX",
    "relatedId": "NWoVk6mXPv"
  },
  {
    "objectId": "5df3dd25129ec20d34d0795e",
    "owningId": "cFq0mVDqqX",
    "relatedId": "TpIu8ynQs8"
  },
  {
    "objectId": "5df3dd25129ec20d34d0795c",
    "owningId": "cFq0mVDqqX",
    "relatedId": "WhCxG3DexW"
  },
  {
    "objectId": "5df3dd25129ec20d34d0795b",
    "owningId": "cFq0mVDqqX",
    "relatedId": "uHwNvFwpwS"
  },
  {
    "objectId": "5df3dd25129ec20d34d0795f",
    "owningId": "xbFQQ5sfzo",
    "relatedId": "fPYCvyJR4S"
  },
  {
    "objectId": "5df3dd25129ec20d34d07960",
    "owningId": "6ZvrvSRqQk",
    "relatedId": "oF4FZbX2IB"
  },
  {
    "objectId": "5df3dd25129ec20d34d07962",
    "owningId": "xEyEwEPhkU",
    "relatedId": "5YGJJfX5jG"
  },
  {
    "objectId": "5df3dd25129ec20d34d07961",
    "owningId": "xEyEwEPhkU",
    "relatedId": "ztlCuOWqIZ"
  },
  {
    "objectId": "5df3dd25129ec20d34d07965",
    "owningId": "hbfHuuUI5r",
    "relatedId": "UY95ZUgBeY"
  },
  {
    "objectId": "5df3dd25129ec20d34d07963",
    "owningId": "hbfHuuUI5r",
    "relatedId": "WhCxG3DexW"
  },
  {
    "objectId": "5df3dd25129ec20d34d07964",
    "owningId": "hbfHuuUI5r",
    "relatedId": "FI892GUxcD"
  },
  {
    "objectId": "5df3dd25129ec20d34d07968",
    "owningId": "9VzRb6JUCE",
    "relatedId": "pjBeL19vGC"
  },
  {
    "objectId": "5df3dd25129ec20d34d07966",
    "owningId": "9VzRb6JUCE",
    "relatedId": "NEMwKUVzvK"
  },
  {
    "objectId": "5df3dd25129ec20d34d07967",
    "owningId": "9VzRb6JUCE",
    "relatedId": "EEDCDk4CH3"
  },
  {
    "objectId": "5df3dd25129ec20d34d07969",
    "owningId": "CDdVoEmKMA",
    "relatedId": "ZNCSV1Z65D"
  },
  {
    "objectId": "5df3dd25129ec20d34d0796a",
    "owningId": "CDdVoEmKMA",
    "relatedId": "ztlCuOWqIZ"
  },
  {
    "objectId": "5df3dd26129ec20d34d0796b",
    "owningId": "2wX5xTT3os",
    "relatedId": "sOB7y7J2LZ"
  },
  {
    "objectId": "5df3dd26129ec20d34d0796d",
    "owningId": "o2DsmbFsBA",
    "relatedId": "E2WbQPd1Lz"
  },
  {
    "objectId": "5df3dd26129ec20d34d0796c",
    "owningId": "pGrDZ2l7F5",
    "relatedId": "pjBeL19vGC"
  },
  {
    "objectId": "5df3dd26129ec20d34d0796e",
    "owningId": "sFUn9b8odm",
    "relatedId": "ztlCuOWqIZ"
  },
  {
    "objectId": "5df3dd26129ec20d34d0796f",
    "owningId": "sFUn9b8odm",
    "relatedId": "pjBeL19vGC"
  },
  {
    "objectId": "5df3dd26129ec20d34d07971",
    "owningId": "h2m1Xl7TCy",
    "relatedId": "NEMwKUVzvK"
  },
  {
    "objectId": "5df3dd26129ec20d34d07970",
    "owningId": "h2m1Xl7TCy",
    "relatedId": "ztlCuOWqIZ"
  },
  {
    "objectId": "5df3e9aa129ec20d34d07e6b",
    "owningId": "GyKsQsPAiW",
    "relatedId": "26ro24HNce"
  },
  {
    "objectId": "5df3e9aa129ec20d34d07e6d",
    "owningId": "GyKsQsPAiW",
    "relatedId": "uFjDJRxIRO"
  },
  {
    "objectId": "5df3e9aa129ec20d34d07e6c",
    "owningId": "GyKsQsPAiW",
    "relatedId": "LPEUlwy4RJ"
  },
  {
    "objectId": "5df3e9aa129ec20d34d07e6f",
    "owningId": "ERk3O2ELin",
    "relatedId": "MVX5XcZg1T"
  },
  {
    "objectId": "5df3e9aa129ec20d34d07e70",
    "owningId": "ERk3O2ELin",
    "relatedId": "ASUKSjTyGL"
  },
  {
    "objectId": "5df3e9aa129ec20d34d07e6e",
    "owningId": "ERk3O2ELin",
    "relatedId": "LPEUlwy4RJ"
  },
  {
    "objectId": "5df3e9aa129ec20d34d07e71",
    "owningId": "ERk3O2ELin",
    "relatedId": "LeJqCLjGzL"
  },
  {
    "objectId": "5df3e9aa129ec20d34d07e72",
    "owningId": "RTHryjQp6d",
    "relatedId": "0teUVBC5WU"
  },
  {
    "objectId": "5df3e9ab129ec20d34d07e73",
    "owningId": "Dp5YCEIXR3",
    "relatedId": "wdewqb9hu5"
  },
  {
    "objectId": "5df3e9ab129ec20d34d07e74",
    "owningId": "ZwoZE4IXAr",
    "relatedId": "C5Ar7rTHAz"
  },
  {
    "objectId": "5df3e9ab129ec20d34d07e75",
    "owningId": "ZwoZE4IXAr",
    "relatedId": "uFjDJRxIRO"
  },
  {
    "objectId": "5df3e9ab129ec20d34d07e77",
    "owningId": "ZwoZE4IXAr",
    "relatedId": "OPaE40IScs"
  },
  {
    "objectId": "5df3e9ab129ec20d34d07e76",
    "owningId": "ZwoZE4IXAr",
    "relatedId": "26ro24HNce"
  },
  {
    "objectId": "5df3e9ab129ec20d34d07e78",
    "owningId": "zfyE9VfkZj",
    "relatedId": "soYe1MeBeb"
  },
  {
    "objectId": "5df3e9ab129ec20d34d07e79",
    "owningId": "bHPFB3mOuL",
    "relatedId": "oL9jCiMoLI"
  },
  {
    "objectId": "5df3e9ab129ec20d34d07e7a",
    "owningId": "nY2fTXX1F1",
    "relatedId": "FUgb7NeYl8"
  },
  {
    "objectId": "5df3e9ab129ec20d34d07e7c",
    "owningId": "PcHTkdaQZM",
    "relatedId": "WoqNGersBy"
  },
  {
    "objectId": "5df3e9ab129ec20d34d07e7b",
    "owningId": "PcHTkdaQZM",
    "relatedId": "nxpAPnATEb"
  },
  {
    "objectId": "5df3e9ab129ec20d34d07e81",
    "owningId": "hoJsNB1dYq",
    "relatedId": "nxpAPnATEb"
  },
  {
    "objectId": "5df3e9ab129ec20d34d07e7f",
    "owningId": "nYhnGcgBDc",
    "relatedId": "oL9jCiMoLI"
  },
  {
    "objectId": "5df3e9ab129ec20d34d07e80",
    "owningId": "nYhnGcgBDc",
    "relatedId": "Pzb5344m9Q"
  },
  {
    "objectId": "5df3e9ab129ec20d34d07e7e",
    "owningId": "zcFdsEk27W",
    "relatedId": "laadAzRTGc"
  },
  {
    "objectId": "5df3e9ab129ec20d34d07e7d",
    "owningId": "nYhnGcgBDc",
    "relatedId": "KpigKjIB6J"
  },
  {
    "objectId": "5df3e9ab129ec20d34d07e82",
    "owningId": "hoJsNB1dYq",
    "relatedId": "KpigKjIB6J"
  },
  {
    "objectId": "5df3e9ab129ec20d34d07e83",
    "owningId": "mYHlk0khPd",
    "relatedId": "nxpAPnATEb"
  },
  {
    "objectId": "5df3e9ab129ec20d34d07e84",
    "owningId": "mYHlk0khPd",
    "relatedId": "KpigKjIB6J"
  },
  {
    "objectId": "5df3e9ab129ec20d34d07e86",
    "owningId": "isut9lrQGD",
    "relatedId": "oL9jCiMoLI"
  },
  {
    "objectId": "5df3e9ab129ec20d34d07e85",
    "owningId": "isut9lrQGD",
    "relatedId": "nxpAPnATEb"
  },
  {
    "objectId": "5df3e9ab129ec20d34d07e88",
    "owningId": "udnaqe2L4V",
    "relatedId": "vaOWPFwVEq"
  },
  {
    "objectId": "5df3e9ab129ec20d34d07e87",
    "owningId": "udnaqe2L4V",
    "relatedId": "nxpAPnATEb"
  }
]
}