{
"results" : [

  {
    "objectId": "F5l2KSa4Xk",
    "consumables": "1 week",
    "name": "Y-wing",
    "cargoCapacity": 110,
    "passengers": 0,
    "maxAtmospheringSpeed": null,
    "crew": 2,
    "length": 14,
    "model": "BTL Y-wing",
    "costInCredits": 134999,
    "manufacturer": "Koensayr Manufacturing",
    "MGLT": 80,
    "starshipClass": "assault starfighter",
    "hyperdriveRating": 1,
    "createdAt": "2019-12-13T19:42:35.113Z",
    "updatedAt": "2019-12-13T19:42:37.828Z",
    "pilots": {
      "__type": "Relation",
      "className": "Character"
    },
    "films": {
      "__type": "Relation",
      "className": "Film"
    }
  },
  {
    "objectId": "GyKsQsPAiW",
    "consumables": "2 months",
    "name": "Imperial shuttle",
    "cargoCapacity": 80000,
    "passengers": 20,
    "maxAtmospheringSpeed": 850,
    "crew": 6,
    "length": 20,
    "model": "Lambda-class T-4a shuttle",
    "costInCredits": 240000,
    "manufacturer": "Sienar Fleet Systems",
    "MGLT": 50,
    "starshipClass": "Armed government transport",
    "hyperdriveRating": 1,
    "createdAt": "2019-12-13T19:42:35.086Z",
    "updatedAt": "2019-12-13T19:42:37.828Z",
    "pilots": {
      "__type": "Relation",
      "className": "Character"
    },
    "films": {
      "__type": "Relation",
      "className": "Film"
    }
  },
  {
    "objectId": "Or6puNLEn5",
    "consumables": "1 year",
    "name": "CR90 corvette",
    "cargoCapacity": 3000000,
    "passengers": 600,
    "maxAtmospheringSpeed": 950,
    "crew": null,
    "length": 150,
    "model": "CR90 corvette",
    "costInCredits": 3500000,
    "manufacturer": "Corellian Engineering Corporation",
    "MGLT": 60,
    "starshipClass": "corvette",
    "hyperdriveRating": 2,
    "createdAt": "2019-12-13T19:42:35.145Z",
    "updatedAt": "2019-12-13T19:42:37.828Z",
    "pilots": {
      "__type": "Relation",
      "className": "Character"
    },
    "films": {
      "__type": "Relation",
      "className": "Film"
    }
  },
  {
    "objectId": "ERk3O2ELin",
    "consumables": "1 week",
    "name": "X-wing",
    "cargoCapacity": 110,
    "passengers": 0,
    "maxAtmospheringSpeed": 1050,
    "crew": 1,
    "length": 12.5,
    "model": "T-65 X-wing",
    "costInCredits": 149999,
    "manufacturer": "Incom Corporation",
    "MGLT": 100,
    "starshipClass": "Starfighter",
    "hyperdriveRating": 1,
    "createdAt": "2019-12-13T19:42:35.109Z",
    "updatedAt": "2019-12-13T19:42:37.828Z",
    "pilots": {
      "__type": "Relation",
      "className": "Character"
    },
    "films": {
      "__type": "Relation",
      "className": "Film"
    }
  },
  {
    "objectId": "g9bAc5wnTN",
    "consumables": "2 years",
    "name": "Star Destroyer",
    "cargoCapacity": 36000000,
    "passengers": null,
    "maxAtmospheringSpeed": 975,
    "crew": null,
    "length": null,
    "model": "Imperial I-class Star Destroyer",
    "costInCredits": 150000000,
    "manufacturer": "Kuat Drive Yards",
    "MGLT": 60,
    "starshipClass": "Star Destroyer",
    "hyperdriveRating": 2,
    "createdAt": "2019-12-13T19:42:35.000Z",
    "updatedAt": "2019-12-13T19:42:37.828Z",
    "pilots": {
      "__type": "Relation",
      "className": "Character"
    },
    "films": {
      "__type": "Relation",
      "className": "Film"
    }
  },
  {
    "objectId": "RTHryjQp6d",
    "consumables": "5 days",
    "name": "TIE Advanced x1",
    "cargoCapacity": 150,
    "passengers": 0,
    "maxAtmospheringSpeed": 1200,
    "crew": 1,
    "length": 9.2,
    "model": "Twin Ion Engine Advanced x1",
    "manufacturer": "Sienar Fleet Systems",
    "MGLT": 105,
    "starshipClass": "Starfighter",
    "hyperdriveRating": 1,
    "createdAt": "2019-12-13T19:42:35.122Z",
    "updatedAt": "2019-12-13T19:42:37.828Z",
    "pilots": {
      "__type": "Relation",
      "className": "Character"
    },
    "films": {
      "__type": "Relation",
      "className": "Film"
    }
  },
  {
    "objectId": "eC4XhsytIo",
    "consumables": "2 years",
    "name": "EF76 Nebulon-B escort frigate",
    "cargoCapacity": 6000000,
    "passengers": 75,
    "maxAtmospheringSpeed": 800,
    "crew": 854,
    "length": 300,
    "model": "EF76 Nebulon-B escort frigate",
    "costInCredits": 8500000,
    "manufacturer": "Kuat Drive Yards",
    "MGLT": 40,
    "starshipClass": "Escort ship",
    "hyperdriveRating": 2,
    "createdAt": "2019-12-13T19:42:35.122Z",
    "updatedAt": "2019-12-13T19:42:37.828Z",
    "pilots": {
      "__type": "Relation",
      "className": "Character"
    },
    "films": {
      "__type": "Relation",
      "className": "Film"
    }
  },
  {
    "objectId": "ZwoZE4IXAr",
    "consumables": "2 months",
    "name": "Millennium Falcon",
    "cargoCapacity": 100000,
    "passengers": 6,
    "maxAtmospheringSpeed": 1050,
    "crew": 4,
    "length": 34.37,
    "model": "YT-1300 light freighter",
    "costInCredits": 100000,
    "manufacturer": "Corellian Engineering Corporation",
    "MGLT": 75,
    "starshipClass": "Light freighter",
    "hyperdriveRating": 0.5,
    "createdAt": "2019-12-13T19:42:35.161Z",
    "updatedAt": "2019-12-13T19:42:37.828Z",
    "pilots": {
      "__type": "Relation",
      "className": "Character"
    },
    "films": {
      "__type": "Relation",
      "className": "Film"
    }
  },
  {
    "objectId": "Dp5YCEIXR3",
    "consumables": "1 month",
    "name": "Slave 1",
    "cargoCapacity": 70000,
    "passengers": 6,
    "maxAtmospheringSpeed": 1000,
    "crew": 1,
    "length": 21.5,
    "model": "Firespray-31-class patrol and attack",
    "manufacturer": "Kuat Systems Engineering",
    "MGLT": 70,
    "starshipClass": "Patrol craft",
    "hyperdriveRating": 3,
    "createdAt": "2019-12-13T19:42:35.021Z",
    "updatedAt": "2019-12-13T19:42:37.828Z",
    "pilots": {
      "__type": "Relation",
      "className": "Character"
    },
    "films": {
      "__type": "Relation",
      "className": "Film"
    }
  },
  {
    "objectId": "SmAGL2YRes",
    "consumables": "2 years",
    "name": "Calamari Cruiser",
    "passengers": 1200,
    "maxAtmospheringSpeed": null,
    "crew": 5400,
    "length": 1200,
    "model": "MC80 Liberty type Star Cruiser",
    "costInCredits": 104000000,
    "manufacturer": "Mon Calamari shipyards",
    "MGLT": 60,
    "starshipClass": "Star Cruiser",
    "hyperdriveRating": 1,
    "createdAt": "2019-12-13T19:42:35.022Z",
    "updatedAt": "2019-12-13T19:42:37.828Z",
    "pilots": {
      "__type": "Relation",
      "className": "Character"
    },
    "films": {
      "__type": "Relation",
      "className": "Film"
    }
  },
  {
    "objectId": "PHCjzxmE2l",
    "consumables": "6 years",
    "name": "Executor",
    "cargoCapacity": 250000000,
    "passengers": 38000,
    "maxAtmospheringSpeed": null,
    "crew": null,
    "length": 19000,
    "model": "Executor-class star dreadnought",
    "costInCredits": 1143350000,
    "manufacturer": "Kuat Drive Yards, Fondor Shipyards",
    "MGLT": 40,
    "starshipClass": "Star dreadnought",
    "hyperdriveRating": 2,
    "createdAt": "2019-12-13T19:42:35.008Z",
    "updatedAt": "2019-12-13T19:42:37.828Z",
    "pilots": {
      "__type": "Relation",
      "className": "Character"
    },
    "films": {
      "__type": "Relation",
      "className": "Film"
    }
  },
  {
    "objectId": "utk70kfdBh",
    "consumables": "6 months",
    "name": "Rebel transport",
    "cargoCapacity": 19000000,
    "passengers": 90,
    "maxAtmospheringSpeed": 650,
    "crew": 6,
    "length": 90,
    "model": "GR-75 medium transport",
    "manufacturer": "Gallofree Yards, Inc.",
    "MGLT": 20,
    "starshipClass": "Medium transport",
    "hyperdriveRating": 4,
    "createdAt": "2019-12-13T19:42:35.165Z",
    "updatedAt": "2019-12-13T19:42:37.828Z",
    "pilots": {
      "__type": "Relation",
      "className": "Character"
    },
    "films": {
      "__type": "Relation",
      "className": "Film"
    }
  },
  {
    "objectId": "deSSraPLXL",
    "consumables": "1 month",
    "name": "Sentinel-class landing craft",
    "cargoCapacity": 180000,
    "passengers": 75,
    "maxAtmospheringSpeed": 1000,
    "crew": 5,
    "length": 38,
    "model": "Sentinel-class landing craft",
    "costInCredits": 240000,
    "manufacturer": "Sienar Fleet Systems, Cyngus Spaceworks",
    "MGLT": 70,
    "starshipClass": "landing craft",
    "hyperdriveRating": 1,
    "createdAt": "2019-12-13T19:42:35.008Z",
    "updatedAt": "2019-12-13T19:42:37.828Z",
    "pilots": {
      "__type": "Relation",
      "className": "Character"
    },
    "films": {
      "__type": "Relation",
      "className": "Film"
    }
  },
  {
    "objectId": "xrnyX0HUG9",
    "consumables": "3 years",
    "name": "Death Star",
    "cargoCapacity": 1000000000000,
    "passengers": null,
    "maxAtmospheringSpeed": null,
    "crew": null,
    "length": 120000,
    "model": "DS-1 Orbital Battle Station",
    "costInCredits": 1000000000000,
    "manufacturer": "Imperial Department of Military Research, Sienar Fleet Systems",
    "MGLT": 10,
    "starshipClass": "Deep Space Mobile Battlestation",
    "hyperdriveRating": 4,
    "createdAt": "2019-12-13T19:42:35.013Z",
    "updatedAt": "2019-12-13T19:42:37.828Z",
    "pilots": {
      "__type": "Relation",
      "className": "Character"
    },
    "films": {
      "__type": "Relation",
      "className": "Film"
    }
  },
  {
    "objectId": "xgGROzsSND",
    "consumables": "1 week",
    "name": "B-wing",
    "cargoCapacity": 45,
    "passengers": 0,
    "maxAtmospheringSpeed": 950,
    "crew": 1,
    "length": 16.9,
    "model": "A/SF-01 B-wing starfighter",
    "costInCredits": 220000,
    "manufacturer": "Slayn & Korpil",
    "MGLT": 91,
    "starshipClass": "Assault Starfighter",
    "hyperdriveRating": 2,
    "createdAt": "2019-12-13T19:42:35.185Z",
    "updatedAt": "2019-12-13T19:42:37.828Z",
    "pilots": {
      "__type": "Relation",
      "className": "Character"
    },
    "films": {
      "__type": "Relation",
      "className": "Film"
    }
  },
  {
    "objectId": "zfyE9VfkZj",
    "consumables": "1 week",
    "name": "A-wing",
    "cargoCapacity": 40,
    "passengers": 0,
    "maxAtmospheringSpeed": 1300,
    "crew": 1,
    "length": 9.6,
    "model": "RZ-1 A-wing Interceptor",
    "costInCredits": 175000,
    "manufacturer": "Alliance Underground Engineering, Incom Corporation",
    "MGLT": 120,
    "starshipClass": "Starfighter",
    "hyperdriveRating": 1,
    "createdAt": "2019-12-13T19:42:35.146Z",
    "updatedAt": "2019-12-13T19:42:37.828Z",
    "pilots": {
      "__type": "Relation",
      "className": "Character"
    },
    "films": {
      "__type": "Relation",
      "className": "Film"
    }
  },
  {
    "objectId": "p5HhbwwBGu",
    "name": "AA-9 Coruscant freighter",
    "passengers": 30000,
    "length": 390,
    "model": "Botajef AA-9 Freighter-Liner",
    "manufacturer": "Botajef Shipyards",
    "starshipClass": "freighter",
    "createdAt": "2019-12-13T19:42:35.158Z",
    "updatedAt": "2019-12-13T19:42:37.890Z",
    "pilots": {
      "__type": "Relation",
      "className": "Character"
    },
    "films": {
      "__type": "Relation",
      "className": "Film"
    }
  },
  {
    "objectId": "n18UV3HGbg",
    "consumables": "500 days",
    "name": "Droid control ship",
    "cargoCapacity": 4000000000,
    "passengers": 139000,
    "maxAtmospheringSpeed": null,
    "crew": 175,
    "length": 3170,
    "model": "Lucrehulk-class Droid Control Ship",
    "manufacturer": "Hoersch-Kessel Drive, Inc.",
    "starshipClass": "Droid control ship",
    "hyperdriveRating": 2,
    "createdAt": "2019-12-13T19:42:35.190Z",
    "updatedAt": "2019-12-13T19:42:37.828Z",
    "pilots": {
      "__type": "Relation",
      "className": "Character"
    },
    "films": {
      "__type": "Relation",
      "className": "Film"
    }
  },
  {
    "objectId": "9lTVqvWu97",
    "name": "Republic Cruiser",
    "passengers": 16,
    "maxAtmospheringSpeed": 900,
    "crew": 9,
    "length": 115,
    "model": "Consular-class cruiser",
    "manufacturer": "Corellian Engineering Corporation",
    "starshipClass": "Space cruiser",
    "hyperdriveRating": 2,
    "createdAt": "2019-12-13T19:42:35.072Z",
    "updatedAt": "2019-12-13T19:42:37.828Z",
    "pilots": {
      "__type": "Relation",
      "className": "Character"
    },
    "films": {
      "__type": "Relation",
      "className": "Film"
    }
  },
  {
    "objectId": "bHPFB3mOuL",
    "name": "H-type Nubian yacht",
    "maxAtmospheringSpeed": 8000,
    "crew": 4,
    "length": 47.9,
    "model": "H-type Nubian yacht",
    "manufacturer": "Theed Palace Space Vessel Engineering Corps",
    "starshipClass": "yacht",
    "hyperdriveRating": 0.9,
    "createdAt": "2019-12-13T19:42:35.089Z",
    "updatedAt": "2019-12-13T19:42:37.890Z",
    "pilots": {
      "__type": "Relation",
      "className": "Character"
    },
    "films": {
      "__type": "Relation",
      "className": "Film"
    }
  },
  {
    "objectId": "zcFdsEk27W",
    "name": "Naboo Royal Starship",
    "maxAtmospheringSpeed": 920,
    "crew": 8,
    "length": 76,
    "model": "J-type 327 Nubian royal starship",
    "manufacturer": "Theed Palace Space Vessel Engineering Corps, Nubia Star Drives",
    "starshipClass": "yacht",
    "hyperdriveRating": 1.8,
    "createdAt": "2019-12-13T19:42:35.231Z",
    "updatedAt": "2019-12-13T19:42:37.828Z",
    "pilots": {
      "__type": "Relation",
      "className": "Character"
    },
    "films": {
      "__type": "Relation",
      "className": "Film"
    }
  },
  {
    "objectId": "nY2fTXX1F1",
    "consumables": "30 days",
    "name": "Scimitar",
    "cargoCapacity": 2500000,
    "passengers": 6,
    "maxAtmospheringSpeed": 1180,
    "crew": 1,
    "length": 26.5,
    "model": "Star Courier",
    "costInCredits": 55000000,
    "manufacturer": "Republic Sienar Systems",
    "starshipClass": "Space Transport",
    "hyperdriveRating": 1.5,
    "createdAt": "2019-12-13T19:42:35.075Z",
    "updatedAt": "2019-12-13T19:42:37.890Z",
    "pilots": {
      "__type": "Relation",
      "className": "Character"
    },
    "films": {
      "__type": "Relation",
      "className": "Film"
    }
  },
  {
    "objectId": "nYhnGcgBDc",
    "consumables": "7 days",
    "name": "Naboo fighter",
    "cargoCapacity": 65,
    "passengers": 0,
    "maxAtmospheringSpeed": 1100,
    "crew": 1,
    "length": 11,
    "model": "N-1 starfighter",
    "costInCredits": 200000,
    "manufacturer": "Theed Palace Space Vessel Engineering Corps",
    "starshipClass": "Starfighter",
    "hyperdriveRating": 1,
    "createdAt": "2019-12-13T19:42:35.234Z",
    "updatedAt": "2019-12-13T19:42:37.828Z",
    "pilots": {
      "__type": "Relation",
      "className": "Character"
    },
    "films": {
      "__type": "Relation",
      "className": "Film"
    }
  },
  {
    "objectId": "78QvzwEkoC",
    "consumables": "2 years",
    "name": "Republic attack cruiser",
    "cargoCapacity": 20000000,
    "passengers": 2000,
    "maxAtmospheringSpeed": 975,
    "crew": 7400,
    "length": 1137,
    "model": "Senator-class Star Destroyer",
    "costInCredits": 59000000,
    "manufacturer": "Kuat Drive Yards, Allanteen Six shipyards",
    "starshipClass": "star destroyer",
    "hyperdriveRating": 1,
    "createdAt": "2019-12-13T19:42:35.197Z",
    "updatedAt": "2019-12-13T19:42:37.890Z",
    "pilots": {
      "__type": "Relation",
      "className": "Character"
    },
    "films": {
      "__type": "Relation",
      "className": "Film"
    }
  },
  {
    "objectId": "kSnCBuvjnO",
    "consumables": "15 hours",
    "name": "V-wing",
    "cargoCapacity": 60,
    "passengers": 0,
    "maxAtmospheringSpeed": 1050,
    "crew": 1,
    "length": 7.9,
    "model": "Alpha-3 Nimbus-class V-wing starfighter",
    "costInCredits": 102500,
    "manufacturer": "Kuat Systems Engineering",
    "starshipClass": "starfighter",
    "hyperdriveRating": 1,
    "createdAt": "2019-12-13T19:42:35.079Z",
    "updatedAt": "2019-12-13T19:42:37.890Z",
    "pilots": {
      "__type": "Relation",
      "className": "Character"
    },
    "films": {
      "__type": "Relation",
      "className": "Film"
    }
  },
  {
    "objectId": "hoJsNB1dYq",
    "consumables": "4 years",
    "name": "Trade Federation cruiser",
    "cargoCapacity": 50000000,
    "passengers": 48247,
    "maxAtmospheringSpeed": 1050,
    "crew": 600,
    "length": 1088,
    "model": "Providence-class carrier/destroyer",
    "costInCredits": 125000000,
    "manufacturer": "Rendili StarDrive, Free Dac Volunteers Engineering corps.",
    "starshipClass": "capital ship",
    "hyperdriveRating": 1.5,
    "createdAt": "2019-12-13T19:42:35.235Z",
    "updatedAt": "2019-12-13T19:42:37.890Z",
    "pilots": {
      "__type": "Relation",
      "className": "Character"
    },
    "films": {
      "__type": "Relation",
      "className": "Film"
    }
  },
  {
    "objectId": "PcHTkdaQZM",
    "consumables": "7 days",
    "name": "Jedi starfighter",
    "cargoCapacity": 60,
    "passengers": 0,
    "maxAtmospheringSpeed": 1150,
    "crew": 1,
    "length": 8,
    "model": "Delta-7 Aethersprite-class interceptor",
    "costInCredits": 180000,
    "manufacturer": "Kuat Systems Engineering",
    "starshipClass": "Starfighter",
    "hyperdriveRating": 1,
    "createdAt": "2019-12-13T19:42:35.096Z",
    "updatedAt": "2019-12-13T19:42:37.890Z",
    "pilots": {
      "__type": "Relation",
      "className": "Character"
    },
    "films": {
      "__type": "Relation",
      "className": "Film"
    }
  },
  {
    "objectId": "PzM6RB4tW9",
    "consumables": "2 years",
    "name": "Banking clan frigte",
    "cargoCapacity": 40000000,
    "crew": 200,
    "length": 825,
    "model": "Munificent-class star frigate",
    "costInCredits": 57000000,
    "manufacturer": "Hoersch-Kessel Drive, Inc, Gwori Revolutionary Industries",
    "starshipClass": "cruiser",
    "hyperdriveRating": 1,
    "createdAt": "2019-12-13T19:42:35.241Z",
    "updatedAt": "2019-12-13T19:42:37.890Z",
    "pilots": {
      "__type": "Relation",
      "className": "Character"
    },
    "films": {
      "__type": "Relation",
      "className": "Film"
    }
  },
  {
    "objectId": "GLTYEk8zyL",
    "consumables": "1 year",
    "name": "J-type diplomatic barge",
    "passengers": 10,
    "maxAtmospheringSpeed": 2000,
    "crew": 5,
    "length": 39,
    "model": "J-type diplomatic barge",
    "costInCredits": 2000000,
    "manufacturer": "Theed Palace Space Vessel Engineering Corps, Nubia Star Drives",
    "starshipClass": "Diplomatic barge",
    "hyperdriveRating": 0.7,
    "createdAt": "2019-12-13T19:42:35.217Z",
    "updatedAt": "2019-12-13T19:42:37.890Z",
    "pilots": {
      "__type": "Relation",
      "className": "Character"
    },
    "films": {
      "__type": "Relation",
      "className": "Film"
    }
  },
  {
    "objectId": "mYHlk0khPd",
    "consumables": "2 days",
    "name": "Jedi Interceptor",
    "cargoCapacity": 60,
    "passengers": 0,
    "maxAtmospheringSpeed": 1500,
    "crew": 1,
    "length": 5.47,
    "model": "Eta-2 Actis-class light interceptor",
    "costInCredits": 320000,
    "manufacturer": "Kuat Systems Engineering",
    "starshipClass": "starfighter",
    "hyperdriveRating": 1,
    "createdAt": "2019-12-13T19:42:35.217Z",
    "updatedAt": "2019-12-13T19:42:37.890Z",
    "pilots": {
      "__type": "Relation",
      "className": "Character"
    },
    "films": {
      "__type": "Relation",
      "className": "Film"
    }
  },
  {
    "objectId": "isut9lrQGD",
    "name": "Naboo star skiff",
    "passengers": 3,
    "maxAtmospheringSpeed": 1050,
    "crew": 3,
    "length": 29.2,
    "model": "J-type star skiff",
    "manufacturer": "Theed Palace Space Vessel Engineering Corps/Nubia Star Drives, Incorporated",
    "starshipClass": "yacht",
    "hyperdriveRating": 0.5,
    "createdAt": "2019-12-13T19:42:35.266Z",
    "updatedAt": "2019-12-13T19:42:37.890Z",
    "pilots": {
      "__type": "Relation",
      "className": "Character"
    },
    "films": {
      "__type": "Relation",
      "className": "Film"
    }
  },
  {
    "objectId": "5q1xW3G5MP",
    "consumables": "56 days",
    "name": "Theta-class T-2c shuttle",
    "cargoCapacity": 50000,
    "passengers": 16,
    "maxAtmospheringSpeed": 2000,
    "crew": 5,
    "length": 18.5,
    "model": "Theta-class T-2c shuttle",
    "costInCredits": 1000000,
    "manufacturer": "Cygnus Spaceworks",
    "starshipClass": "transport",
    "hyperdriveRating": 1,
    "createdAt": "2019-12-13T19:42:35.156Z",
    "updatedAt": "2019-12-13T19:42:37.890Z",
    "pilots": {
      "__type": "Relation",
      "className": "Character"
    },
    "films": {
      "__type": "Relation",
      "className": "Film"
    }
  },
  {
    "objectId": "QjOyk3CH8K",
    "consumables": "5 days",
    "name": "arc-170",
    "cargoCapacity": 110,
    "passengers": 0,
    "maxAtmospheringSpeed": 1000,
    "crew": 3,
    "length": 14.5,
    "model": "Aggressive Reconnaissance-170 starfighte",
    "costInCredits": 155000,
    "manufacturer": "Incom Corporation, Subpro Corporation",
    "MGLT": 100,
    "starshipClass": "starfighter",
    "hyperdriveRating": 1,
    "createdAt": "2019-12-13T19:42:35.314Z",
    "updatedAt": "2019-12-13T19:42:37.890Z",
    "pilots": {
      "__type": "Relation",
      "className": "Character"
    },
    "films": {
      "__type": "Relation",
      "className": "Film"
    }
  },
  {
    "objectId": "7bbrEEnPp3",
    "consumables": "2 years",
    "name": "Republic Assault ship",
    "cargoCapacity": 11250000,
    "passengers": 16000,
    "crew": 700,
    "length": 752,
    "model": "Acclamator I-class assault ship",
    "manufacturer": "Rothana Heavy Engineering",
    "starshipClass": "assault ship",
    "hyperdriveRating": 0.6,
    "createdAt": "2019-12-13T19:42:35.314Z",
    "updatedAt": "2019-12-13T19:42:37.890Z",
    "pilots": {
      "__type": "Relation",
      "className": "Character"
    },
    "films": {
      "__type": "Relation",
      "className": "Film"
    }
  },
  {
    "objectId": "I7KA16svWR",
    "consumables": "7 days",
    "name": "Solar Sailer",
    "cargoCapacity": 240,
    "passengers": 11,
    "maxAtmospheringSpeed": 1600,
    "crew": 3,
    "length": 15.2,
    "model": "Punworcca 116-class interstellar sloop",
    "costInCredits": 35700,
    "manufacturer": "Huppla Pasa Tisc Shipwrights Collective",
    "starshipClass": "yacht",
    "hyperdriveRating": 1.5,
    "createdAt": "2019-12-13T19:42:35.310Z",
    "updatedAt": "2019-12-13T19:42:37.890Z",
    "pilots": {
      "__type": "Relation",
      "className": "Character"
    },
    "films": {
      "__type": "Relation",
      "className": "Film"
    }
  },
  {
    "objectId": "udnaqe2L4V",
    "consumables": "7 days",
    "name": "Belbullab-22 starfighter",
    "cargoCapacity": 140,
    "passengers": 0,
    "maxAtmospheringSpeed": 1100,
    "crew": 1,
    "length": 6.71,
    "model": "Belbullab-22 starfighter",
    "costInCredits": 168000,
    "manufacturer": "Feethan Ottraw Scalable Assemblies",
    "starshipClass": "starfighter",
    "hyperdriveRating": 6,
    "createdAt": "2019-12-13T19:42:35.317Z",
    "updatedAt": "2019-12-13T19:42:37.890Z",
    "pilots": {
      "__type": "Relation",
      "className": "Character"
    },
    "films": {
      "__type": "Relation",
      "className": "Film"
    }
  }
]
}