{
"results" : [

  {
    "objectId": "5df3500f129ec20d34d05650",
    "owningId": "gLDNA5vVYg",
    "relatedId": "thQud5xBLt"
  },
  {
    "objectId": "5df3500f129ec20d34d05651",
    "owningId": "qN8UULX70W",
    "relatedId": "EYfswEv8wL"
  },
  {
    "objectId": "5df3500f129ec20d34d05652",
    "owningId": "7LmS5Eyu2A",
    "relatedId": "EYfswEv8wL"
  },
  {
    "objectId": "5df3500f129ec20d34d05653",
    "owningId": "DaAMBLWhgj",
    "relatedId": "MuDHc25bPd"
  },
  {
    "objectId": "5df3500f129ec20d34d05654",
    "owningId": "TPl044vraS",
    "relatedId": "YwDOH3jPGI"
  },
  {
    "objectId": "5df3500f129ec20d34d05655",
    "owningId": "6RkH07pHal",
    "relatedId": "l0xHFLRukR"
  },
  {
    "objectId": "5df3500f129ec20d34d05656",
    "owningId": "srG95nPbBX",
    "relatedId": "1QQZ1ToIMK"
  },
  {
    "objectId": "5df3500f129ec20d34d05657",
    "owningId": "rnn4fQ7waf",
    "relatedId": "cBC6eGSkXP"
  },
  {
    "objectId": "5df3500f129ec20d34d05658",
    "owningId": "DsjeHULwrA",
    "relatedId": "1QQZ1ToIMK"
  },
  {
    "objectId": "5df3500f129ec20d34d0565b",
    "owningId": "YAwMI253AY",
    "relatedId": "dDC1d4G8Vm"
  },
  {
    "objectId": "5df3500f129ec20d34d0565d",
    "owningId": "DKZOB3KGAm",
    "relatedId": "0kbOrbpRUy"
  },
  {
    "objectId": "5df351bc129ec20d34d0572a",
    "owningId": "oobySPtDXb",
    "relatedId": "unVBlPrH89"
  },
  {
    "objectId": "5df351bc129ec20d34d0572b",
    "owningId": "CGjm7f55Nv",
    "relatedId": "6pZsT2hvW9"
  },
  {
    "objectId": "5df351bc129ec20d34d0572c",
    "owningId": "kmFPsNOFYi",
    "relatedId": "vkPT3CxFXs"
  },
  {
    "objectId": "5df351bc129ec20d34d0572d",
    "owningId": "v7MBmKTxHe",
    "relatedId": "vkPT3CxFXs"
  },
  {
    "objectId": "5df351bc129ec20d34d0572e",
    "owningId": "BQhGDgDFvq",
    "relatedId": "3slAnkhJo6"
  },
  {
    "objectId": "5df351bc129ec20d34d05730",
    "owningId": "yNC1oFOnz2",
    "relatedId": "MtMF0KRPBm"
  },
  {
    "objectId": "5df351bc129ec20d34d0572f",
    "owningId": "uFPfswZvE3",
    "relatedId": "MtMF0KRPBm"
  },
  {
    "objectId": "5df351bc129ec20d34d05731",
    "owningId": "ssr4yFCWJf",
    "relatedId": "ED1Sr30rtd"
  },
  {
    "objectId": "5df351bc129ec20d34d05732",
    "owningId": "jOSCOZBMiu",
    "relatedId": "UZI5771kHb"
  },
  {
    "objectId": "5df351bc129ec20d34d05733",
    "owningId": "Dar32NhmLh",
    "relatedId": "NrvMxGQt6q"
  },
  {
    "objectId": "5df351bc129ec20d34d05734",
    "owningId": "C2omVWIwm2",
    "relatedId": "cWSfM7P9t9"
  },
  {
    "objectId": "5df356a4129ec20d34d05840",
    "owningId": "qLvd5CnK3F",
    "relatedId": "07pX6Ts4DP"
  },
  {
    "objectId": "5df356a4129ec20d34d05841",
    "owningId": "0OfjI2vmjA",
    "relatedId": "07pX6Ts4DP"
  },
  {
    "objectId": "5df356a4129ec20d34d05842",
    "owningId": "8F6t6Hq6xS",
    "relatedId": "Ypnh5LBSKz"
  },
  {
    "objectId": "5df356a4129ec20d34d05843",
    "owningId": "eUMPOcsG9I",
    "relatedId": "4PGJ8UbAOX"
  },
  {
    "objectId": "5df356a4129ec20d34d05844",
    "owningId": "HHT8YtLSLl",
    "relatedId": "4PGJ8UbAOX"
  },
  {
    "objectId": "5df356a4129ec20d34d05845",
    "owningId": "vwUJwS0Suo",
    "relatedId": "KKtwYSpGRe"
  },
  {
    "objectId": "5df356a4129ec20d34d05846",
    "owningId": "XS5sAomos0",
    "relatedId": "jgUBXrBcxt"
  },
  {
    "objectId": "5df356a4129ec20d34d05847",
    "owningId": "MQA6ZywGt9",
    "relatedId": "Vmo1K8Q2fv"
  },
  {
    "objectId": "5df356a4129ec20d34d05849",
    "owningId": "fRJ5ku5WZU",
    "relatedId": "jhIr5vHC7Q"
  },
  {
    "objectId": "5df356a4129ec20d34d05848",
    "owningId": "IvIs4JJzce",
    "relatedId": "0sWjKCrpsN"
  },
  {
    "objectId": "5df356a4129ec20d34d0584a",
    "owningId": "6H5yn1X02H",
    "relatedId": "NotBxQHL9W"
  },
  {
    "objectId": "5df35714129ec20d34d05ab7",
    "owningId": "87IRMV0rBw",
    "relatedId": "FzWDiXd8ne"
  },
  {
    "objectId": "5df35714129ec20d34d05ab8",
    "owningId": "rVtvolwxRB",
    "relatedId": "YdCRiwAHqN"
  },
  {
    "objectId": "5df35714129ec20d34d05ab9",
    "owningId": "D6QAUNgyO2",
    "relatedId": "IZJ7AkwiTd"
  },
  {
    "objectId": "5df35714129ec20d34d05aba",
    "owningId": "NQWe51EV0n",
    "relatedId": "FzWDiXd8ne"
  },
  {
    "objectId": "5df35714129ec20d34d05abb",
    "owningId": "OqQox1hMia",
    "relatedId": "1iHgV3JgRB"
  },
  {
    "objectId": "5df35714129ec20d34d05abc",
    "owningId": "Vj6u8JvkcS",
    "relatedId": "VZ9NIDwvVE"
  },
  {
    "objectId": "5df35714129ec20d34d05abd",
    "owningId": "w8s9RuWfEz",
    "relatedId": "M5oEXvWZAl"
  },
  {
    "objectId": "5df35714129ec20d34d05abe",
    "owningId": "cADjvWEydF",
    "relatedId": "M5oEXvWZAl"
  },
  {
    "objectId": "5df35714129ec20d34d05abf",
    "owningId": "aecD8ECeWT",
    "relatedId": "XEEOJeDfIn"
  },
  {
    "objectId": "5df35714129ec20d34d05ac0",
    "owningId": "6A8i3Z6o2q",
    "relatedId": "bsryFu8gvA"
  },
  {
    "objectId": "5df35715129ec20d34d05ac2",
    "owningId": "YU0TBPA1ka",
    "relatedId": "GOssrO6Kcn"
  },
  {
    "objectId": "5df3576c129ec20d34d05d31",
    "owningId": "cGu9gTXwyQ",
    "relatedId": "IltQ0yN3Ku"
  },
  {
    "objectId": "5df3576c129ec20d34d05d30",
    "owningId": "KykmdfUaDw",
    "relatedId": "Xt1tYsbYxa"
  },
  {
    "objectId": "5df3576c129ec20d34d05d32",
    "owningId": "3NVANMfvRr",
    "relatedId": "IltQ0yN3Ku"
  },
  {
    "objectId": "5df3576c129ec20d34d05d33",
    "owningId": "IySlCABz7W",
    "relatedId": "bZjW3Bjbqj"
  },
  {
    "objectId": "5df3576c129ec20d34d05d34",
    "owningId": "smQ7P9OzrF",
    "relatedId": "E21YEJCdmJ"
  },
  {
    "objectId": "5df3576c129ec20d34d05d35",
    "owningId": "WetMuaAvXb",
    "relatedId": "kkllP2GCPP"
  },
  {
    "objectId": "5df3576c129ec20d34d05d36",
    "owningId": "Hujd9AB6g4",
    "relatedId": "E21YEJCdmJ"
  },
  {
    "objectId": "5df3576c129ec20d34d05d37",
    "owningId": "YzmoPceadW",
    "relatedId": "1nSBiDQqgc"
  },
  {
    "objectId": "5df3576c129ec20d34d05d38",
    "owningId": "b2qVhdr919",
    "relatedId": "j6dyzWHVrD"
  },
  {
    "objectId": "5df3576c129ec20d34d05d39",
    "owningId": "KKnSID1wId",
    "relatedId": "pbYJGCFWyR"
  },
  {
    "objectId": "5df3576c129ec20d34d05d3a",
    "owningId": "NPjC0uWn1Z",
    "relatedId": "8wF2mjztwf"
  },
  {
    "objectId": "5df35ab7129ec20d34d06013",
    "owningId": "d7iMumBxrg",
    "relatedId": "hONeAJLIUc"
  },
  {
    "objectId": "5df35ab7129ec20d34d06014",
    "owningId": "BqZBFaUu8H",
    "relatedId": "hONeAJLIUc"
  },
  {
    "objectId": "5df35ab7129ec20d34d06015",
    "owningId": "GFiDmuhQ1T",
    "relatedId": "QVtASwNZjT"
  },
  {
    "objectId": "5df35ab7129ec20d34d06016",
    "owningId": "4fSuf7UoO1",
    "relatedId": "G19ZLa1wTX"
  },
  {
    "objectId": "5df35ab7129ec20d34d06017",
    "owningId": "jV9HPK0m6M",
    "relatedId": "5tZlvv2ox9"
  },
  {
    "objectId": "5df35ab7129ec20d34d06018",
    "owningId": "NzeneCWFjr",
    "relatedId": "vm5oFLkUlp"
  },
  {
    "objectId": "5df35ab7129ec20d34d06019",
    "owningId": "ZJtLdF3ZIh",
    "relatedId": "9wOZbJbpj2"
  },
  {
    "objectId": "5df35ab7129ec20d34d0601a",
    "owningId": "fkcep5TDOj",
    "relatedId": "vm5oFLkUlp"
  },
  {
    "objectId": "5df35ab7129ec20d34d0601b",
    "owningId": "FKAyWcfJF7",
    "relatedId": "3isiNGfJHe"
  },
  {
    "objectId": "5df35ab7129ec20d34d0601c",
    "owningId": "RC29uPhxhs",
    "relatedId": "qOiYwWxilv"
  },
  {
    "objectId": "5df35ab7129ec20d34d0601d",
    "owningId": "fVMsCEcDXF",
    "relatedId": "iXxuahmJOm"
  },
  {
    "objectId": "5df3d2c2129ec20d34d06b48",
    "owningId": "6SbEYCtRLe",
    "relatedId": "FRYMWjFtLn"
  },
  {
    "objectId": "5df3d2c2129ec20d34d06b45",
    "owningId": "xXip8I9I8f",
    "relatedId": "dk7nEkijDy"
  },
  {
    "objectId": "5df3d2c2129ec20d34d06b46",
    "owningId": "CHNXCR2BTq",
    "relatedId": "zYtNRoRwW1"
  },
  {
    "objectId": "5df3d2c2129ec20d34d06b47",
    "owningId": "qOrU4ZVB1F",
    "relatedId": "R8rG2y1YYB"
  },
  {
    "objectId": "5df3d2c2129ec20d34d06b49",
    "owningId": "P9YaeJHuCn",
    "relatedId": "BI84iYZfr1"
  },
  {
    "objectId": "5df3d2c2129ec20d34d06b4a",
    "owningId": "0F1pcAoy1X",
    "relatedId": "g76nLcXgIp"
  },
  {
    "objectId": "5df3d2c2129ec20d34d06b4f",
    "owningId": "OIXQdIq29F",
    "relatedId": "anDZ7V0Fy0"
  },
  {
    "objectId": "5df3d2c2129ec20d34d06b4b",
    "owningId": "Qw8qx6GbFH",
    "relatedId": "Z8dC8PNFMg"
  },
  {
    "objectId": "5df3d2c2129ec20d34d06b4c",
    "owningId": "fD5ATmqPtw",
    "relatedId": "bcteA7hQ8N"
  },
  {
    "objectId": "5df3d2c2129ec20d34d06b4d",
    "owningId": "nDNfIRnDbi",
    "relatedId": "bcteA7hQ8N"
  },
  {
    "objectId": "5df3d2c2129ec20d34d06b4e",
    "owningId": "DcOw87X273",
    "relatedId": "dk7nEkijDy"
  },
  {
    "objectId": "5df3d322129ec20d34d06e48",
    "owningId": "zdkkLVuFfL",
    "relatedId": "oADTgrg0HN"
  },
  {
    "objectId": "5df3d322129ec20d34d06e46",
    "owningId": "6rmncF4N2Y",
    "relatedId": "oADTgrg0HN"
  },
  {
    "objectId": "5df3d322129ec20d34d06e4a",
    "owningId": "OC8XoKqz0H",
    "relatedId": "vtwPAcAn0e"
  },
  {
    "objectId": "5df3d322129ec20d34d06e49",
    "owningId": "CgdDDD3ygA",
    "relatedId": "1AgZWnRyHX"
  },
  {
    "objectId": "5df3d322129ec20d34d06e47",
    "owningId": "lCPcrKaHom",
    "relatedId": "o5O9RHdwgh"
  },
  {
    "objectId": "5df3d322129ec20d34d06e4b",
    "owningId": "Bf1lWVxjuq",
    "relatedId": "vtwPAcAn0e"
  },
  {
    "objectId": "5df3d322129ec20d34d06e4d",
    "owningId": "e5uRND0usM",
    "relatedId": "HZERGgqrEt"
  },
  {
    "objectId": "5df3d322129ec20d34d06e50",
    "owningId": "jbiCElLNpp",
    "relatedId": "cWuBFLDzSE"
  },
  {
    "objectId": "5df3d322129ec20d34d06e4f",
    "owningId": "0baG14F008",
    "relatedId": "k5ZL0dOY2E"
  },
  {
    "objectId": "5df3d322129ec20d34d06e4e",
    "owningId": "xC0m5cLP1Y",
    "relatedId": "AXn8GtQmlf"
  },
  {
    "objectId": "5df3d322129ec20d34d06e4c",
    "owningId": "ZPSWY5Jp0C",
    "relatedId": "ds20tjCMBv"
  },
  {
    "objectId": "5df3d661129ec20d34d07086",
    "owningId": "HDFaqXwxYf",
    "relatedId": "MPsj8BEdW3"
  },
  {
    "objectId": "5df3d661129ec20d34d07083",
    "owningId": "PsPjS5snoI",
    "relatedId": "OBqAXWMol2"
  },
  {
    "objectId": "5df3d661129ec20d34d07085",
    "owningId": "CFBEGk1E4D",
    "relatedId": "wPwNr6bP69"
  },
  {
    "objectId": "5df3d661129ec20d34d07084",
    "owningId": "jsUBjLwTyw",
    "relatedId": "sQ3RCf6Eou"
  },
  {
    "objectId": "5df3d661129ec20d34d0708b",
    "owningId": "y1uEtWkzxW",
    "relatedId": "yFfWLOds2Q"
  },
  {
    "objectId": "5df3d661129ec20d34d07089",
    "owningId": "BcysWlQdww",
    "relatedId": "xdHnfcFCeC"
  },
  {
    "objectId": "5df3d661129ec20d34d0708a",
    "owningId": "BWurwVmClU",
    "relatedId": "POrlgiUmAO"
  },
  {
    "objectId": "5df3d661129ec20d34d0708c",
    "owningId": "k5H3ClGlDh",
    "relatedId": "6qHB2xbgT6"
  },
  {
    "objectId": "5df3d661129ec20d34d07087",
    "owningId": "2ESBBIPYWY",
    "relatedId": "MPsj8BEdW3"
  },
  {
    "objectId": "5df3d661129ec20d34d0708d",
    "owningId": "pM6DqXTfBk",
    "relatedId": "pXvGHqIFCl"
  },
  {
    "objectId": "5df3d661129ec20d34d07088",
    "owningId": "2hH2OWid8n",
    "relatedId": "6qHB2xbgT6"
  },
  {
    "objectId": "5df3d70f129ec20d34d073d2",
    "owningId": "61kbauRSou",
    "relatedId": "Uv5AFYM2Cr"
  },
  {
    "objectId": "5df3d70f129ec20d34d073d0",
    "owningId": "BQztvQbeK5",
    "relatedId": "tP0lwYpQm4"
  },
  {
    "objectId": "5df3d70f129ec20d34d073d1",
    "owningId": "U9di7l3Mfd",
    "relatedId": "tP0lwYpQm4"
  },
  {
    "objectId": "5df3d70f129ec20d34d073d3",
    "owningId": "5h00NUYa1O",
    "relatedId": "H88ZmBbGcA"
  },
  {
    "objectId": "5df3d70f129ec20d34d073d4",
    "owningId": "PrWe3baBrN",
    "relatedId": "UHTmmbnWYD"
  },
  {
    "objectId": "5df3d70f129ec20d34d073d5",
    "owningId": "ieiFGHLbTA",
    "relatedId": "nOdMC5vaUJ"
  },
  {
    "objectId": "5df3d70f129ec20d34d073d9",
    "owningId": "mjURsV4myC",
    "relatedId": "OtpNUSZsds"
  },
  {
    "objectId": "5df3d70f129ec20d34d073d6",
    "owningId": "3gOM4DvPBC",
    "relatedId": "JmxgitPQxx"
  },
  {
    "objectId": "5df3d70f129ec20d34d073d7",
    "owningId": "FderCRI4Su",
    "relatedId": "b0Ga6ZouHq"
  },
  {
    "objectId": "5df3d70f129ec20d34d073d8",
    "owningId": "fpxpSgIer8",
    "relatedId": "nOdMC5vaUJ"
  },
  {
    "objectId": "5df3d70f129ec20d34d073da",
    "owningId": "nQS2kHwsxE",
    "relatedId": "j25ruRvZXe"
  },
  {
    "objectId": "5df3dcf4129ec20d34d0772f",
    "owningId": "AmUyfjyd87",
    "relatedId": "F3vzO7rV6G"
  },
  {
    "objectId": "5df3dcf4129ec20d34d07731",
    "owningId": "XgJfKzW3cw",
    "relatedId": "W0tJdsFMn7"
  },
  {
    "objectId": "5df3dcf4129ec20d34d07732",
    "owningId": "Bu6J6eejXb",
    "relatedId": "rD5pSu7rLd"
  },
  {
    "objectId": "5df3dcf4129ec20d34d07730",
    "owningId": "4CjVIxQjVK",
    "relatedId": "az58dkhty8"
  },
  {
    "objectId": "5df3dcf4129ec20d34d07733",
    "owningId": "AcPHGycDPC",
    "relatedId": "x5YhyMoAWk"
  },
  {
    "objectId": "5df3dcf4129ec20d34d07735",
    "owningId": "BdwHsREgh3",
    "relatedId": "j8fuXCFHxp"
  },
  {
    "objectId": "5df3dcf4129ec20d34d07734",
    "owningId": "TEBpfiiEes",
    "relatedId": "x5YhyMoAWk"
  },
  {
    "objectId": "5df3dcf4129ec20d34d07736",
    "owningId": "dVCu2HY6bG",
    "relatedId": "tE0Dm74C81"
  },
  {
    "objectId": "5df3dcf4129ec20d34d07737",
    "owningId": "UOvraR4BDA",
    "relatedId": "WwTOYnnBCr"
  },
  {
    "objectId": "5df3dcf4129ec20d34d07738",
    "owningId": "BW32pyuK0Y",
    "relatedId": "rD5pSu7rLd"
  },
  {
    "objectId": "5df3dcf4129ec20d34d07739",
    "owningId": "kdD8CG4ONC",
    "relatedId": "v9HzjEHKOb"
  },
  {
    "objectId": "5df3dd25129ec20d34d07949",
    "owningId": "aC355yPLZx",
    "relatedId": "8df2keuzRb"
  },
  {
    "objectId": "5df3dd25129ec20d34d0794c",
    "owningId": "ZNCSV1Z65D",
    "relatedId": "IyLW7EdpHB"
  },
  {
    "objectId": "5df3dd25129ec20d34d0794b",
    "owningId": "NEMwKUVzvK",
    "relatedId": "mpngrRnJ7U"
  },
  {
    "objectId": "5df3dd25129ec20d34d0794a",
    "owningId": "WhCxG3DexW",
    "relatedId": "W1RubPNuso"
  },
  {
    "objectId": "5df3dd25129ec20d34d0794d",
    "owningId": "vwJrh1M2Hf",
    "relatedId": "jp7vcvfANX"
  },
  {
    "objectId": "5df3dd25129ec20d34d0794e",
    "owningId": "FI892GUxcD",
    "relatedId": "lBe2kw61NU"
  },
  {
    "objectId": "5df3dd25129ec20d34d07950",
    "owningId": "wBAZAf66PM",
    "relatedId": "fhg1Lxxe0J"
  },
  {
    "objectId": "5df3dd25129ec20d34d07951",
    "owningId": "ztlCuOWqIZ",
    "relatedId": "jp7vcvfANX"
  },
  {
    "objectId": "5df3dd25129ec20d34d0794f",
    "owningId": "uHwNvFwpwS",
    "relatedId": "W1RubPNuso"
  },
  {
    "objectId": "5df3dd25129ec20d34d07952",
    "owningId": "jBYtkdg81I",
    "relatedId": "oGoxYCCwJ9"
  },
  {
    "objectId": "5df3dd25129ec20d34d07953",
    "owningId": "sOB7y7J2LZ",
    "relatedId": "6DeafGRgTt"
  },
  {
    "objectId": "5df3e9aa129ec20d34d07e61",
    "owningId": "KpigKjIB6J",
    "relatedId": "eBd6n35xfU"
  },
  {
    "objectId": "5df3e9aa129ec20d34d07e5f",
    "owningId": "KpigKjIB6J",
    "relatedId": "iJreBMeM4k"
  },
  {
    "objectId": "5df3e9aa129ec20d34d07e62",
    "owningId": "nxpAPnATEb",
    "relatedId": "NdKhSWkcGj"
  },
  {
    "objectId": "5df3e9aa129ec20d34d07e5e",
    "owningId": "tsKWrvOV89",
    "relatedId": "Ip1tgAaydW"
  },
  {
    "objectId": "5df3e9aa129ec20d34d07e60",
    "owningId": "FUgb7NeYl8",
    "relatedId": "KMVlBMNvE4"
  },
  {
    "objectId": "5df3e9aa129ec20d34d07e66",
    "owningId": "7aWfTTVBst",
    "relatedId": "RG7c1jYBpa"
  },
  {
    "objectId": "5df3e9aa129ec20d34d07e67",
    "owningId": "2INvsFHinF",
    "relatedId": "2RMOc7zzkj"
  },
  {
    "objectId": "5df3e9aa129ec20d34d07e64",
    "owningId": "26ro24HNce",
    "relatedId": "zPueYdAR01"
  },
  {
    "objectId": "5df3e9aa129ec20d34d07e65",
    "owningId": "LPEUlwy4RJ",
    "relatedId": "2RMOc7zzkj"
  },
  {
    "objectId": "5df3e9aa129ec20d34d07e63",
    "owningId": "me9LL0DKdJ",
    "relatedId": "NdKhSWkcGj"
  },
  {
    "objectId": "5df3e9aa129ec20d34d07e69",
    "owningId": "vaOWPFwVEq",
    "relatedId": "eC9Nji4J6z"
  },
  {
    "objectId": "5df3e9aa129ec20d34d07e68",
    "owningId": "MVX5XcZg1T",
    "relatedId": "8deZC3YjGb"
  },
  {
    "objectId": "5df3e9aa129ec20d34d07e6a",
    "owningId": "LPEUlwy4RJ",
    "relatedId": "8deZC3YjGb"
  }
]
}