{
"results" : [

  {
    "objectId": "5df3576f129ec20d34d05ef4",
    "owningId": "USvDWrgN1h",
    "relatedId": "ewdqSZFJj7"
  },
  {
    "objectId": "5df3576f129ec20d34d05ef5",
    "owningId": "IySlCABz7W",
    "relatedId": "ewdqSZFJj7"
  },
  {
    "objectId": "5df3576f129ec20d34d05ef7",
    "owningId": "BIjURN2cNb",
    "relatedId": "ewdqSZFJj7"
  },
  {
    "objectId": "5df3576f129ec20d34d05ef6",
    "owningId": "ybqBHNTukl",
    "relatedId": "ewdqSZFJj7"
  },
  {
    "objectId": "5df3576f129ec20d34d05ef8",
    "owningId": "b5USAOScH1",
    "relatedId": "ewdqSZFJj7"
  },
  {
    "objectId": "5df3576f129ec20d34d05ef9",
    "owningId": "UiCoCWoWrZ",
    "relatedId": "ewdqSZFJj7"
  },
  {
    "objectId": "5df3576f129ec20d34d05efa",
    "owningId": "cGu9gTXwyQ",
    "relatedId": "ewdqSZFJj7"
  },
  {
    "objectId": "5df3576f129ec20d34d05efb",
    "owningId": "qoFOsVvhYR",
    "relatedId": "ewdqSZFJj7"
  },
  {
    "objectId": "5df3576f129ec20d34d05efc",
    "owningId": "kVW7C1GkRX",
    "relatedId": "ewdqSZFJj7"
  },
  {
    "objectId": "5df3576f129ec20d34d05efd",
    "owningId": "3NVANMfvRr",
    "relatedId": "ewdqSZFJj7"
  },
  {
    "objectId": "5df3576f129ec20d34d05efe",
    "owningId": "smQ7P9OzrF",
    "relatedId": "ewdqSZFJj7"
  },
  {
    "objectId": "5df3576f129ec20d34d05eff",
    "owningId": "GfbH7ZL96t",
    "relatedId": "ewdqSZFJj7"
  },
  {
    "objectId": "5df3576f129ec20d34d05f00",
    "owningId": "HRaJIkmj0d",
    "relatedId": "ewdqSZFJj7"
  },
  {
    "objectId": "5df3576f129ec20d34d05f01",
    "owningId": "kOgnvR1mZC",
    "relatedId": "ewdqSZFJj7"
  },
  {
    "objectId": "5df3576f129ec20d34d05f02",
    "owningId": "RKfPlU1bf9",
    "relatedId": "ewdqSZFJj7"
  },
  {
    "objectId": "5df3576f129ec20d34d05f03",
    "owningId": "FpmCBgE8X2",
    "relatedId": "ewdqSZFJj7"
  },
  {
    "objectId": "5df3576f129ec20d34d05f04",
    "owningId": "UzH2m28qCl",
    "relatedId": "VEvEDBV9lg"
  },
  {
    "objectId": "5df3576f129ec20d34d05f05",
    "owningId": "Y6RRm52lyy",
    "relatedId": "VEvEDBV9lg"
  },
  {
    "objectId": "5df3576f129ec20d34d05f06",
    "owningId": "gDdiLt0Hix",
    "relatedId": "VEvEDBV9lg"
  },
  {
    "objectId": "5df3576f129ec20d34d05f07",
    "owningId": "PMRw6EX5MY",
    "relatedId": "VEvEDBV9lg"
  },
  {
    "objectId": "5df3576f129ec20d34d05f08",
    "owningId": "kfHiVkhmJw",
    "relatedId": "VEvEDBV9lg"
  },
  {
    "objectId": "5df3576f129ec20d34d05f0a",
    "owningId": "ONaXK9SDVi",
    "relatedId": "VEvEDBV9lg"
  },
  {
    "objectId": "5df3576f129ec20d34d05f09",
    "owningId": "uMcuwqIuOO",
    "relatedId": "ewdqSZFJj7"
  },
  {
    "objectId": "5df3576f129ec20d34d05f0b",
    "owningId": "AyVIzyG3uG",
    "relatedId": "VEvEDBV9lg"
  },
  {
    "objectId": "5df35770129ec20d34d05f0c",
    "owningId": "eH4ukP4Z9M",
    "relatedId": "0kBbn0ivpB"
  },
  {
    "objectId": "5df35770129ec20d34d05f0d",
    "owningId": "IH8zlMrrmC",
    "relatedId": "0kBbn0ivpB"
  },
  {
    "objectId": "5df35770129ec20d34d05f0e",
    "owningId": "Q8nuswo024",
    "relatedId": "0kBbn0ivpB"
  },
  {
    "objectId": "5df35770129ec20d34d05f0f",
    "owningId": "plERcQ9AR2",
    "relatedId": "0kBbn0ivpB"
  },
  {
    "objectId": "5df35770129ec20d34d05f10",
    "owningId": "82FHvs9XHd",
    "relatedId": "0kBbn0ivpB"
  },
  {
    "objectId": "5df35770129ec20d34d05f11",
    "owningId": "KykmdfUaDw",
    "relatedId": "ewdqSZFJj7"
  },
  {
    "objectId": "5df35770129ec20d34d05f12",
    "owningId": "y2yy4X3DCA",
    "relatedId": "0kBbn0ivpB"
  },
  {
    "objectId": "5df35770129ec20d34d05f13",
    "owningId": "vSCiJ45awI",
    "relatedId": "N87N6IN4pz"
  },
  {
    "objectId": "5df35770129ec20d34d05f14",
    "owningId": "WetMuaAvXb",
    "relatedId": "N87N6IN4pz"
  },
  {
    "objectId": "5df35770129ec20d34d05f15",
    "owningId": "gka1Rnd7FR",
    "relatedId": "N87N6IN4pz"
  },
  {
    "objectId": "5df35770129ec20d34d05f16",
    "owningId": "7wrOUo4mRi",
    "relatedId": "N87N6IN4pz"
  },
  {
    "objectId": "5df35770129ec20d34d05f17",
    "owningId": "UFHg6B9wO7",
    "relatedId": "N87N6IN4pz"
  },
  {
    "objectId": "5df35770129ec20d34d05f18",
    "owningId": "s1VZCi3zmO",
    "relatedId": "N87N6IN4pz"
  },
  {
    "objectId": "5df35770129ec20d34d05f19",
    "owningId": "5KfKPcxs0c",
    "relatedId": "N87N6IN4pz"
  },
  {
    "objectId": "5df35770129ec20d34d05f1a",
    "owningId": "0846MAAvNa",
    "relatedId": "N87N6IN4pz"
  },
  {
    "objectId": "5df35770129ec20d34d05f1b",
    "owningId": "oL4wvjQS08",
    "relatedId": "N87N6IN4pz"
  },
  {
    "objectId": "5df35770129ec20d34d05f1c",
    "owningId": "fAuHeJJcGb",
    "relatedId": "N87N6IN4pz"
  },
  {
    "objectId": "5df35770129ec20d34d05f1d",
    "owningId": "qG9Gmw2pen",
    "relatedId": "N87N6IN4pz"
  },
  {
    "objectId": "5df35770129ec20d34d05f1f",
    "owningId": "jLlNaQCz6x",
    "relatedId": "N87N6IN4pz"
  },
  {
    "objectId": "5df35770129ec20d34d05f1e",
    "owningId": "bCWYHETs3p",
    "relatedId": "N87N6IN4pz"
  },
  {
    "objectId": "5df35770129ec20d34d05f20",
    "owningId": "TbvrJQWuSw",
    "relatedId": "N87N6IN4pz"
  },
  {
    "objectId": "5df35770129ec20d34d05f21",
    "owningId": "LnUW4DcAEs",
    "relatedId": "N87N6IN4pz"
  },
  {
    "objectId": "5df35770129ec20d34d05f22",
    "owningId": "AwfZOWhGbn",
    "relatedId": "N87N6IN4pz"
  },
  {
    "objectId": "5df35770129ec20d34d05f23",
    "owningId": "2X67FaUcrY",
    "relatedId": "N87N6IN4pz"
  },
  {
    "objectId": "5df35770129ec20d34d05f24",
    "owningId": "b2qVhdr919",
    "relatedId": "N87N6IN4pz"
  },
  {
    "objectId": "5df35770129ec20d34d05f25",
    "owningId": "pYA0mBVXpK",
    "relatedId": "N87N6IN4pz"
  },
  {
    "objectId": "5df35770129ec20d34d05f26",
    "owningId": "4E8KZ8hzd1",
    "relatedId": "N87N6IN4pz"
  },
  {
    "objectId": "5df35770129ec20d34d05f27",
    "owningId": "nyg18VWLl2",
    "relatedId": "N87N6IN4pz"
  },
  {
    "objectId": "5df35770129ec20d34d05f28",
    "owningId": "aoXb7trrAf",
    "relatedId": "N87N6IN4pz"
  },
  {
    "objectId": "5df35770129ec20d34d05f2a",
    "owningId": "wb9qHLIXQz",
    "relatedId": "N87N6IN4pz"
  },
  {
    "objectId": "5df35770129ec20d34d05f29",
    "owningId": "fYyhvNWtit",
    "relatedId": "N87N6IN4pz"
  },
  {
    "objectId": "5df35770129ec20d34d05f2b",
    "owningId": "YzmoPceadW",
    "relatedId": "N87N6IN4pz"
  },
  {
    "objectId": "5df35770129ec20d34d05f2d",
    "owningId": "1cDjhGWnAn",
    "relatedId": "N87N6IN4pz"
  },
  {
    "objectId": "5df35770129ec20d34d05f2c",
    "owningId": "AQWByy0dYE",
    "relatedId": "N87N6IN4pz"
  },
  {
    "objectId": "5df35770129ec20d34d05f2e",
    "owningId": "PCLVC8xuj9",
    "relatedId": "N87N6IN4pz"
  },
  {
    "objectId": "5df35770129ec20d34d05f2f",
    "owningId": "iGfswPIshI",
    "relatedId": "N87N6IN4pz"
  },
  {
    "objectId": "5df35770129ec20d34d05f30",
    "owningId": "8sXCDPA9Ey",
    "relatedId": "N87N6IN4pz"
  },
  {
    "objectId": "5df35aba129ec20d34d061cf",
    "owningId": "FANBEyw9PK",
    "relatedId": "GJxBPYrMSj"
  },
  {
    "objectId": "5df35aba129ec20d34d061d0",
    "owningId": "ZJtLdF3ZIh",
    "relatedId": "GJxBPYrMSj"
  },
  {
    "objectId": "5df35aba129ec20d34d061d1",
    "owningId": "taTZKAyes4",
    "relatedId": "GJxBPYrMSj"
  },
  {
    "objectId": "5df35aba129ec20d34d061d2",
    "owningId": "fkcep5TDOj",
    "relatedId": "GJxBPYrMSj"
  },
  {
    "objectId": "5df35aba129ec20d34d061d3",
    "owningId": "Dqs5Z6AHWY",
    "relatedId": "GJxBPYrMSj"
  },
  {
    "objectId": "5df35aba129ec20d34d061d4",
    "owningId": "p77d6pQG15",
    "relatedId": "GJxBPYrMSj"
  },
  {
    "objectId": "5df35aba129ec20d34d061d6",
    "owningId": "FsrSxiUcN7",
    "relatedId": "GJxBPYrMSj"
  },
  {
    "objectId": "5df35aba129ec20d34d061d5",
    "owningId": "NzeneCWFjr",
    "relatedId": "GJxBPYrMSj"
  },
  {
    "objectId": "5df35aba129ec20d34d061d7",
    "owningId": "5rcZvUsPiB",
    "relatedId": "GJxBPYrMSj"
  },
  {
    "objectId": "5df35aba129ec20d34d061d8",
    "owningId": "oHKpwShpfd",
    "relatedId": "GJxBPYrMSj"
  },
  {
    "objectId": "5df35aba129ec20d34d061d9",
    "owningId": "2VVzzZjHsh",
    "relatedId": "GJxBPYrMSj"
  },
  {
    "objectId": "5df35aba129ec20d34d061da",
    "owningId": "Mz22SvkToj",
    "relatedId": "GJxBPYrMSj"
  },
  {
    "objectId": "5df35aba129ec20d34d061db",
    "owningId": "PoAmyFebDc",
    "relatedId": "GJxBPYrMSj"
  },
  {
    "objectId": "5df35aba129ec20d34d061de",
    "owningId": "IrugtEApb9",
    "relatedId": "GJxBPYrMSj"
  },
  {
    "objectId": "5df35aba129ec20d34d061dc",
    "owningId": "nWn99Hb4qP",
    "relatedId": "GJxBPYrMSj"
  },
  {
    "objectId": "5df35aba129ec20d34d061dd",
    "owningId": "wbAkzHDyMe",
    "relatedId": "GJxBPYrMSj"
  },
  {
    "objectId": "5df35aba129ec20d34d061df",
    "owningId": "1oDJvinYM5",
    "relatedId": "GJxBPYrMSj"
  },
  {
    "objectId": "5df35aba129ec20d34d061e0",
    "owningId": "dy2qEzY9HP",
    "relatedId": "GJxBPYrMSj"
  },
  {
    "objectId": "5df35aba129ec20d34d061e1",
    "owningId": "4oQU9QMsDo",
    "relatedId": "GJxBPYrMSj"
  },
  {
    "objectId": "5df35aba129ec20d34d061e3",
    "owningId": "pJHc9Ln5ZJ",
    "relatedId": "GJxBPYrMSj"
  },
  {
    "objectId": "5df35aba129ec20d34d061e2",
    "owningId": "4fSuf7UoO1",
    "relatedId": "GJxBPYrMSj"
  },
  {
    "objectId": "5df35aba129ec20d34d061e6",
    "owningId": "nWPND4wtwC",
    "relatedId": "GJxBPYrMSj"
  },
  {
    "objectId": "5df35aba129ec20d34d061e5",
    "owningId": "4JryR6ADMz",
    "relatedId": "GJxBPYrMSj"
  },
  {
    "objectId": "5df35aba129ec20d34d061e4",
    "owningId": "Qk5GJKOZgE",
    "relatedId": "GJxBPYrMSj"
  },
  {
    "objectId": "5df35aba129ec20d34d061e7",
    "owningId": "M5E2B6yir6",
    "relatedId": "GJxBPYrMSj"
  },
  {
    "objectId": "5df35aba129ec20d34d061e9",
    "owningId": "H9U8ZEwNUb",
    "relatedId": "GJxBPYrMSj"
  },
  {
    "objectId": "5df35aba129ec20d34d061e8",
    "owningId": "KbpMgMY8EU",
    "relatedId": "GJxBPYrMSj"
  },
  {
    "objectId": "5df35aba129ec20d34d061ea",
    "owningId": "bRxavnv4vJ",
    "relatedId": "GJxBPYrMSj"
  },
  {
    "objectId": "5df35aba129ec20d34d061eb",
    "owningId": "W89uGS0z0e",
    "relatedId": "GJxBPYrMSj"
  },
  {
    "objectId": "5df35aba129ec20d34d061ec",
    "owningId": "MNPain94vP",
    "relatedId": "GJxBPYrMSj"
  },
  {
    "objectId": "5df35aba129ec20d34d061ed",
    "owningId": "d7iMumBxrg",
    "relatedId": "absaiCHEBc"
  },
  {
    "objectId": "5df35aba129ec20d34d061ee",
    "owningId": "kt0sas1hZ5",
    "relatedId": "absaiCHEBc"
  },
  {
    "objectId": "5df35aba129ec20d34d061ef",
    "owningId": "BqZBFaUu8H",
    "relatedId": "absaiCHEBc"
  },
  {
    "objectId": "5df35aba129ec20d34d061f0",
    "owningId": "gGmjgaBpLn",
    "relatedId": "absaiCHEBc"
  },
  {
    "objectId": "5df35aba129ec20d34d061f1",
    "owningId": "RZzbF5T7NY",
    "relatedId": "absaiCHEBc"
  },
  {
    "objectId": "5df35aba129ec20d34d061f2",
    "owningId": "D8srVEtnyD",
    "relatedId": "absaiCHEBc"
  },
  {
    "objectId": "5df35aba129ec20d34d061f3",
    "owningId": "xRItPo5AJD",
    "relatedId": "absaiCHEBc"
  },
  {
    "objectId": "5df35aba129ec20d34d061f4",
    "owningId": "mLSDe7ilAO",
    "relatedId": "absaiCHEBc"
  },
  {
    "objectId": "5df35aba129ec20d34d061f5",
    "owningId": "XduCopCrTs",
    "relatedId": "absaiCHEBc"
  },
  {
    "objectId": "5df35abb129ec20d34d061f6",
    "owningId": "sl15vFZqOS",
    "relatedId": "C48syQ0LWn"
  },
  {
    "objectId": "5df35abb129ec20d34d061f8",
    "owningId": "CslXTrn0vE",
    "relatedId": "C48syQ0LWn"
  },
  {
    "objectId": "5df35abb129ec20d34d061f7",
    "owningId": "FKAyWcfJF7",
    "relatedId": "C48syQ0LWn"
  },
  {
    "objectId": "5df35abb129ec20d34d061fa",
    "owningId": "CvOV2xIMN2",
    "relatedId": "C48syQ0LWn"
  },
  {
    "objectId": "5df35abb129ec20d34d061f9",
    "owningId": "kjJqzk6vyo",
    "relatedId": "C48syQ0LWn"
  },
  {
    "objectId": "5df35abb129ec20d34d061fd",
    "owningId": "aRfCdCZffr",
    "relatedId": "C48syQ0LWn"
  },
  {
    "objectId": "5df35abb129ec20d34d061fc",
    "owningId": "unh8Nxs6Uo",
    "relatedId": "C48syQ0LWn"
  },
  {
    "objectId": "5df35abb129ec20d34d061fb",
    "owningId": "cFrw0m2CLp",
    "relatedId": "C48syQ0LWn"
  },
  {
    "objectId": "5df35abb129ec20d34d061fe",
    "owningId": "nHuZnCiNFu",
    "relatedId": "Z8aoioLpWJ"
  },
  {
    "objectId": "5df35abb129ec20d34d061ff",
    "owningId": "1T6JYXcKeR",
    "relatedId": "Z8aoioLpWJ"
  },
  {
    "objectId": "5df35abb129ec20d34d06200",
    "owningId": "Cig7kS6lzf",
    "relatedId": "Z8aoioLpWJ"
  },
  {
    "objectId": "5df35abb129ec20d34d06201",
    "owningId": "GFiDmuhQ1T",
    "relatedId": "absaiCHEBc"
  },
  {
    "objectId": "5df35abb129ec20d34d06202",
    "owningId": "y34wLLEGfd",
    "relatedId": "Z8aoioLpWJ"
  },
  {
    "objectId": "5df35abb129ec20d34d06203",
    "owningId": "797NL49Bks",
    "relatedId": "Z8aoioLpWJ"
  },
  {
    "objectId": "5df35abb129ec20d34d06204",
    "owningId": "75fn8sWuFw",
    "relatedId": "Z8aoioLpWJ"
  },
  {
    "objectId": "5df35abb129ec20d34d06205",
    "owningId": "yK2pDrU1qa",
    "relatedId": "GJxBPYrMSj"
  },
  {
    "objectId": "5df35abb129ec20d34d06206",
    "owningId": "XDI4LVQqq2",
    "relatedId": "GJxBPYrMSj"
  },
  {
    "objectId": "5df35abc129ec20d34d06207",
    "owningId": "QBClh3Ju85",
    "relatedId": "C48syQ0LWn"
  },
  {
    "objectId": "5df35abc129ec20d34d06208",
    "owningId": "LbFbR87Cv6",
    "relatedId": "C48syQ0LWn"
  },
  {
    "objectId": "5df35abc129ec20d34d06209",
    "owningId": "BYubfDEF4H",
    "relatedId": "C48syQ0LWn"
  },
  {
    "objectId": "5df35abc129ec20d34d0620a",
    "owningId": "PDwO12eAfq",
    "relatedId": "C48syQ0LWn"
  },
  {
    "objectId": "5df35abc129ec20d34d0620b",
    "owningId": "21FFzpHmPG",
    "relatedId": "C48syQ0LWn"
  },
  {
    "objectId": "5df35abc129ec20d34d0620c",
    "owningId": "KqJGsQGyN6",
    "relatedId": "GJxBPYrMSj"
  },
  {
    "objectId": "5df35abc129ec20d34d0620e",
    "owningId": "09GniO3fx9",
    "relatedId": "C48syQ0LWn"
  },
  {
    "objectId": "5df35abc129ec20d34d0620f",
    "owningId": "YQQSnJsLJI",
    "relatedId": "GJxBPYrMSj"
  },
  {
    "objectId": "5df35abc129ec20d34d06213",
    "owningId": "3cWAhRBbg5",
    "relatedId": "C48syQ0LWn"
  },
  {
    "objectId": "5df35abc129ec20d34d06214",
    "owningId": "InM84t9IDz",
    "relatedId": "C48syQ0LWn"
  },
  {
    "objectId": "5df35abc129ec20d34d06217",
    "owningId": "CZZnb7tLZH",
    "relatedId": "C48syQ0LWn"
  },
  {
    "objectId": "5df35abc129ec20d34d06218",
    "owningId": "zc0H5zQcTr",
    "relatedId": "C48syQ0LWn"
  },
  {
    "objectId": "5df35abc129ec20d34d06219",
    "owningId": "StR5TT9ArE",
    "relatedId": "C48syQ0LWn"
  },
  {
    "objectId": "5df35abc129ec20d34d0621a",
    "owningId": "mrCycRoqYL",
    "relatedId": "C48syQ0LWn"
  },
  {
    "objectId": "5df35abc129ec20d34d0621d",
    "owningId": "RC29uPhxhs",
    "relatedId": "C48syQ0LWn"
  },
  {
    "objectId": "5df35abc129ec20d34d0621e",
    "owningId": "s4oWwQdJ5r",
    "relatedId": "C48syQ0LWn"
  },
  {
    "objectId": "5df35abd129ec20d34d06232",
    "owningId": "5qJIz3BFtS",
    "relatedId": "JGuSRx3wce"
  },
  {
    "objectId": "5df35abd129ec20d34d06233",
    "owningId": "XCWzcwzqoc",
    "relatedId": "JGuSRx3wce"
  },
  {
    "objectId": "5df35abd129ec20d34d06234",
    "owningId": "0wwQMQsG8v",
    "relatedId": "JGuSRx3wce"
  },
  {
    "objectId": "5df35abd129ec20d34d06235",
    "owningId": "vefmHocMPd",
    "relatedId": "JGuSRx3wce"
  },
  {
    "objectId": "5df35abd129ec20d34d06236",
    "owningId": "DPkEBRZspH",
    "relatedId": "JGuSRx3wce"
  },
  {
    "objectId": "5df35abd129ec20d34d06237",
    "owningId": "dpBo0cCIMj",
    "relatedId": "JGuSRx3wce"
  },
  {
    "objectId": "5df35abd129ec20d34d06238",
    "owningId": "jV9HPK0m6M",
    "relatedId": "absaiCHEBc"
  },
  {
    "objectId": "5df35abe129ec20d34d06239",
    "owningId": "7jU9SAS4NI",
    "relatedId": "3XBhh1SFap"
  },
  {
    "objectId": "5df35abe129ec20d34d0623a",
    "owningId": "a3ZvyVYySd",
    "relatedId": "3XBhh1SFap"
  },
  {
    "objectId": "5df35abf129ec20d34d06274",
    "owningId": "fVMsCEcDXF",
    "relatedId": "3XBhh1SFap"
  },
  {
    "objectId": "5df3d2c4129ec20d34d06d09",
    "owningId": "hfVp8yG7Mr",
    "relatedId": "9XR29QutcM"
  },
  {
    "objectId": "5df3d2c4129ec20d34d06d0b",
    "owningId": "IbdWWQoWPa",
    "relatedId": "St6JiVMbO0"
  },
  {
    "objectId": "5df3d2c4129ec20d34d06d0a",
    "owningId": "igofBQLjY5",
    "relatedId": "St6JiVMbO0"
  },
  {
    "objectId": "5df3d2c4129ec20d34d06d14",
    "owningId": "1vc56he7GQ",
    "relatedId": "umV1r61yyF"
  },
  {
    "objectId": "5df3d2c4129ec20d34d06d0e",
    "owningId": "Opn9YY09St",
    "relatedId": "St6JiVMbO0"
  },
  {
    "objectId": "5df3d2c4129ec20d34d06d0d",
    "owningId": "0F1pcAoy1X",
    "relatedId": "St6JiVMbO0"
  },
  {
    "objectId": "5df3d2c4129ec20d34d06d12",
    "owningId": "XLXMBEZ56a",
    "relatedId": "umV1r61yyF"
  },
  {
    "objectId": "5df3d2c4129ec20d34d06d0c",
    "owningId": "CHNXCR2BTq",
    "relatedId": "St6JiVMbO0"
  },
  {
    "objectId": "5df3d2c4129ec20d34d06d10",
    "owningId": "xXip8I9I8f",
    "relatedId": "St6JiVMbO0"
  },
  {
    "objectId": "5df3d2c4129ec20d34d06d15",
    "owningId": "yyLbSBNjKU",
    "relatedId": "umV1r61yyF"
  },
  {
    "objectId": "5df3d2c4129ec20d34d06d16",
    "owningId": "lnS1DniGJL",
    "relatedId": "9XR29QutcM"
  },
  {
    "objectId": "5df3d2c4129ec20d34d06d0f",
    "owningId": "qOrU4ZVB1F",
    "relatedId": "umV1r61yyF"
  },
  {
    "objectId": "5df3d2c4129ec20d34d06d11",
    "owningId": "MKgpo6eed2",
    "relatedId": "9XR29QutcM"
  },
  {
    "objectId": "5df3d2c4129ec20d34d06d13",
    "owningId": "fD5ATmqPtw",
    "relatedId": "St6JiVMbO0"
  },
  {
    "objectId": "5df3d2c4129ec20d34d06d19",
    "owningId": "3eoMzyJGA1",
    "relatedId": "uxLEBX5BfJ"
  },
  {
    "objectId": "5df3d2c4129ec20d34d06d18",
    "owningId": "rkFiWpOUPS",
    "relatedId": "9XR29QutcM"
  },
  {
    "objectId": "5df3d2c4129ec20d34d06d1a",
    "owningId": "jr7awXLR5Q",
    "relatedId": "St6JiVMbO0"
  },
  {
    "objectId": "5df3d2c4129ec20d34d06d1c",
    "owningId": "DcOw87X273",
    "relatedId": "St6JiVMbO0"
  },
  {
    "objectId": "5df3d2c4129ec20d34d06d17",
    "owningId": "CU0V8sM5M6",
    "relatedId": "St6JiVMbO0"
  },
  {
    "objectId": "5df3d2c4129ec20d34d06d1b",
    "owningId": "AA9ojqAFoV",
    "relatedId": "St6JiVMbO0"
  },
  {
    "objectId": "5df3d2c4129ec20d34d06d1f",
    "owningId": "hVw4tr45KF",
    "relatedId": "2xJIO01dk2"
  },
  {
    "objectId": "5df3d2c4129ec20d34d06d1e",
    "owningId": "nc6XFpud2n",
    "relatedId": "St6JiVMbO0"
  },
  {
    "objectId": "5df3d2c4129ec20d34d06d1d",
    "owningId": "MuOwOBlGcX",
    "relatedId": "uxLEBX5BfJ"
  },
  {
    "objectId": "5df3d2c4129ec20d34d06d23",
    "owningId": "FwovOxwQHn",
    "relatedId": "umV1r61yyF"
  },
  {
    "objectId": "5df3d2c4129ec20d34d06d21",
    "owningId": "SHaYDchd7E",
    "relatedId": "St6JiVMbO0"
  },
  {
    "objectId": "5df3d2c4129ec20d34d06d20",
    "owningId": "CudpxiHny7",
    "relatedId": "St6JiVMbO0"
  },
  {
    "objectId": "5df3d2c4129ec20d34d06d22",
    "owningId": "fTMD02vZrx",
    "relatedId": "St6JiVMbO0"
  },
  {
    "objectId": "5df3d2c4129ec20d34d06d30",
    "owningId": "mj2ZQpFDRg",
    "relatedId": "2xJIO01dk2"
  },
  {
    "objectId": "5df3d2c4129ec20d34d06d26",
    "owningId": "NkaQjeHNxs",
    "relatedId": "uxLEBX5BfJ"
  },
  {
    "objectId": "5df3d2c4129ec20d34d06d24",
    "owningId": "mR7qdHSWv8",
    "relatedId": "uxLEBX5BfJ"
  },
  {
    "objectId": "5df3d2c4129ec20d34d06d25",
    "owningId": "fvJfMMFm6B",
    "relatedId": "umV1r61yyF"
  },
  {
    "objectId": "5df3d2c4129ec20d34d06d2d",
    "owningId": "LivnqXB458",
    "relatedId": "2xJIO01dk2"
  },
  {
    "objectId": "5df3d2c4129ec20d34d06d2e",
    "owningId": "nDNfIRnDbi",
    "relatedId": "2xJIO01dk2"
  },
  {
    "objectId": "5df3d2c4129ec20d34d06d28",
    "owningId": "to6LX8i3w5",
    "relatedId": "2xJIO01dk2"
  },
  {
    "objectId": "5df3d2c4129ec20d34d06d2c",
    "owningId": "s6UyEAtJTl",
    "relatedId": "2xJIO01dk2"
  },
  {
    "objectId": "5df3d2c4129ec20d34d06d27",
    "owningId": "ryIuDmr9Ka",
    "relatedId": "St6JiVMbO0"
  },
  {
    "objectId": "5df3d2c4129ec20d34d06d29",
    "owningId": "q3VNV5OQM5",
    "relatedId": "uxLEBX5BfJ"
  },
  {
    "objectId": "5df3d2c4129ec20d34d06d2f",
    "owningId": "WdbzBzOyqh",
    "relatedId": "2xJIO01dk2"
  },
  {
    "objectId": "5df3d2c4129ec20d34d06d2a",
    "owningId": "O5skfEadF6",
    "relatedId": "uxLEBX5BfJ"
  },
  {
    "objectId": "5df3d2c4129ec20d34d06d2b",
    "owningId": "F8Uj7o7KzH",
    "relatedId": "2xJIO01dk2"
  },
  {
    "objectId": "5df3d2c4129ec20d34d06d37",
    "owningId": "T0Lgkh2UB2",
    "relatedId": "umV1r61yyF"
  },
  {
    "objectId": "5df3d2c4129ec20d34d06d33",
    "owningId": "Wy8o7ZJagr",
    "relatedId": "2xJIO01dk2"
  },
  {
    "objectId": "5df3d2c4129ec20d34d06d36",
    "owningId": "eSiO38rlE1",
    "relatedId": "2xJIO01dk2"
  },
  {
    "objectId": "5df3d2c4129ec20d34d06d34",
    "owningId": "TmY0fD8RqC",
    "relatedId": "2xJIO01dk2"
  },
  {
    "objectId": "5df3d2c4129ec20d34d06d31",
    "owningId": "grnuIRkLW6",
    "relatedId": "2xJIO01dk2"
  },
  {
    "objectId": "5df3d2c4129ec20d34d06d35",
    "owningId": "P9YaeJHuCn",
    "relatedId": "2xJIO01dk2"
  },
  {
    "objectId": "5df3d2c4129ec20d34d06d32",
    "owningId": "DTVFbch7Ms",
    "relatedId": "uxLEBX5BfJ"
  },
  {
    "objectId": "5df3d2c4129ec20d34d06d3f",
    "owningId": "nRjgn6faJU",
    "relatedId": "umV1r61yyF"
  },
  {
    "objectId": "5df3d2c4129ec20d34d06d3d",
    "owningId": "6rIhGhDi92",
    "relatedId": "umV1r61yyF"
  },
  {
    "objectId": "5df3d2c4129ec20d34d06d41",
    "owningId": "s4P2hKNEMl",
    "relatedId": "vcatUNG8Sy"
  },
  {
    "objectId": "5df3d2c4129ec20d34d06d3b",
    "owningId": "6bm9Ej9jQD",
    "relatedId": "vcatUNG8Sy"
  },
  {
    "objectId": "5df3d2c4129ec20d34d06d3c",
    "owningId": "SjqRMlcVWF",
    "relatedId": "2xJIO01dk2"
  },
  {
    "objectId": "5df3d2c4129ec20d34d06d38",
    "owningId": "gVgu4fg5ic",
    "relatedId": "umV1r61yyF"
  },
  {
    "objectId": "5df3d2c4129ec20d34d06d3e",
    "owningId": "8owokAvDDo",
    "relatedId": "umV1r61yyF"
  },
  {
    "objectId": "5df3d2c4129ec20d34d06d3a",
    "owningId": "kLkcyyoUkF",
    "relatedId": "umV1r61yyF"
  },
  {
    "objectId": "5df3d2c4129ec20d34d06d44",
    "owningId": "oOfkUUlxjl",
    "relatedId": "umV1r61yyF"
  },
  {
    "objectId": "5df3d2c4129ec20d34d06d39",
    "owningId": "aeeTOaiH3C",
    "relatedId": "umV1r61yyF"
  },
  {
    "objectId": "5df3d2c4129ec20d34d06d43",
    "owningId": "GZvwug4A7w",
    "relatedId": "2xJIO01dk2"
  },
  {
    "objectId": "5df3d2c4129ec20d34d06d40",
    "owningId": "oVuzS0qD9t",
    "relatedId": "2xJIO01dk2"
  },
  {
    "objectId": "5df3d2c4129ec20d34d06d42",
    "owningId": "iDHWYH9uW9",
    "relatedId": "2xJIO01dk2"
  },
  {
    "objectId": "5df3d2c5129ec20d34d06d45",
    "owningId": "heTGiJvH4k",
    "relatedId": "vcatUNG8Sy"
  },
  {
    "objectId": "5df3d2c5129ec20d34d06d46",
    "owningId": "EXlSPonMyF",
    "relatedId": "vcatUNG8Sy"
  },
  {
    "objectId": "5df3d2c5129ec20d34d06d47",
    "owningId": "5sQWbxllFJ",
    "relatedId": "umV1r61yyF"
  },
  {
    "objectId": "5df3d2c5129ec20d34d06d48",
    "owningId": "IfGolIWlLN",
    "relatedId": "umV1r61yyF"
  },
  {
    "objectId": "5df3d2c5129ec20d34d06d49",
    "owningId": "eiVq5PM6Hy",
    "relatedId": "vcatUNG8Sy"
  },
  {
    "objectId": "5df3d2c5129ec20d34d06d4a",
    "owningId": "ByFe2BKB4Q",
    "relatedId": "vcatUNG8Sy"
  },
  {
    "objectId": "5df3d2c5129ec20d34d06d4c",
    "owningId": "5CIlIGBkrI",
    "relatedId": "vcatUNG8Sy"
  },
  {
    "objectId": "5df3d2c5129ec20d34d06d4e",
    "owningId": "aqIEQgAwQh",
    "relatedId": "vcatUNG8Sy"
  },
  {
    "objectId": "5df3d2c5129ec20d34d06d4b",
    "owningId": "6SbEYCtRLe",
    "relatedId": "umV1r61yyF"
  },
  {
    "objectId": "5df3d2c5129ec20d34d06d4d",
    "owningId": "RsRCCxQpQt",
    "relatedId": "vcatUNG8Sy"
  },
  {
    "objectId": "5df3d2c5129ec20d34d06d51",
    "owningId": "593fh4YMOG",
    "relatedId": "umV1r61yyF"
  },
  {
    "objectId": "5df3d2c5129ec20d34d06d4f",
    "owningId": "vAYoLMqim0",
    "relatedId": "vcatUNG8Sy"
  },
  {
    "objectId": "5df3d2c5129ec20d34d06d52",
    "owningId": "JbEra4F4na",
    "relatedId": "umV1r61yyF"
  },
  {
    "objectId": "5df3d2c5129ec20d34d06d50",
    "owningId": "jdLs3GCqJo",
    "relatedId": "vcatUNG8Sy"
  },
  {
    "objectId": "5df3d2c5129ec20d34d06d53",
    "owningId": "OIXQdIq29F",
    "relatedId": "umV1r61yyF"
  },
  {
    "objectId": "5df3d2c5129ec20d34d06d54",
    "owningId": "Bdtnx1rMmK",
    "relatedId": "umV1r61yyF"
  },
  {
    "objectId": "5df3d2c5129ec20d34d06d58",
    "owningId": "Qw8qx6GbFH",
    "relatedId": "vcatUNG8Sy"
  },
  {
    "objectId": "5df3d2c5129ec20d34d06d57",
    "owningId": "kcII4VbOJa",
    "relatedId": "vcatUNG8Sy"
  },
  {
    "objectId": "5df3d2c5129ec20d34d06d55",
    "owningId": "XBZhbAjP1M",
    "relatedId": "umV1r61yyF"
  },
  {
    "objectId": "5df3d2c5129ec20d34d06d56",
    "owningId": "1BXRBRllmi",
    "relatedId": "umV1r61yyF"
  },
  {
    "objectId": "5df3d2c5129ec20d34d06d5a",
    "owningId": "zPZSh4vCHC",
    "relatedId": "umV1r61yyF"
  },
  {
    "objectId": "5df3d2c5129ec20d34d06d59",
    "owningId": "kPrgBm4CvN",
    "relatedId": "umV1r61yyF"
  },
  {
    "objectId": "5df3d663129ec20d34d07249",
    "owningId": "uaWX0qfowr",
    "relatedId": "ik1vz4srLr"
  },
  {
    "objectId": "5df3d663129ec20d34d07247",
    "owningId": "5BRflec0wT",
    "relatedId": "ik1vz4srLr"
  },
  {
    "objectId": "5df3d663129ec20d34d07248",
    "owningId": "KvLC30dW25",
    "relatedId": "ik1vz4srLr"
  },
  {
    "objectId": "5df3d663129ec20d34d0724a",
    "owningId": "jsUBjLwTyw",
    "relatedId": "ik1vz4srLr"
  },
  {
    "objectId": "5df3d663129ec20d34d0724e",
    "owningId": "uYHOB4iBJr",
    "relatedId": "erAysjHdDP"
  },
  {
    "objectId": "5df3d663129ec20d34d0724b",
    "owningId": "2ESBBIPYWY",
    "relatedId": "erAysjHdDP"
  },
  {
    "objectId": "5df3d663129ec20d34d0724f",
    "owningId": "hSiRGOmGHH",
    "relatedId": "erAysjHdDP"
  },
  {
    "objectId": "5df3d663129ec20d34d07252",
    "owningId": "y1uEtWkzxW",
    "relatedId": "erAysjHdDP"
  },
  {
    "objectId": "5df3d663129ec20d34d07251",
    "owningId": "puCe7ZmgmX",
    "relatedId": "Wk3dCI67wQ"
  },
  {
    "objectId": "5df3d663129ec20d34d07250",
    "owningId": "d9cP4JgtDq",
    "relatedId": "Wk3dCI67wQ"
  },
  {
    "objectId": "5df3d663129ec20d34d07256",
    "owningId": "WHKe5RK76P",
    "relatedId": "Wk3dCI67wQ"
  },
  {
    "objectId": "5df3d663129ec20d34d07253",
    "owningId": "tAjXgtsF53",
    "relatedId": "Wk3dCI67wQ"
  },
  {
    "objectId": "5df3d663129ec20d34d0724d",
    "owningId": "ut7DeoSIr3",
    "relatedId": "ik1vz4srLr"
  },
  {
    "objectId": "5df3d663129ec20d34d0724c",
    "owningId": "MVtXW9arIZ",
    "relatedId": "ik1vz4srLr"
  },
  {
    "objectId": "5df3d663129ec20d34d07255",
    "owningId": "2hH2OWid8n",
    "relatedId": "ik1vz4srLr"
  },
  {
    "objectId": "5df3d663129ec20d34d07254",
    "owningId": "QZwSKsDucX",
    "relatedId": "Wk3dCI67wQ"
  },
  {
    "objectId": "5df3d663129ec20d34d07258",
    "owningId": "FaOfHYKXm5",
    "relatedId": "erAysjHdDP"
  },
  {
    "objectId": "5df3d663129ec20d34d07257",
    "owningId": "HDFaqXwxYf",
    "relatedId": "erAysjHdDP"
  },
  {
    "objectId": "5df3d663129ec20d34d0725a",
    "owningId": "BcysWlQdww",
    "relatedId": "erAysjHdDP"
  },
  {
    "objectId": "5df3d663129ec20d34d07259",
    "owningId": "pStrzNRT0r",
    "relatedId": "ik1vz4srLr"
  },
  {
    "objectId": "5df3d663129ec20d34d0725d",
    "owningId": "eF7zKjfpFM",
    "relatedId": "erAysjHdDP"
  },
  {
    "objectId": "5df3d663129ec20d34d0725b",
    "owningId": "BaFhug2ywu",
    "relatedId": "ik1vz4srLr"
  },
  {
    "objectId": "5df3d663129ec20d34d0725f",
    "owningId": "Wbqph9BZJh",
    "relatedId": "erAysjHdDP"
  },
  {
    "objectId": "5df3d663129ec20d34d0725e",
    "owningId": "U7qWSbExvL",
    "relatedId": "erAysjHdDP"
  },
  {
    "objectId": "5df3d663129ec20d34d07260",
    "owningId": "k5H3ClGlDh",
    "relatedId": "MdrCUIMj67"
  },
  {
    "objectId": "5df3d663129ec20d34d0725c",
    "owningId": "KWuEUqQkcD",
    "relatedId": "EhhW2oGSAm"
  },
  {
    "objectId": "5df3d663129ec20d34d07263",
    "owningId": "UsuHDrzdvI",
    "relatedId": "MdrCUIMj67"
  },
  {
    "objectId": "5df3d663129ec20d34d07264",
    "owningId": "ghYnir3H56",
    "relatedId": "MdrCUIMj67"
  },
  {
    "objectId": "5df3d663129ec20d34d07262",
    "owningId": "JlVobqgLGh",
    "relatedId": "EhhW2oGSAm"
  },
  {
    "objectId": "5df3d663129ec20d34d07265",
    "owningId": "pRA7AnrIFo",
    "relatedId": "erAysjHdDP"
  },
  {
    "objectId": "5df3d663129ec20d34d07261",
    "owningId": "fRyKNWC4ek",
    "relatedId": "erAysjHdDP"
  },
  {
    "objectId": "5df3d663129ec20d34d07266",
    "owningId": "yFykWfzUMn",
    "relatedId": "EhhW2oGSAm"
  },
  {
    "objectId": "5df3d663129ec20d34d07268",
    "owningId": "NHzLl7mDBx",
    "relatedId": "MdrCUIMj67"
  },
  {
    "objectId": "5df3d663129ec20d34d07267",
    "owningId": "FomKlTCVV9",
    "relatedId": "erAysjHdDP"
  },
  {
    "objectId": "5df3d663129ec20d34d0726b",
    "owningId": "cXOQUvt6og",
    "relatedId": "MdrCUIMj67"
  },
  {
    "objectId": "5df3d663129ec20d34d0726a",
    "owningId": "mjQ8nZLGJF",
    "relatedId": "ik1vz4srLr"
  },
  {
    "objectId": "5df3d663129ec20d34d07269",
    "owningId": "F4Z4Jr1VcO",
    "relatedId": "ik1vz4srLr"
  },
  {
    "objectId": "5df3d663129ec20d34d0726d",
    "owningId": "z7AWklG4HV",
    "relatedId": "ik1vz4srLr"
  },
  {
    "objectId": "5df3d663129ec20d34d0726c",
    "owningId": "vWY03bZP8V",
    "relatedId": "ik1vz4srLr"
  },
  {
    "objectId": "5df3d663129ec20d34d0726e",
    "owningId": "3fypo0Odjq",
    "relatedId": "MdrCUIMj67"
  },
  {
    "objectId": "5df3d663129ec20d34d0726f",
    "owningId": "TmUDpBitzw",
    "relatedId": "MdrCUIMj67"
  },
  {
    "objectId": "5df3d663129ec20d34d07270",
    "owningId": "m5poWoyD4T",
    "relatedId": "MdrCUIMj67"
  },
  {
    "objectId": "5df3d663129ec20d34d07272",
    "owningId": "Lanjz6LodS",
    "relatedId": "MdrCUIMj67"
  },
  {
    "objectId": "5df3d663129ec20d34d07274",
    "owningId": "t0UPMWuUus",
    "relatedId": "ik1vz4srLr"
  },
  {
    "objectId": "5df3d663129ec20d34d07271",
    "owningId": "oDy6KXlni5",
    "relatedId": "MdrCUIMj67"
  },
  {
    "objectId": "5df3d663129ec20d34d07277",
    "owningId": "dlqtkfYOFd",
    "relatedId": "ik1vz4srLr"
  },
  {
    "objectId": "5df3d663129ec20d34d07276",
    "owningId": "DLe0SsIXCy",
    "relatedId": "ik1vz4srLr"
  },
  {
    "objectId": "5df3d663129ec20d34d07273",
    "owningId": "J0ipiiv7hB",
    "relatedId": "ik1vz4srLr"
  },
  {
    "objectId": "5df3d663129ec20d34d07278",
    "owningId": "hZNjnoUS2t",
    "relatedId": "ik1vz4srLr"
  },
  {
    "objectId": "5df3d663129ec20d34d07279",
    "owningId": "CFBEGk1E4D",
    "relatedId": "MdrCUIMj67"
  },
  {
    "objectId": "5df3d663129ec20d34d07275",
    "owningId": "39RwIB22Vd",
    "relatedId": "ik1vz4srLr"
  },
  {
    "objectId": "5df3d663129ec20d34d0727b",
    "owningId": "Wq8hMZf65s",
    "relatedId": "MdrCUIMj67"
  },
  {
    "objectId": "5df3d663129ec20d34d0727a",
    "owningId": "UN1YFMkuR8",
    "relatedId": "ik1vz4srLr"
  },
  {
    "objectId": "5df3d663129ec20d34d0727c",
    "owningId": "5JXyo67CZM",
    "relatedId": "ik1vz4srLr"
  },
  {
    "objectId": "5df3d663129ec20d34d0727d",
    "owningId": "c9MybXai8E",
    "relatedId": "erAysjHdDP"
  },
  {
    "objectId": "5df3d663129ec20d34d0727e",
    "owningId": "oVsh1bB9OS",
    "relatedId": "MdrCUIMj67"
  },
  {
    "objectId": "5df3d663129ec20d34d0727f",
    "owningId": "eYbzv4NPfM",
    "relatedId": "MdrCUIMj67"
  },
  {
    "objectId": "5df3d663129ec20d34d07282",
    "owningId": "W3glnpqs4D",
    "relatedId": "MdrCUIMj67"
  },
  {
    "objectId": "5df3d663129ec20d34d07280",
    "owningId": "PFWCwg9Xaa",
    "relatedId": "MdrCUIMj67"
  },
  {
    "objectId": "5df3d663129ec20d34d07281",
    "owningId": "yS50AsJB3H",
    "relatedId": "ik1vz4srLr"
  },
  {
    "objectId": "5df3d663129ec20d34d07284",
    "owningId": "CWQyDwyCuF",
    "relatedId": "ik1vz4srLr"
  },
  {
    "objectId": "5df3d663129ec20d34d07286",
    "owningId": "SLPFVzJMLn",
    "relatedId": "ik1vz4srLr"
  },
  {
    "objectId": "5df3d663129ec20d34d07285",
    "owningId": "PsPjS5snoI",
    "relatedId": "ik1vz4srLr"
  },
  {
    "objectId": "5df3d663129ec20d34d0728a",
    "owningId": "70K0WdujWU",
    "relatedId": "Wk3dCI67wQ"
  },
  {
    "objectId": "5df3d663129ec20d34d07283",
    "owningId": "l4EMD98tOM",
    "relatedId": "ik1vz4srLr"
  },
  {
    "objectId": "5df3d663129ec20d34d0728b",
    "owningId": "XEJ4YujdrG",
    "relatedId": "ik1vz4srLr"
  },
  {
    "objectId": "5df3d663129ec20d34d07288",
    "owningId": "SgvFsnieD6",
    "relatedId": "ik1vz4srLr"
  },
  {
    "objectId": "5df3d663129ec20d34d0728c",
    "owningId": "kOPGVkxrz7",
    "relatedId": "ik1vz4srLr"
  },
  {
    "objectId": "5df3d663129ec20d34d07287",
    "owningId": "dBbsySN9nH",
    "relatedId": "ik1vz4srLr"
  },
  {
    "objectId": "5df3d663129ec20d34d07289",
    "owningId": "sZb0FFLFIl",
    "relatedId": "ik1vz4srLr"
  },
  {
    "objectId": "5df3d663129ec20d34d0728d",
    "owningId": "QByZu5Qzss",
    "relatedId": "ik1vz4srLr"
  },
  {
    "objectId": "5df3d663129ec20d34d07290",
    "owningId": "KyexM77JGA",
    "relatedId": "ik1vz4srLr"
  },
  {
    "objectId": "5df3d663129ec20d34d0728f",
    "owningId": "03p6uaF0JD",
    "relatedId": "ik1vz4srLr"
  },
  {
    "objectId": "5df3d663129ec20d34d0728e",
    "owningId": "R5wqKnVQI7",
    "relatedId": "ik1vz4srLr"
  },
  {
    "objectId": "5df3d663129ec20d34d07293",
    "owningId": "mCBVgXCkdv",
    "relatedId": "ik1vz4srLr"
  },
  {
    "objectId": "5df3d663129ec20d34d07291",
    "owningId": "pM6DqXTfBk",
    "relatedId": "metAoBGOUb"
  },
  {
    "objectId": "5df3d663129ec20d34d07292",
    "owningId": "LmqcDcUo1H",
    "relatedId": "ik1vz4srLr"
  },
  {
    "objectId": "5df3d663129ec20d34d07294",
    "owningId": "BWurwVmClU",
    "relatedId": "ik1vz4srLr"
  },
  {
    "objectId": "5df3d663129ec20d34d07295",
    "owningId": "EpBwAALObB",
    "relatedId": "metAoBGOUb"
  },
  {
    "objectId": "5df3d663129ec20d34d07296",
    "owningId": "DZRFZMquAs",
    "relatedId": "ik1vz4srLr"
  },
  {
    "objectId": "5df3d663129ec20d34d07298",
    "owningId": "2s8rhJZKsd",
    "relatedId": "metAoBGOUb"
  },
  {
    "objectId": "5df3d663129ec20d34d07297",
    "owningId": "VOqU32AgD5",
    "relatedId": "ik1vz4srLr"
  },
  {
    "objectId": "5df3d710129ec20d34d07598",
    "owningId": "ro3DABzFvW",
    "relatedId": "ySERXwSQJt"
  },
  {
    "objectId": "5df3d710129ec20d34d07597",
    "owningId": "BQztvQbeK5",
    "relatedId": "ySERXwSQJt"
  },
  {
    "objectId": "5df3d710129ec20d34d07595",
    "owningId": "zsISFgHzNh",
    "relatedId": "SSvOy4LW1d"
  },
  {
    "objectId": "5df3d710129ec20d34d07594",
    "owningId": "DehrYHEuul",
    "relatedId": "oupwtInNG8"
  },
  {
    "objectId": "5df3d710129ec20d34d07596",
    "owningId": "Pl0t6695cl",
    "relatedId": "ySERXwSQJt"
  },
  {
    "objectId": "5df3d710129ec20d34d07599",
    "owningId": "9K3mVayANA",
    "relatedId": "SSvOy4LW1d"
  },
  {
    "objectId": "5df3d710129ec20d34d0759b",
    "owningId": "3gOM4DvPBC",
    "relatedId": "SSvOy4LW1d"
  },
  {
    "objectId": "5df3d710129ec20d34d0759a",
    "owningId": "PrWe3baBrN",
    "relatedId": "ySERXwSQJt"
  },
  {
    "objectId": "5df3d710129ec20d34d0759c",
    "owningId": "oC2ob4TZOe",
    "relatedId": "oupwtInNG8"
  },
  {
    "objectId": "5df3d710129ec20d34d0759d",
    "owningId": "m0GOUfqcbl",
    "relatedId": "oupwtInNG8"
  },
  {
    "objectId": "5df3d710129ec20d34d0759f",
    "owningId": "U9di7l3Mfd",
    "relatedId": "ySERXwSQJt"
  },
  {
    "objectId": "5df3d710129ec20d34d075a2",
    "owningId": "XFccR5hADE",
    "relatedId": "oupwtInNG8"
  },
  {
    "objectId": "5df3d710129ec20d34d0759e",
    "owningId": "fpxpSgIer8",
    "relatedId": "ySERXwSQJt"
  },
  {
    "objectId": "5df3d710129ec20d34d075a0",
    "owningId": "AAPmrsS98i",
    "relatedId": "ySERXwSQJt"
  },
  {
    "objectId": "5df3d710129ec20d34d075a1",
    "owningId": "3gmLrfGBgC",
    "relatedId": "ySERXwSQJt"
  },
  {
    "objectId": "5df3d710129ec20d34d075a3",
    "owningId": "dmSEZalSGu",
    "relatedId": "ySERXwSQJt"
  },
  {
    "objectId": "5df3d710129ec20d34d075a5",
    "owningId": "QEnUADeZLA",
    "relatedId": "oupwtInNG8"
  },
  {
    "objectId": "5df3d710129ec20d34d075a6",
    "owningId": "rKusEdxh6m",
    "relatedId": "oupwtInNG8"
  },
  {
    "objectId": "5df3d710129ec20d34d075a4",
    "owningId": "61kbauRSou",
    "relatedId": "ySERXwSQJt"
  },
  {
    "objectId": "5df3d710129ec20d34d075a7",
    "owningId": "0K8Bx3m0um",
    "relatedId": "ySERXwSQJt"
  },
  {
    "objectId": "5df3d711129ec20d34d075aa",
    "owningId": "Cikmu0eFZY",
    "relatedId": "ySERXwSQJt"
  },
  {
    "objectId": "5df3d711129ec20d34d075ad",
    "owningId": "0AtoCVfq75",
    "relatedId": "ySERXwSQJt"
  },
  {
    "objectId": "5df3d711129ec20d34d075ac",
    "owningId": "xZG4sLsVuT",
    "relatedId": "ySERXwSQJt"
  },
  {
    "objectId": "5df3d711129ec20d34d075a8",
    "owningId": "PrWbOzYEBB",
    "relatedId": "ySERXwSQJt"
  },
  {
    "objectId": "5df3d711129ec20d34d075ab",
    "owningId": "ukXSTDXWMU",
    "relatedId": "TMSqCsw19k"
  },
  {
    "objectId": "5df3d711129ec20d34d075ae",
    "owningId": "ieiFGHLbTA",
    "relatedId": "kEgRE5Qpt2"
  },
  {
    "objectId": "5df3d711129ec20d34d075a9",
    "owningId": "OyV9SHlgct",
    "relatedId": "ySERXwSQJt"
  },
  {
    "objectId": "5df3d711129ec20d34d075b7",
    "owningId": "Ag099nDruS",
    "relatedId": "kEgRE5Qpt2"
  },
  {
    "objectId": "5df3d711129ec20d34d075b6",
    "owningId": "m2wopYYAAg",
    "relatedId": "kEgRE5Qpt2"
  },
  {
    "objectId": "5df3d711129ec20d34d075b1",
    "owningId": "TbefNPyAzL",
    "relatedId": "TMSqCsw19k"
  },
  {
    "objectId": "5df3d711129ec20d34d075b0",
    "owningId": "acZoAdbLcR",
    "relatedId": "TMSqCsw19k"
  },
  {
    "objectId": "5df3d711129ec20d34d075af",
    "owningId": "KPmxMokqc5",
    "relatedId": "TMSqCsw19k"
  },
  {
    "objectId": "5df3d711129ec20d34d075b3",
    "owningId": "o0Q5gPDdDs",
    "relatedId": "TMSqCsw19k"
  },
  {
    "objectId": "5df3d711129ec20d34d075b8",
    "owningId": "KfsdyqfzH9",
    "relatedId": "kEgRE5Qpt2"
  },
  {
    "objectId": "5df3d711129ec20d34d075b5",
    "owningId": "MZhTqJ11QG",
    "relatedId": "kEgRE5Qpt2"
  },
  {
    "objectId": "5df3d711129ec20d34d075b2",
    "owningId": "VYEybVFeAu",
    "relatedId": "kEgRE5Qpt2"
  },
  {
    "objectId": "5df3d711129ec20d34d075b4",
    "owningId": "Z3CCxZwp5m",
    "relatedId": "SSvOy4LW1d"
  },
  {
    "objectId": "5df3d711129ec20d34d075ba",
    "owningId": "HsQsL2UAdA",
    "relatedId": "SSvOy4LW1d"
  },
  {
    "objectId": "5df3d711129ec20d34d075b9",
    "owningId": "5FACKwpIq9",
    "relatedId": "SSvOy4LW1d"
  },
  {
    "objectId": "5df3d711129ec20d34d075bb",
    "owningId": "nsyU9yzSIm",
    "relatedId": "SSvOy4LW1d"
  },
  {
    "objectId": "5df3d711129ec20d34d075bc",
    "owningId": "f9QG0EZlBe",
    "relatedId": "kEgRE5Qpt2"
  },
  {
    "objectId": "5df3d711129ec20d34d075c0",
    "owningId": "VkyFtXi2SZ",
    "relatedId": "kEgRE5Qpt2"
  },
  {
    "objectId": "5df3d711129ec20d34d075bf",
    "owningId": "W8Ilo2rAhY",
    "relatedId": "kEgRE5Qpt2"
  },
  {
    "objectId": "5df3d711129ec20d34d075bd",
    "owningId": "eazHO889DC",
    "relatedId": "SSvOy4LW1d"
  },
  {
    "objectId": "5df3d711129ec20d34d075be",
    "owningId": "DpbaWl7eZc",
    "relatedId": "TMSqCsw19k"
  },
  {
    "objectId": "5df3d711129ec20d34d075c4",
    "owningId": "CR4OuyaLti",
    "relatedId": "kEgRE5Qpt2"
  },
  {
    "objectId": "5df3d711129ec20d34d075c5",
    "owningId": "EWo26Ybaca",
    "relatedId": "SSvOy4LW1d"
  },
  {
    "objectId": "5df3d711129ec20d34d075c2",
    "owningId": "5h00NUYa1O",
    "relatedId": "kEgRE5Qpt2"
  },
  {
    "objectId": "5df3d711129ec20d34d075c1",
    "owningId": "2PGxteOKzC",
    "relatedId": "kEgRE5Qpt2"
  },
  {
    "objectId": "5df3d711129ec20d34d075c3",
    "owningId": "7Si23mk5AG",
    "relatedId": "SSvOy4LW1d"
  },
  {
    "objectId": "5df3d711129ec20d34d075c9",
    "owningId": "9LARHElgTF",
    "relatedId": "SSvOy4LW1d"
  },
  {
    "objectId": "5df3d711129ec20d34d075c6",
    "owningId": "9vwyGbs9ki",
    "relatedId": "kEgRE5Qpt2"
  },
  {
    "objectId": "5df3d711129ec20d34d075c8",
    "owningId": "43hriGuuls",
    "relatedId": "SSvOy4LW1d"
  },
  {
    "objectId": "5df3d711129ec20d34d075c7",
    "owningId": "lELr7eCjFp",
    "relatedId": "kEgRE5Qpt2"
  },
  {
    "objectId": "5df3d711129ec20d34d075ca",
    "owningId": "lDfxWkRWW3",
    "relatedId": "SSvOy4LW1d"
  },
  {
    "objectId": "5df3d711129ec20d34d075cb",
    "owningId": "hTzQMZIUkX",
    "relatedId": "SSvOy4LW1d"
  },
  {
    "objectId": "5df3d711129ec20d34d075ce",
    "owningId": "L1siVK3VxD",
    "relatedId": "kEgRE5Qpt2"
  },
  {
    "objectId": "5df3d711129ec20d34d075cd",
    "owningId": "1YpaDOzlQH",
    "relatedId": "SSvOy4LW1d"
  },
  {
    "objectId": "5df3d711129ec20d34d075cc",
    "owningId": "M84NzTFM75",
    "relatedId": "SSvOy4LW1d"
  },
  {
    "objectId": "5df3d711129ec20d34d075cf",
    "owningId": "YPY9f4Tl3D",
    "relatedId": "kEgRE5Qpt2"
  },
  {
    "objectId": "5df3d711129ec20d34d075d1",
    "owningId": "EEbmLlB0Ht",
    "relatedId": "SSvOy4LW1d"
  },
  {
    "objectId": "5df3d711129ec20d34d075d4",
    "owningId": "cgS0bBmaV0",
    "relatedId": "SSvOy4LW1d"
  },
  {
    "objectId": "5df3d711129ec20d34d075d0",
    "owningId": "MUuMtR6VFW",
    "relatedId": "SSvOy4LW1d"
  },
  {
    "objectId": "5df3d711129ec20d34d075d2",
    "owningId": "u77Fh5XuT7",
    "relatedId": "SSvOy4LW1d"
  },
  {
    "objectId": "5df3d711129ec20d34d075d3",
    "owningId": "2tlF7Fdes2",
    "relatedId": "SSvOy4LW1d"
  },
  {
    "objectId": "5df3d711129ec20d34d075d5",
    "owningId": "CgeKhaZRBF",
    "relatedId": "SSvOy4LW1d"
  },
  {
    "objectId": "5df3d711129ec20d34d075d6",
    "owningId": "mjURsV4myC",
    "relatedId": "SSvOy4LW1d"
  },
  {
    "objectId": "5df3d711129ec20d34d075d7",
    "owningId": "nQS2kHwsxE",
    "relatedId": "SSvOy4LW1d"
  },
  {
    "objectId": "5df3d711129ec20d34d075d9",
    "owningId": "crR3NfDtVP",
    "relatedId": "SSvOy4LW1d"
  },
  {
    "objectId": "5df3d711129ec20d34d075da",
    "owningId": "mrg4Zm1ao8",
    "relatedId": "SSvOy4LW1d"
  },
  {
    "objectId": "5df3d711129ec20d34d075d8",
    "owningId": "A18rDr2lvZ",
    "relatedId": "SSvOy4LW1d"
  },
  {
    "objectId": "5df3d711129ec20d34d075db",
    "owningId": "yMCDHuKTGR",
    "relatedId": "SSvOy4LW1d"
  },
  {
    "objectId": "5df3d711129ec20d34d075de",
    "owningId": "j8RkoT4YG4",
    "relatedId": "SSvOy4LW1d"
  },
  {
    "objectId": "5df3d711129ec20d34d075dc",
    "owningId": "sgzvCbeHeH",
    "relatedId": "mLDOC4VnGT"
  },
  {
    "objectId": "5df3d711129ec20d34d075dd",
    "owningId": "X2nWAjoEzm",
    "relatedId": "SSvOy4LW1d"
  },
  {
    "objectId": "5df3d711129ec20d34d075df",
    "owningId": "28n7fAn5jc",
    "relatedId": "oupwtInNG8"
  },
  {
    "objectId": "5df3d711129ec20d34d075e0",
    "owningId": "FderCRI4Su",
    "relatedId": "mLDOC4VnGT"
  },
  {
    "objectId": "5df3d711129ec20d34d075e3",
    "owningId": "jUtgKnN1S7",
    "relatedId": "SSvOy4LW1d"
  },
  {
    "objectId": "5df3d711129ec20d34d075e1",
    "owningId": "xCPvj4dxF0",
    "relatedId": "SSvOy4LW1d"
  },
  {
    "objectId": "5df3d711129ec20d34d075e2",
    "owningId": "41BmLAT6kl",
    "relatedId": "SSvOy4LW1d"
  },
  {
    "objectId": "5df3d711129ec20d34d075e5",
    "owningId": "cWIQ7XAafX",
    "relatedId": "mLDOC4VnGT"
  },
  {
    "objectId": "5df3d711129ec20d34d075e4",
    "owningId": "EQ4DQqyyOb",
    "relatedId": "SSvOy4LW1d"
  },
  {
    "objectId": "5df3dd27129ec20d34d07b11",
    "owningId": "guQhqbu7ei",
    "relatedId": "h0pbYbYHHB"
  },
  {
    "objectId": "5df3dd27129ec20d34d07b0f",
    "owningId": "WhCxG3DexW",
    "relatedId": "3zkZDjNrAb"
  },
  {
    "objectId": "5df3dd27129ec20d34d07b10",
    "owningId": "wBAZAf66PM",
    "relatedId": "3zkZDjNrAb"
  },
  {
    "objectId": "5df3dd27129ec20d34d07b0e",
    "owningId": "oF4FZbX2IB",
    "relatedId": "3zkZDjNrAb"
  },
  {
    "objectId": "5df3dd27129ec20d34d07b0d",
    "owningId": "ZW7ay9ZCP6",
    "relatedId": "h0pbYbYHHB"
  },
  {
    "objectId": "5df3dd27129ec20d34d07b16",
    "owningId": "NWoVk6mXPv",
    "relatedId": "p7jxAaqj9Q"
  },
  {
    "objectId": "5df3dd27129ec20d34d07b12",
    "owningId": "IiPIptHX2K",
    "relatedId": "p7jxAaqj9Q"
  },
  {
    "objectId": "5df3dd27129ec20d34d07b14",
    "owningId": "ztlCuOWqIZ",
    "relatedId": "h0pbYbYHHB"
  },
  {
    "objectId": "5df3dd27129ec20d34d07b13",
    "owningId": "IiUSFe3dDh",
    "relatedId": "h0pbYbYHHB"
  },
  {
    "objectId": "5df3dd27129ec20d34d07b15",
    "owningId": "FI892GUxcD",
    "relatedId": "3zkZDjNrAb"
  },
  {
    "objectId": "5df3dd27129ec20d34d07b17",
    "owningId": "TpIu8ynQs8",
    "relatedId": "p7jxAaqj9Q"
  },
  {
    "objectId": "5df3dd27129ec20d34d07b1a",
    "owningId": "uHwNvFwpwS",
    "relatedId": "toA31G2Cwh"
  },
  {
    "objectId": "5df3dd27129ec20d34d07b18",
    "owningId": "UdbTetAodc",
    "relatedId": "h0pbYbYHHB"
  },
  {
    "objectId": "5df3dd27129ec20d34d07b19",
    "owningId": "M7WeJGFjvO",
    "relatedId": "p7jxAaqj9Q"
  },
  {
    "objectId": "5df3dd27129ec20d34d07b1b",
    "owningId": "iS16ODtG3y",
    "relatedId": "3zkZDjNrAb"
  },
  {
    "objectId": "5df3dd27129ec20d34d07b20",
    "owningId": "NEMwKUVzvK",
    "relatedId": "h0pbYbYHHB"
  },
  {
    "objectId": "5df3dd27129ec20d34d07b1d",
    "owningId": "UY95ZUgBeY",
    "relatedId": "toA31G2Cwh"
  },
  {
    "objectId": "5df3dd27129ec20d34d07b1c",
    "owningId": "GdGo9fMJPz",
    "relatedId": "mEdyL0V5nl"
  },
  {
    "objectId": "5df3dd27129ec20d34d07b1e",
    "owningId": "2EjcZUCvIC",
    "relatedId": "h0pbYbYHHB"
  },
  {
    "objectId": "5df3dd27129ec20d34d07b1f",
    "owningId": "9RmykD8rqJ",
    "relatedId": "h0pbYbYHHB"
  },
  {
    "objectId": "5df3dd28129ec20d34d07b21",
    "owningId": "fPYCvyJR4S",
    "relatedId": "h0pbYbYHHB"
  },
  {
    "objectId": "5df3dd28129ec20d34d07b25",
    "owningId": "VRaTVqOgHk",
    "relatedId": "toA31G2Cwh"
  },
  {
    "objectId": "5df3dd28129ec20d34d07b22",
    "owningId": "AO39bTJ2ZB",
    "relatedId": "mEdyL0V5nl"
  },
  {
    "objectId": "5df3dd28129ec20d34d07b24",
    "owningId": "EDJphTfStm",
    "relatedId": "toA31G2Cwh"
  },
  {
    "objectId": "5df3dd28129ec20d34d07b28",
    "owningId": "E2WbQPd1Lz",
    "relatedId": "zTqx98jEFV"
  },
  {
    "objectId": "5df3dd28129ec20d34d07b26",
    "owningId": "BEvTE1AWGT",
    "relatedId": "mEdyL0V5nl"
  },
  {
    "objectId": "5df3dd28129ec20d34d07b27",
    "owningId": "vwJrh1M2Hf",
    "relatedId": "zTqx98jEFV"
  },
  {
    "objectId": "5df3dd28129ec20d34d07b23",
    "owningId": "9mc1WSNP10",
    "relatedId": "mEdyL0V5nl"
  },
  {
    "objectId": "5df3dd28129ec20d34d07b29",
    "owningId": "ThNJzYjDti",
    "relatedId": "zTqx98jEFV"
  },
  {
    "objectId": "5df3dd28129ec20d34d07b2b",
    "owningId": "pjBeL19vGC",
    "relatedId": "h0pbYbYHHB"
  },
  {
    "objectId": "5df3dd28129ec20d34d07b2a",
    "owningId": "Bm3Hp8ovFD",
    "relatedId": "zTqx98jEFV"
  },
  {
    "objectId": "5df3dd28129ec20d34d07b2c",
    "owningId": "ukIBDHIKjJ",
    "relatedId": "h0pbYbYHHB"
  },
  {
    "objectId": "5df3dd28129ec20d34d07b2e",
    "owningId": "44CLOXQptV",
    "relatedId": "h0pbYbYHHB"
  },
  {
    "objectId": "5df3dd28129ec20d34d07b2d",
    "owningId": "TMVZjfaXQu",
    "relatedId": "toA31G2Cwh"
  },
  {
    "objectId": "5df3dd28129ec20d34d07b34",
    "owningId": "jdeCAUpAFX",
    "relatedId": "h0pbYbYHHB"
  },
  {
    "objectId": "5df3dd28129ec20d34d07b31",
    "owningId": "aAazqNI5XD",
    "relatedId": "mEdyL0V5nl"
  },
  {
    "objectId": "5df3dd28129ec20d34d07b2f",
    "owningId": "CbBLq0aHRQ",
    "relatedId": "mEdyL0V5nl"
  },
  {
    "objectId": "5df3dd28129ec20d34d07b33",
    "owningId": "CpJ6GcjbFf",
    "relatedId": "zTqx98jEFV"
  },
  {
    "objectId": "5df3dd28129ec20d34d07b32",
    "owningId": "mgEiQKF5s3",
    "relatedId": "toA31G2Cwh"
  },
  {
    "objectId": "5df3dd28129ec20d34d07b30",
    "owningId": "J2qugKmGna",
    "relatedId": "zTqx98jEFV"
  },
  {
    "objectId": "5df3dd28129ec20d34d07b37",
    "owningId": "nKWB4LksXb",
    "relatedId": "h0pbYbYHHB"
  },
  {
    "objectId": "5df3dd28129ec20d34d07b36",
    "owningId": "sOB7y7J2LZ",
    "relatedId": "zTqx98jEFV"
  },
  {
    "objectId": "5df3dd28129ec20d34d07b38",
    "owningId": "gDTgylaeFt",
    "relatedId": "h0pbYbYHHB"
  },
  {
    "objectId": "5df3dd28129ec20d34d07b35",
    "owningId": "ccPFpYSXLd",
    "relatedId": "mEdyL0V5nl"
  },
  {
    "objectId": "5df3dd28129ec20d34d07b39",
    "owningId": "udBL17XpZ0",
    "relatedId": "zTqx98jEFV"
  },
  {
    "objectId": "5df3dd28129ec20d34d07b3c",
    "owningId": "3I8CPWFW8n",
    "relatedId": "zTqx98jEFV"
  },
  {
    "objectId": "5df3dd28129ec20d34d07b3a",
    "owningId": "RMs7TV6F4E",
    "relatedId": "h0pbYbYHHB"
  },
  {
    "objectId": "5df3dd28129ec20d34d07b3d",
    "owningId": "VcHfnVC4JT",
    "relatedId": "h0pbYbYHHB"
  },
  {
    "objectId": "5df3dd28129ec20d34d07b3b",
    "owningId": "LsP4GjpFYr",
    "relatedId": "zTqx98jEFV"
  },
  {
    "objectId": "5df3dd28129ec20d34d07b3e",
    "owningId": "7saa3Tqzng",
    "relatedId": "zTqx98jEFV"
  },
  {
    "objectId": "5df3dd28129ec20d34d07b3f",
    "owningId": "EEDCDk4CH3",
    "relatedId": "h0pbYbYHHB"
  },
  {
    "objectId": "5df3dd28129ec20d34d07b43",
    "owningId": "5YGJJfX5jG",
    "relatedId": "h0pbYbYHHB"
  },
  {
    "objectId": "5df3dd28129ec20d34d07b41",
    "owningId": "mO6kWg27m5",
    "relatedId": "3zkZDjNrAb"
  },
  {
    "objectId": "5df3dd28129ec20d34d07b40",
    "owningId": "bcwDoWgN4W",
    "relatedId": "3zkZDjNrAb"
  },
  {
    "objectId": "5df3dd28129ec20d34d07b42",
    "owningId": "J4o9gwVsyf",
    "relatedId": "h0pbYbYHHB"
  },
  {
    "objectId": "5df3dd28129ec20d34d07b45",
    "owningId": "iBfMWvX7UV",
    "relatedId": "zTqx98jEFV"
  },
  {
    "objectId": "5df3dd28129ec20d34d07b47",
    "owningId": "rxE0YR09d1",
    "relatedId": "3zkZDjNrAb"
  },
  {
    "objectId": "5df3dd28129ec20d34d07b44",
    "owningId": "Wubpq3xfXD",
    "relatedId": "h0pbYbYHHB"
  },
  {
    "objectId": "5df3dd28129ec20d34d07b48",
    "owningId": "7AqO4Dwhtx",
    "relatedId": "zTqx98jEFV"
  },
  {
    "objectId": "5df3dd28129ec20d34d07b46",
    "owningId": "hpFiidqgjJ",
    "relatedId": "h0pbYbYHHB"
  },
  {
    "objectId": "5df3dd28129ec20d34d07b4f",
    "owningId": "GjsvJphqUz",
    "relatedId": "3zkZDjNrAb"
  },
  {
    "objectId": "5df3dd28129ec20d34d07b4a",
    "owningId": "hOYKumWRej",
    "relatedId": "h0pbYbYHHB"
  },
  {
    "objectId": "5df3dd28129ec20d34d07b50",
    "owningId": "aC355yPLZx",
    "relatedId": "h0pbYbYHHB"
  },
  {
    "objectId": "5df3dd28129ec20d34d07b54",
    "owningId": "MH4d1u1UFc",
    "relatedId": "h0pbYbYHHB"
  },
  {
    "objectId": "5df3dd28129ec20d34d07b4b",
    "owningId": "7Ma6vWLamk",
    "relatedId": "h0pbYbYHHB"
  },
  {
    "objectId": "5df3dd28129ec20d34d07b49",
    "owningId": "BcRPB2X2Kj",
    "relatedId": "h0pbYbYHHB"
  },
  {
    "objectId": "5df3dd28129ec20d34d07b4d",
    "owningId": "jBYtkdg81I",
    "relatedId": "h0pbYbYHHB"
  },
  {
    "objectId": "5df3dd28129ec20d34d07b53",
    "owningId": "ZlWRlv2Dh8",
    "relatedId": "3zkZDjNrAb"
  },
  {
    "objectId": "5df3dd28129ec20d34d07b51",
    "owningId": "0Nx6NeG3Nq",
    "relatedId": "h0pbYbYHHB"
  },
  {
    "objectId": "5df3dd28129ec20d34d07b4e",
    "owningId": "Q1VcNANkEB",
    "relatedId": "h0pbYbYHHB"
  },
  {
    "objectId": "5df3dd28129ec20d34d07b52",
    "owningId": "ev8DmMnIlb",
    "relatedId": "h0pbYbYHHB"
  },
  {
    "objectId": "5df3dd28129ec20d34d07b4c",
    "owningId": "lrHT1u5wR1",
    "relatedId": "h0pbYbYHHB"
  },
  {
    "objectId": "5df3dd28129ec20d34d07b55",
    "owningId": "xVQsdb05sQ",
    "relatedId": "h0pbYbYHHB"
  },
  {
    "objectId": "5df3dd28129ec20d34d07b58",
    "owningId": "ZNCSV1Z65D",
    "relatedId": "3zkZDjNrAb"
  },
  {
    "objectId": "5df3dd28129ec20d34d07b57",
    "owningId": "4vCmNoXRgw",
    "relatedId": "h0pbYbYHHB"
  },
  {
    "objectId": "5df3dd28129ec20d34d07b59",
    "owningId": "3lqMWTWYNj",
    "relatedId": "h0pbYbYHHB"
  },
  {
    "objectId": "5df3dd28129ec20d34d07b56",
    "owningId": "1H9CRUWGNf",
    "relatedId": "h0pbYbYHHB"
  },
  {
    "objectId": "5df3dd28129ec20d34d07b5b",
    "owningId": "EFIaC9pfNv",
    "relatedId": "h0pbYbYHHB"
  },
  {
    "objectId": "5df3dd28129ec20d34d07b5a",
    "owningId": "jq9SjUyZXv",
    "relatedId": "h0pbYbYHHB"
  },
  {
    "objectId": "5df3dd28129ec20d34d07b5c",
    "owningId": "6Oq420ifoY",
    "relatedId": "h0pbYbYHHB"
  },
  {
    "objectId": "5df3dd28129ec20d34d07b5d",
    "owningId": "GiYsFOy4GA",
    "relatedId": "h0pbYbYHHB"
  },
  {
    "objectId": "5df3dd28129ec20d34d07b5e",
    "owningId": "QT7ZRB1zCZ",
    "relatedId": "3zkZDjNrAb"
  },
  {
    "objectId": "5df3e9ac129ec20d34d08044",
    "owningId": "0teUVBC5WU",
    "relatedId": "GteveE4ytb"
  },
  {
    "objectId": "5df3e9ac129ec20d34d0804b",
    "owningId": "u1kwpbPJPA",
    "relatedId": "RbyX4ouadm"
  },
  {
    "objectId": "5df3e9ac129ec20d34d08043",
    "owningId": "GtJFN6i9Jo",
    "relatedId": "NtEIWnlRYH"
  },
  {
    "objectId": "5df3e9ac129ec20d34d0804a",
    "owningId": "26ro24HNce",
    "relatedId": "GteveE4ytb"
  },
  {
    "objectId": "5df3e9ac129ec20d34d08041",
    "owningId": "0teUVBC5WU",
    "relatedId": "RbyX4ouadm"
  },
  {
    "objectId": "5df3e9ac129ec20d34d08046",
    "owningId": "26ro24HNce",
    "relatedId": "RbyX4ouadm"
  },
  {
    "objectId": "5df3e9ac129ec20d34d0803e",
    "owningId": "LPEUlwy4RJ",
    "relatedId": "RbyX4ouadm"
  },
  {
    "objectId": "5df3e9ac129ec20d34d0803f",
    "owningId": "LPEUlwy4RJ",
    "relatedId": "mRAWzGNBfG"
  },
  {
    "objectId": "5df3e9ac129ec20d34d08049",
    "owningId": "4ce6iNwMJk",
    "relatedId": "GteveE4ytb"
  },
  {
    "objectId": "5df3e9ac129ec20d34d0803c",
    "owningId": "LPEUlwy4RJ",
    "relatedId": "GteveE4ytb"
  },
  {
    "objectId": "5df3e9ac129ec20d34d08047",
    "owningId": "0teUVBC5WU",
    "relatedId": "SFHc9Y4gXA"
  },
  {
    "objectId": "5df3e9ac129ec20d34d08040",
    "owningId": "LPEUlwy4RJ",
    "relatedId": "SFHc9Y4gXA"
  },
  {
    "objectId": "5df3e9ac129ec20d34d08042",
    "owningId": "GtJFN6i9Jo",
    "relatedId": "RbyX4ouadm"
  },
  {
    "objectId": "5df3e9ac129ec20d34d0803d",
    "owningId": "GtJFN6i9Jo",
    "relatedId": "GteveE4ytb"
  },
  {
    "objectId": "5df3e9ac129ec20d34d08048",
    "owningId": "26ro24HNce",
    "relatedId": "mRAWzGNBfG"
  },
  {
    "objectId": "5df3e9ac129ec20d34d08045",
    "owningId": "0teUVBC5WU",
    "relatedId": "mRAWzGNBfG"
  },
  {
    "objectId": "5df3e9ac129ec20d34d0804e",
    "owningId": "u1kwpbPJPA",
    "relatedId": "GteveE4ytb"
  },
  {
    "objectId": "5df3e9ac129ec20d34d0804c",
    "owningId": "u1kwpbPJPA",
    "relatedId": "mRAWzGNBfG"
  },
  {
    "objectId": "5df3e9ac129ec20d34d08051",
    "owningId": "u1kwpbPJPA",
    "relatedId": "NtEIWnlRYH"
  },
  {
    "objectId": "5df3e9ac129ec20d34d08050",
    "owningId": "nxpAPnATEb",
    "relatedId": "fMoDABNwV9"
  },
  {
    "objectId": "5df3e9ac129ec20d34d0804f",
    "owningId": "u1kwpbPJPA",
    "relatedId": "fMoDABNwV9"
  },
  {
    "objectId": "5df3e9ac129ec20d34d08052",
    "owningId": "nxpAPnATEb",
    "relatedId": "GteveE4ytb"
  },
  {
    "objectId": "5df3e9ac129ec20d34d0804d",
    "owningId": "26ro24HNce",
    "relatedId": "SFHc9Y4gXA"
  },
  {
    "objectId": "5df3e9ac129ec20d34d08055",
    "owningId": "CE5mHKOuZd",
    "relatedId": "mRAWzGNBfG"
  },
  {
    "objectId": "5df3e9ac129ec20d34d08058",
    "owningId": "rAd55y31Tk",
    "relatedId": "GteveE4ytb"
  },
  {
    "objectId": "5df3e9ac129ec20d34d0805a",
    "owningId": "CE5mHKOuZd",
    "relatedId": "RbyX4ouadm"
  },
  {
    "objectId": "5df3e9ac129ec20d34d08054",
    "owningId": "u1kwpbPJPA",
    "relatedId": "SFHc9Y4gXA"
  },
  {
    "objectId": "5df3e9ac129ec20d34d08053",
    "owningId": "nxpAPnATEb",
    "relatedId": "mRAWzGNBfG"
  },
  {
    "objectId": "5df3e9ac129ec20d34d0805b",
    "owningId": "CE5mHKOuZd",
    "relatedId": "SFHc9Y4gXA"
  },
  {
    "objectId": "5df3e9ac129ec20d34d0805f",
    "owningId": "3dtywptX5F",
    "relatedId": "fMoDABNwV9"
  },
  {
    "objectId": "5df3e9ac129ec20d34d08060",
    "owningId": "3dtywptX5F",
    "relatedId": "NtEIWnlRYH"
  },
  {
    "objectId": "5df3e9ac129ec20d34d08056",
    "owningId": "nxpAPnATEb",
    "relatedId": "SFHc9Y4gXA"
  },
  {
    "objectId": "5df3e9ac129ec20d34d0805d",
    "owningId": "CE5mHKOuZd",
    "relatedId": "fMoDABNwV9"
  },
  {
    "objectId": "5df3e9ac129ec20d34d08057",
    "owningId": "nxpAPnATEb",
    "relatedId": "NtEIWnlRYH"
  },
  {
    "objectId": "5df3e9ac129ec20d34d0805e",
    "owningId": "CE5mHKOuZd",
    "relatedId": "NtEIWnlRYH"
  },
  {
    "objectId": "5df3e9ac129ec20d34d0805c",
    "owningId": "3dtywptX5F",
    "relatedId": "GteveE4ytb"
  },
  {
    "objectId": "5df3e9ac129ec20d34d08059",
    "owningId": "nxpAPnATEb",
    "relatedId": "RbyX4ouadm"
  },
  {
    "objectId": "5df3e9ac129ec20d34d08063",
    "owningId": "3dtywptX5F",
    "relatedId": "SFHc9Y4gXA"
  },
  {
    "objectId": "5df3e9ac129ec20d34d08061",
    "owningId": "3dtywptX5F",
    "relatedId": "RbyX4ouadm"
  },
  {
    "objectId": "5df3e9ac129ec20d34d08064",
    "owningId": "1bnytxJvoC",
    "relatedId": "RbyX4ouadm"
  },
  {
    "objectId": "5df3e9ac129ec20d34d08062",
    "owningId": "3dtywptX5F",
    "relatedId": "mRAWzGNBfG"
  },
  {
    "objectId": "5df3e9ac129ec20d34d08066",
    "owningId": "NEvDrgJ1l8",
    "relatedId": "GteveE4ytb"
  },
  {
    "objectId": "5df3e9ac129ec20d34d08065",
    "owningId": "NEvDrgJ1l8",
    "relatedId": "RbyX4ouadm"
  },
  {
    "objectId": "5df3e9ac129ec20d34d08072",
    "owningId": "2INvsFHinF",
    "relatedId": "RbyX4ouadm"
  },
  {
    "objectId": "5df3e9ac129ec20d34d08071",
    "owningId": "VkGbeqSDEd",
    "relatedId": "mRAWzGNBfG"
  },
  {
    "objectId": "5df3e9ac129ec20d34d08067",
    "owningId": "1bnytxJvoC",
    "relatedId": "GteveE4ytb"
  },
  {
    "objectId": "5df3e9ac129ec20d34d08073",
    "owningId": "LeJqCLjGzL",
    "relatedId": "GteveE4ytb"
  },
  {
    "objectId": "5df3e9ac129ec20d34d0806c",
    "owningId": "2INvsFHinF",
    "relatedId": "SFHc9Y4gXA"
  },
  {
    "objectId": "5df3e9ac129ec20d34d0806e",
    "owningId": "uFjDJRxIRO",
    "relatedId": "GteveE4ytb"
  },
  {
    "objectId": "5df3e9ac129ec20d34d0806b",
    "owningId": "2INvsFHinF",
    "relatedId": "GteveE4ytb"
  },
  {
    "objectId": "5df3e9ac129ec20d34d08069",
    "owningId": "2INvsFHinF",
    "relatedId": "mRAWzGNBfG"
  },
  {
    "objectId": "5df3e9ac129ec20d34d08068",
    "owningId": "MVX5XcZg1T",
    "relatedId": "mRAWzGNBfG"
  },
  {
    "objectId": "5df3e9ac129ec20d34d0806d",
    "owningId": "MVX5XcZg1T",
    "relatedId": "GteveE4ytb"
  },
  {
    "objectId": "5df3e9ac129ec20d34d0806a",
    "owningId": "1bnytxJvoC",
    "relatedId": "NtEIWnlRYH"
  },
  {
    "objectId": "5df3e9ac129ec20d34d08074",
    "owningId": "VkGbeqSDEd",
    "relatedId": "RbyX4ouadm"
  },
  {
    "objectId": "5df3e9ac129ec20d34d0806f",
    "owningId": "MVX5XcZg1T",
    "relatedId": "SFHc9Y4gXA"
  },
  {
    "objectId": "5df3e9ac129ec20d34d08070",
    "owningId": "uFjDJRxIRO",
    "relatedId": "mRAWzGNBfG"
  },
  {
    "objectId": "5df3e9ac129ec20d34d0807e",
    "owningId": "VkGbeqSDEd",
    "relatedId": "NtEIWnlRYH"
  },
  {
    "objectId": "5df3e9ac129ec20d34d08075",
    "owningId": "KpigKjIB6J",
    "relatedId": "fMoDABNwV9"
  },
  {
    "objectId": "5df3e9ac129ec20d34d0807a",
    "owningId": "kzkQn1jtND",
    "relatedId": "SFHc9Y4gXA"
  },
  {
    "objectId": "5df3e9ac129ec20d34d08076",
    "owningId": "uFjDJRxIRO",
    "relatedId": "SFHc9Y4gXA"
  },
  {
    "objectId": "5df3e9ac129ec20d34d08077",
    "owningId": "VkGbeqSDEd",
    "relatedId": "SFHc9Y4gXA"
  },
  {
    "objectId": "5df3e9ac129ec20d34d0807d",
    "owningId": "ASUKSjTyGL",
    "relatedId": "GteveE4ytb"
  },
  {
    "objectId": "5df3e9ac129ec20d34d0807b",
    "owningId": "KpigKjIB6J",
    "relatedId": "RbyX4ouadm"
  },
  {
    "objectId": "5df3e9ac129ec20d34d08079",
    "owningId": "KpigKjIB6J",
    "relatedId": "NtEIWnlRYH"
  },
  {
    "objectId": "5df3e9ac129ec20d34d08078",
    "owningId": "VkGbeqSDEd",
    "relatedId": "fMoDABNwV9"
  },
  {
    "objectId": "5df3e9ac129ec20d34d0807f",
    "owningId": "kzkQn1jtND",
    "relatedId": "fMoDABNwV9"
  },
  {
    "objectId": "5df3e9ac129ec20d34d0807c",
    "owningId": "kzkQn1jtND",
    "relatedId": "GteveE4ytb"
  },
  {
    "objectId": "5df3e9ac129ec20d34d08080",
    "owningId": "JFC94Dkuke",
    "relatedId": "mRAWzGNBfG"
  },
  {
    "objectId": "5df3e9ac129ec20d34d08082",
    "owningId": "C5Ar7rTHAz",
    "relatedId": "SFHc9Y4gXA"
  },
  {
    "objectId": "5df3e9ac129ec20d34d08084",
    "owningId": "wdewqb9hu5",
    "relatedId": "SFHc9Y4gXA"
  },
  {
    "objectId": "5df3e9ac129ec20d34d08083",
    "owningId": "wdewqb9hu5",
    "relatedId": "mRAWzGNBfG"
  },
  {
    "objectId": "5df3e9ac129ec20d34d08081",
    "owningId": "wdewqb9hu5",
    "relatedId": "NtEIWnlRYH"
  },
  {
    "objectId": "5df3e9ac129ec20d34d08086",
    "owningId": "a2CEYyEWfF",
    "relatedId": "SFHc9Y4gXA"
  },
  {
    "objectId": "5df3e9ac129ec20d34d08088",
    "owningId": "zAMkPZYQXf",
    "relatedId": "mRAWzGNBfG"
  },
  {
    "objectId": "5df3e9ac129ec20d34d08085",
    "owningId": "3p1fbNLGwf",
    "relatedId": "fMoDABNwV9"
  },
  {
    "objectId": "5df3e9ac129ec20d34d08087",
    "owningId": "me9LL0DKdJ",
    "relatedId": "fMoDABNwV9"
  },
  {
    "objectId": "5df3e9ac129ec20d34d08089",
    "owningId": "soYe1MeBeb",
    "relatedId": "SFHc9Y4gXA"
  },
  {
    "objectId": "5df3e9ac129ec20d34d0808a",
    "owningId": "V5CA4gq96l",
    "relatedId": "fMoDABNwV9"
  },
  {
    "objectId": "5df3e9ac129ec20d34d0808b",
    "owningId": "OPaE40IScs",
    "relatedId": "mRAWzGNBfG"
  },
  {
    "objectId": "5df3e9ac129ec20d34d0808e",
    "owningId": "Kmu4muWCCF",
    "relatedId": "SFHc9Y4gXA"
  },
  {
    "objectId": "5df3e9ac129ec20d34d0808c",
    "owningId": "OPaE40IScs",
    "relatedId": "SFHc9Y4gXA"
  },
  {
    "objectId": "5df3e9ac129ec20d34d0808f",
    "owningId": "k9aoLmL6df",
    "relatedId": "fMoDABNwV9"
  },
  {
    "objectId": "5df3e9ac129ec20d34d0808d",
    "owningId": "laadAzRTGc",
    "relatedId": "fMoDABNwV9"
  },
  {
    "objectId": "5df3e9ac129ec20d34d08090",
    "owningId": "k9aoLmL6df",
    "relatedId": "NtEIWnlRYH"
  },
  {
    "objectId": "5df3e9ac129ec20d34d08094",
    "owningId": "FHPqlIexEv",
    "relatedId": "SFHc9Y4gXA"
  },
  {
    "objectId": "5df3e9ac129ec20d34d08091",
    "owningId": "OVh4Yg0wfz",
    "relatedId": "mRAWzGNBfG"
  },
  {
    "objectId": "5df3e9ac129ec20d34d08093",
    "owningId": "BWtaxWrsSy",
    "relatedId": "fMoDABNwV9"
  },
  {
    "objectId": "5df3e9ac129ec20d34d08092",
    "owningId": "k9aoLmL6df",
    "relatedId": "RbyX4ouadm"
  },
  {
    "objectId": "5df3e9ac129ec20d34d08095",
    "owningId": "oL9jCiMoLI",
    "relatedId": "RbyX4ouadm"
  },
  {
    "objectId": "5df3e9ac129ec20d34d08097",
    "owningId": "oL9jCiMoLI",
    "relatedId": "fMoDABNwV9"
  },
  {
    "objectId": "5df3e9ac129ec20d34d08096",
    "owningId": "qLgUk6I4jh",
    "relatedId": "fMoDABNwV9"
  },
  {
    "objectId": "5df3e9ac129ec20d34d08098",
    "owningId": "oL9jCiMoLI",
    "relatedId": "NtEIWnlRYH"
  },
  {
    "objectId": "5df3e9ac129ec20d34d08099",
    "owningId": "qLgUk6I4jh",
    "relatedId": "NtEIWnlRYH"
  },
  {
    "objectId": "5df3e9ac129ec20d34d0809c",
    "owningId": "VHNcHrqIkC",
    "relatedId": "fMoDABNwV9"
  },
  {
    "objectId": "5df3e9ac129ec20d34d0809a",
    "owningId": "KXxAhWYcms",
    "relatedId": "NtEIWnlRYH"
  },
  {
    "objectId": "5df3e9ac129ec20d34d0809b",
    "owningId": "KXxAhWYcms",
    "relatedId": "fMoDABNwV9"
  },
  {
    "objectId": "5df3e9ac129ec20d34d080b8",
    "owningId": "rrAdAIJiSm",
    "relatedId": "fMoDABNwV9"
  },
  {
    "objectId": "5df3e9ac129ec20d34d0809e",
    "owningId": "xdyCPBdU5q",
    "relatedId": "NtEIWnlRYH"
  },
  {
    "objectId": "5df3e9ac129ec20d34d080b0",
    "owningId": "E50udf4uQE",
    "relatedId": "RbyX4ouadm"
  },
  {
    "objectId": "5df3e9ac129ec20d34d080ac",
    "owningId": "FUgb7NeYl8",
    "relatedId": "fMoDABNwV9"
  },
  {
    "objectId": "5df3e9ac129ec20d34d080a5",
    "owningId": "P5lWMFInNN",
    "relatedId": "NtEIWnlRYH"
  },
  {
    "objectId": "5df3e9ac129ec20d34d080bb",
    "owningId": "WoqNGersBy",
    "relatedId": "RbyX4ouadm"
  },
  {
    "objectId": "5df3e9ac129ec20d34d080aa",
    "owningId": "1oc8F4xS7t",
    "relatedId": "fMoDABNwV9"
  },
  {
    "objectId": "5df3e9ac129ec20d34d080a3",
    "owningId": "gCL58ti9rQ",
    "relatedId": "SFHc9Y4gXA"
  },
  {
    "objectId": "5df3e9ac129ec20d34d080b5",
    "owningId": "6o86LGdASP",
    "relatedId": "fMoDABNwV9"
  },
  {
    "objectId": "5df3e9ac129ec20d34d080ab",
    "owningId": "FGL7xipkOO",
    "relatedId": "fMoDABNwV9"
  },
  {
    "objectId": "5df3e9ac129ec20d34d0809f",
    "owningId": "xdyCPBdU5q",
    "relatedId": "fMoDABNwV9"
  },
  {
    "objectId": "5df3e9ac129ec20d34d080b2",
    "owningId": "c9LOg1t3As",
    "relatedId": "NtEIWnlRYH"
  },
  {
    "objectId": "5df3e9ac129ec20d34d080b6",
    "owningId": "G4s2waH7wE",
    "relatedId": "fMoDABNwV9"
  },
  {
    "objectId": "5df3e9ac129ec20d34d080ad",
    "owningId": "E50udf4uQE",
    "relatedId": "fMoDABNwV9"
  },
  {
    "objectId": "5df3e9ac129ec20d34d080bd",
    "owningId": "G4s2waH7wE",
    "relatedId": "RbyX4ouadm"
  },
  {
    "objectId": "5df3e9ac129ec20d34d080a0",
    "owningId": "AfMOqnIIBI",
    "relatedId": "fMoDABNwV9"
  },
  {
    "objectId": "5df3e9ac129ec20d34d080a9",
    "owningId": "LS6YVwh4bD",
    "relatedId": "NtEIWnlRYH"
  },
  {
    "objectId": "5df3e9ac129ec20d34d080a2",
    "owningId": "P5lWMFInNN",
    "relatedId": "fMoDABNwV9"
  },
  {
    "objectId": "5df3e9ac129ec20d34d080af",
    "owningId": "E50udf4uQE",
    "relatedId": "NtEIWnlRYH"
  },
  {
    "objectId": "5df3e9ac129ec20d34d080b7",
    "owningId": "gyZon7lc9S",
    "relatedId": "fMoDABNwV9"
  },
  {
    "objectId": "5df3e9ac129ec20d34d080ae",
    "owningId": "1oc8F4xS7t",
    "relatedId": "RbyX4ouadm"
  },
  {
    "objectId": "5df3e9ac129ec20d34d080a6",
    "owningId": "P5lWMFInNN",
    "relatedId": "RbyX4ouadm"
  },
  {
    "objectId": "5df3e9ac129ec20d34d080a4",
    "owningId": "9rhfYf4tGR",
    "relatedId": "fMoDABNwV9"
  },
  {
    "objectId": "5df3e9ac129ec20d34d080b1",
    "owningId": "1NXrmiChSe",
    "relatedId": "RbyX4ouadm"
  },
  {
    "objectId": "5df3e9ac129ec20d34d080a7",
    "owningId": "LS6YVwh4bD",
    "relatedId": "RbyX4ouadm"
  },
  {
    "objectId": "5df3e9ac129ec20d34d080a1",
    "owningId": "YD2KryeEYu",
    "relatedId": "fMoDABNwV9"
  },
  {
    "objectId": "5df3e9ac129ec20d34d080a8",
    "owningId": "LS6YVwh4bD",
    "relatedId": "fMoDABNwV9"
  },
  {
    "objectId": "5df3e9ac129ec20d34d080b3",
    "owningId": "1NXrmiChSe",
    "relatedId": "fMoDABNwV9"
  },
  {
    "objectId": "5df3e9ac129ec20d34d080be",
    "owningId": "gyZon7lc9S",
    "relatedId": "NtEIWnlRYH"
  },
  {
    "objectId": "5df3e9ac129ec20d34d0809d",
    "owningId": "iwAusGiDCf",
    "relatedId": "fMoDABNwV9"
  },
  {
    "objectId": "5df3e9ac129ec20d34d080ba",
    "owningId": "WoqNGersBy",
    "relatedId": "fMoDABNwV9"
  },
  {
    "objectId": "5df3e9ac129ec20d34d080bc",
    "owningId": "Pzb5344m9Q",
    "relatedId": "NtEIWnlRYH"
  },
  {
    "objectId": "5df3e9ac129ec20d34d080b4",
    "owningId": "rrAdAIJiSm",
    "relatedId": "RbyX4ouadm"
  },
  {
    "objectId": "5df3e9ac129ec20d34d080b9",
    "owningId": "rrAdAIJiSm",
    "relatedId": "NtEIWnlRYH"
  },
  {
    "objectId": "5df3e9ac129ec20d34d080bf",
    "owningId": "WoqNGersBy",
    "relatedId": "NtEIWnlRYH"
  },
  {
    "objectId": "5df3e9ac129ec20d34d080c1",
    "owningId": "4gc8DvI4Dw",
    "relatedId": "NtEIWnlRYH"
  },
  {
    "objectId": "5df3e9ac129ec20d34d080c3",
    "owningId": "tsKWrvOV89",
    "relatedId": "RbyX4ouadm"
  },
  {
    "objectId": "5df3e9ac129ec20d34d080c2",
    "owningId": "OzKSDT3MuT",
    "relatedId": "NtEIWnlRYH"
  },
  {
    "objectId": "5df3e9ac129ec20d34d080c0",
    "owningId": "OzKSDT3MuT",
    "relatedId": "RbyX4ouadm"
  },
  {
    "objectId": "5df3e9ac129ec20d34d080c4",
    "owningId": "jimrhYkMSO",
    "relatedId": "NtEIWnlRYH"
  },
  {
    "objectId": "5df3e9ac129ec20d34d080c6",
    "owningId": "dKlPZIXAYT",
    "relatedId": "NtEIWnlRYH"
  },
  {
    "objectId": "5df3e9ac129ec20d34d080c5",
    "owningId": "tsKWrvOV89",
    "relatedId": "NtEIWnlRYH"
  },
  {
    "objectId": "5df3e9ac129ec20d34d080c9",
    "owningId": "9ydEn9uEPr",
    "relatedId": "NtEIWnlRYH"
  },
  {
    "objectId": "5df3e9ac129ec20d34d080c8",
    "owningId": "9ydEn9uEPr",
    "relatedId": "RbyX4ouadm"
  },
  {
    "objectId": "5df3e9ac129ec20d34d080c7",
    "owningId": "UfuAjFNzgc",
    "relatedId": "NtEIWnlRYH"
  },
  {
    "objectId": "5df3e9ac129ec20d34d080cb",
    "owningId": "uVEZCGWfAm",
    "relatedId": "RbyX4ouadm"
  },
  {
    "objectId": "5df3e9ac129ec20d34d080cc",
    "owningId": "uVEZCGWfAm",
    "relatedId": "NtEIWnlRYH"
  },
  {
    "objectId": "5df3e9ac129ec20d34d080cd",
    "owningId": "QnjNjWUB9p",
    "relatedId": "NtEIWnlRYH"
  },
  {
    "objectId": "5df3e9ac129ec20d34d080ce",
    "owningId": "0jnD4Dkq32",
    "relatedId": "NtEIWnlRYH"
  },
  {
    "objectId": "5df3e9ac129ec20d34d080ca",
    "owningId": "0vkKBoC2mB",
    "relatedId": "NtEIWnlRYH"
  },
  {
    "objectId": "5df3e9ac129ec20d34d080d3",
    "owningId": "7aWfTTVBst",
    "relatedId": "NtEIWnlRYH"
  },
  {
    "objectId": "5df3e9ac129ec20d34d080d0",
    "owningId": "aHi8DkVdCL",
    "relatedId": "NtEIWnlRYH"
  },
  {
    "objectId": "5df3e9ac129ec20d34d080d2",
    "owningId": "aHi8DkVdCL",
    "relatedId": "RbyX4ouadm"
  },
  {
    "objectId": "5df3e9ac129ec20d34d080cf",
    "owningId": "cu4zjDaXfr",
    "relatedId": "RbyX4ouadm"
  },
  {
    "objectId": "5df3e9ac129ec20d34d080d1",
    "owningId": "LZuFvEayY1",
    "relatedId": "NtEIWnlRYH"
  },
  {
    "objectId": "5df3e9ac129ec20d34d080d4",
    "owningId": "iGdx5UYmNU",
    "relatedId": "NtEIWnlRYH"
  },
  {
    "objectId": "5df3e9ac129ec20d34d080d7",
    "owningId": "vaOWPFwVEq",
    "relatedId": "RbyX4ouadm"
  },
  {
    "objectId": "5df3e9ac129ec20d34d080d5",
    "owningId": "R0McYE66gy",
    "relatedId": "NtEIWnlRYH"
  },
  {
    "objectId": "5df3e9ac129ec20d34d080d6",
    "owningId": "cu4zjDaXfr",
    "relatedId": "NtEIWnlRYH"
  },
  {
    "objectId": "5df3e9ac129ec20d34d080d8",
    "owningId": "9Lu3hWBWxa",
    "relatedId": "RbyX4ouadm"
  },
  {
    "objectId": "5df3e9ac129ec20d34d080d9",
    "owningId": "DT85pY7jMm",
    "relatedId": "GteveE4ytb"
  },
  {
    "objectId": "5df3e9ac129ec20d34d080da",
    "owningId": "DT85pY7jMm",
    "relatedId": "RbyX4ouadm"
  },
  {
    "objectId": "5df3e9ac129ec20d34d080db",
    "owningId": "GDiOUvFWpg",
    "relatedId": "RbyX4ouadm"
  },
  {
    "objectId": "5df3e9ac129ec20d34d080dd",
    "owningId": "6sE2oKoUzf",
    "relatedId": "RbyX4ouadm"
  },
  {
    "objectId": "5df3e9ac129ec20d34d080dc",
    "owningId": "GDiOUvFWpg",
    "relatedId": "NtEIWnlRYH"
  }
]
}