{
"results" : [

  {
    "objectId": "5df3485f129ec20d34d05511",
    "owningId": "2POzLvHRQV",
    "relatedId": "xkYoVtSWhp"
  },
  {
    "objectId": "5df3485f129ec20d34d05513",
    "owningId": "vM5PBS9xyw",
    "relatedId": "xkYoVtSWhp"
  },
  {
    "objectId": "5df3485f129ec20d34d05512",
    "owningId": "3kK0VUjcAi",
    "relatedId": "xkYoVtSWhp"
  },
  {
    "objectId": "5df3485f129ec20d34d05517",
    "owningId": "xjQ0ReSbAE",
    "relatedId": "xkYoVtSWhp"
  },
  {
    "objectId": "5df34860129ec20d34d05539",
    "owningId": "qBP6zyDsV3",
    "relatedId": "GS6Zo24Irn"
  },
  {
    "objectId": "5df34860129ec20d34d0553a",
    "owningId": "PDcFcBSQJj",
    "relatedId": "nqprMel6ww"
  },
  {
    "objectId": "5df34860129ec20d34d0553b",
    "owningId": "HBP1iNVP62",
    "relatedId": "JnIIU7ypmg"
  },
  {
    "objectId": "5df34860129ec20d34d0553f",
    "owningId": "rDtp4ubsnG",
    "relatedId": "6B1P2EOlGk"
  },
  {
    "objectId": "5df34860129ec20d34d0553c",
    "owningId": "jvxMjiv1AD",
    "relatedId": "JnIIU7ypmg"
  },
  {
    "objectId": "5df34860129ec20d34d0553d",
    "owningId": "u3OGMWCgAB",
    "relatedId": "Fo4SDJEDUi"
  },
  {
    "objectId": "5df34860129ec20d34d0553e",
    "owningId": "V2vBdvCtvv",
    "relatedId": "JnIIU7ypmg"
  },
  {
    "objectId": "5df34860129ec20d34d05540",
    "owningId": "pVwdioYDUh",
    "relatedId": "u2cUFTUenc"
  },
  {
    "objectId": "5df34860129ec20d34d05541",
    "owningId": "LZsXeSSqAf",
    "relatedId": "fPrgLDZ3r3"
  },
  {
    "objectId": "5df34860129ec20d34d05542",
    "owningId": "GhLYmQ8bko",
    "relatedId": "TUSYZppdqt"
  },
  {
    "objectId": "5df34860129ec20d34d05543",
    "owningId": "mSKr6ANZFI",
    "relatedId": "nqprMel6ww"
  },
  {
    "objectId": "5df34860129ec20d34d05544",
    "owningId": "cBNMoUF7Bu",
    "relatedId": "nqprMel6ww"
  },
  {
    "objectId": "5df34860129ec20d34d05545",
    "owningId": "T82zTruOxv",
    "relatedId": "q9UE6tBMhp"
  },
  {
    "objectId": "5df34860129ec20d34d05546",
    "owningId": "RoVpQMUtJR",
    "relatedId": "q7kGr2TTEs"
  },
  {
    "objectId": "5df34860129ec20d34d05547",
    "owningId": "0kWY1XBvz9",
    "relatedId": "fPrgLDZ3r3"
  },
  {
    "objectId": "5df34860129ec20d34d05548",
    "owningId": "A0l6H6463w",
    "relatedId": "D6pr5jCvHj"
  },
  {
    "objectId": "5df34860129ec20d34d05549",
    "owningId": "78sien6S2q",
    "relatedId": "yrZXzTJx9w"
  },
  {
    "objectId": "5df34860129ec20d34d0554a",
    "owningId": "hagsZ18BdF",
    "relatedId": "B4x4QAV0dN"
  },
  {
    "objectId": "5df34860129ec20d34d0554b",
    "owningId": "7WA4XUH0UG",
    "relatedId": "KnPHdNkV9p"
  },
  {
    "objectId": "5df34860129ec20d34d0554d",
    "owningId": "EMh6JSFegd",
    "relatedId": "FUBCJ34UFa"
  },
  {
    "objectId": "5df34860129ec20d34d0554c",
    "owningId": "Su92asGNHX",
    "relatedId": "yJIA8GKaUq"
  },
  {
    "objectId": "5df34860129ec20d34d0554e",
    "owningId": "gID3lfMt5Y",
    "relatedId": "lEU3uQ2oZf"
  },
  {
    "objectId": "5df34860129ec20d34d0554f",
    "owningId": "SVjNhW2J8l",
    "relatedId": "HuTRMY9ODm"
  },
  {
    "objectId": "5df34860129ec20d34d05550",
    "owningId": "ZBzJDrbIuZ",
    "relatedId": "DdsGH3WoMT"
  },
  {
    "objectId": "5df34860129ec20d34d05551",
    "owningId": "yY47iCteM2",
    "relatedId": "HuTRMY9ODm"
  },
  {
    "objectId": "5df34860129ec20d34d05552",
    "owningId": "A4PAK8hIOS",
    "relatedId": "hdKOzRjVR5"
  },
  {
    "objectId": "5df34860129ec20d34d05553",
    "owningId": "bbmLQXSxI8",
    "relatedId": "lEU3uQ2oZf"
  },
  {
    "objectId": "5df34860129ec20d34d05555",
    "owningId": "CWkr7D9rqS",
    "relatedId": "gJUShgdtat"
  },
  {
    "objectId": "5df34860129ec20d34d05554",
    "owningId": "XoPAYyaTpP",
    "relatedId": "b2i3bE2Zbt"
  },
  {
    "objectId": "5df34860129ec20d34d05557",
    "owningId": "7pvMgfPMS8",
    "relatedId": "AOarBxLJ5s"
  },
  {
    "objectId": "5df34860129ec20d34d05559",
    "owningId": "60Suoon0nR",
    "relatedId": "zB6Q9leDfC"
  },
  {
    "objectId": "5df34860129ec20d34d05558",
    "owningId": "7ShYTl7BjY",
    "relatedId": "YYa75oNJ1f"
  },
  {
    "objectId": "5df34860129ec20d34d0555a",
    "owningId": "Ialox4mQtN",
    "relatedId": "S7XP9ehHe2"
  },
  {
    "objectId": "5df34860129ec20d34d0555b",
    "owningId": "6gvnqP5C9r",
    "relatedId": "06ZRpYezO4"
  },
  {
    "objectId": "5df34860129ec20d34d0555c",
    "owningId": "NW7t1BS2d6",
    "relatedId": "tK2zi3Pbvf"
  },
  {
    "objectId": "5df34860129ec20d34d0555d",
    "owningId": "3LHj123kp8",
    "relatedId": "zB6Q9leDfC"
  },
  {
    "objectId": "5df34860129ec20d34d0555f",
    "owningId": "m70dugDgMt",
    "relatedId": "a9DABjCuHB"
  },
  {
    "objectId": "5df34860129ec20d34d05560",
    "owningId": "dP17tnxqAd",
    "relatedId": "ujjNogxhC0"
  },
  {
    "objectId": "5df34860129ec20d34d05561",
    "owningId": "yQfwk7uZcl",
    "relatedId": "C97yrW3WAM"
  },
  {
    "objectId": "5df34860129ec20d34d05562",
    "owningId": "KEjHvCWshl",
    "relatedId": "IvDds6WfrF"
  },
  {
    "objectId": "5df34860129ec20d34d05563",
    "owningId": "hOcK9AzDKF",
    "relatedId": "MH6MyxTyFa"
  },
  {
    "objectId": "5df34860129ec20d34d05564",
    "owningId": "fGm5qWDSsS",
    "relatedId": "0OFEml0irU"
  },
  {
    "objectId": "5df34860129ec20d34d05565",
    "owningId": "j09CZITcVA",
    "relatedId": "JnIIU7ypmg"
  },
  {
    "objectId": "5df34860129ec20d34d05567",
    "owningId": "4NHjmGykzk",
    "relatedId": "PJVijbS7zF"
  },
  {
    "objectId": "5df34860129ec20d34d05568",
    "owningId": "wlFwD95PKa",
    "relatedId": "PJVijbS7zF"
  },
  {
    "objectId": "5df34861129ec20d34d05569",
    "owningId": "8ikglJmiAE",
    "relatedId": "hLt9M5gRwv"
  },
  {
    "objectId": "5df3500c129ec20d34d055ee",
    "owningId": "ozjJv6dgTy",
    "relatedId": "36vAQQJsIp"
  },
  {
    "objectId": "5df3500c129ec20d34d055ef",
    "owningId": "iz9NofeuoM",
    "relatedId": "36vAQQJsIp"
  },
  {
    "objectId": "5df3500c129ec20d34d055f0",
    "owningId": "poEizcBGGE",
    "relatedId": "36vAQQJsIp"
  },
  {
    "objectId": "5df3500c129ec20d34d055f6",
    "owningId": "kJZDheCShW",
    "relatedId": "36vAQQJsIp"
  },
  {
    "objectId": "5df3500d129ec20d34d05611",
    "owningId": "gLDNA5vVYg",
    "relatedId": "P3GZho9pCA"
  },
  {
    "objectId": "5df3500d129ec20d34d05612",
    "owningId": "IcuOKJLuEJ",
    "relatedId": "viH0MowHU8"
  },
  {
    "objectId": "5df3500d129ec20d34d05613",
    "owningId": "Fn7g00kux8",
    "relatedId": "P3GZho9pCA"
  },
  {
    "objectId": "5df3500d129ec20d34d05615",
    "owningId": "TPH3zAMQbC",
    "relatedId": "xuyRzPeYAI"
  },
  {
    "objectId": "5df3500d129ec20d34d05616",
    "owningId": "1XcO2w3L8F",
    "relatedId": "93hWBzr6OS"
  },
  {
    "objectId": "5df3500d129ec20d34d05617",
    "owningId": "DKZOB3KGAm",
    "relatedId": "z18EsfW5eb"
  },
  {
    "objectId": "5df3500d129ec20d34d05618",
    "owningId": "Obv195lo19",
    "relatedId": "z18EsfW5eb"
  },
  {
    "objectId": "5df3500d129ec20d34d05619",
    "owningId": "paopZEbg8F",
    "relatedId": "duhTK8MHWE"
  },
  {
    "objectId": "5df3500d129ec20d34d0561a",
    "owningId": "bieYfFnY3B",
    "relatedId": "z18EsfW5eb"
  },
  {
    "objectId": "5df3500d129ec20d34d0561b",
    "owningId": "SEshBuGftp",
    "relatedId": "duhTK8MHWE"
  },
  {
    "objectId": "5df3500d129ec20d34d0561c",
    "owningId": "c1sbLOsuJM",
    "relatedId": "S0OGA8iREq"
  },
  {
    "objectId": "5df3500d129ec20d34d0561d",
    "owningId": "yE6CMoZYDv",
    "relatedId": "pD5Q7UtlhB"
  },
  {
    "objectId": "5df3500d129ec20d34d0561f",
    "owningId": "kc3jYCBqc4",
    "relatedId": "duhTK8MHWE"
  },
  {
    "objectId": "5df3500d129ec20d34d05620",
    "owningId": "1hJ1F2AXbe",
    "relatedId": "xnC1sdzUSP"
  },
  {
    "objectId": "5df3500d129ec20d34d05621",
    "owningId": "uka7FP38dP",
    "relatedId": "KYDDn6fqYU"
  },
  {
    "objectId": "5df3500d129ec20d34d05622",
    "owningId": "F4Jf77am6A",
    "relatedId": "KYDDn6fqYU"
  },
  {
    "objectId": "5df3500d129ec20d34d05623",
    "owningId": "UJZqQOePGN",
    "relatedId": "uzFyGU7BDi"
  },
  {
    "objectId": "5df3500d129ec20d34d05624",
    "owningId": "3mBG9AfCPS",
    "relatedId": "sbAWtmLFEz"
  },
  {
    "objectId": "5df3500d129ec20d34d05625",
    "owningId": "9ZIQyCC0G3",
    "relatedId": "sqXSIi68TG"
  },
  {
    "objectId": "5df3500d129ec20d34d05626",
    "owningId": "buEbyaMDCH",
    "relatedId": "QyaIvdIZuX"
  },
  {
    "objectId": "5df3500d129ec20d34d05627",
    "owningId": "tkxiy2si88",
    "relatedId": "u5k6Gd0xMd"
  },
  {
    "objectId": "5df3500d129ec20d34d05628",
    "owningId": "K18bTXVqZv",
    "relatedId": "0jl3d9JTmB"
  },
  {
    "objectId": "5df3500d129ec20d34d05629",
    "owningId": "0su024bAiE",
    "relatedId": "LMqZ3isSEk"
  },
  {
    "objectId": "5df3500d129ec20d34d0562a",
    "owningId": "c13UhlznYf",
    "relatedId": "OK3ByxlQJX"
  },
  {
    "objectId": "5df3500d129ec20d34d0562b",
    "owningId": "rnn4fQ7waf",
    "relatedId": "0jl3d9JTmB"
  },
  {
    "objectId": "5df3500d129ec20d34d0562c",
    "owningId": "YAwMI253AY",
    "relatedId": "b3ibvfz24C"
  },
  {
    "objectId": "5df3500d129ec20d34d0562d",
    "owningId": "b6DMeKXwOW",
    "relatedId": "HbtE7O701C"
  },
  {
    "objectId": "5df3500d129ec20d34d0562e",
    "owningId": "etN4hHW5A7",
    "relatedId": "qylqu8vY5x"
  },
  {
    "objectId": "5df3500d129ec20d34d0562f",
    "owningId": "q5AstpHZmH",
    "relatedId": "WEDmsfUOz5"
  },
  {
    "objectId": "5df3500d129ec20d34d05630",
    "owningId": "9RHLzIpFZp",
    "relatedId": "kBqcZk5oHY"
  },
  {
    "objectId": "5df3500d129ec20d34d05631",
    "owningId": "sR5tAiUceX",
    "relatedId": "qScqYDv2Gm"
  },
  {
    "objectId": "5df3500d129ec20d34d05632",
    "owningId": "njHvz51TMY",
    "relatedId": "wqrCA4VajD"
  },
  {
    "objectId": "5df3500d129ec20d34d05633",
    "owningId": "9N85c7Ghvx",
    "relatedId": "bj0t2BGNvZ"
  },
  {
    "objectId": "5df3500d129ec20d34d05634",
    "owningId": "TIaWGIGhnx",
    "relatedId": "bj0t2BGNvZ"
  },
  {
    "objectId": "5df3500d129ec20d34d05635",
    "owningId": "b9BF0IOqpx",
    "relatedId": "ZUfGvNpaZB"
  },
  {
    "objectId": "5df3500d129ec20d34d05636",
    "owningId": "SO9OYZumKi",
    "relatedId": "vZ5yRVDHJX"
  },
  {
    "objectId": "5df3500d129ec20d34d05637",
    "owningId": "Zt5uyVs2FX",
    "relatedId": "kPUVKEgln9"
  },
  {
    "objectId": "5df3500d129ec20d34d05638",
    "owningId": "AurlKZaGaP",
    "relatedId": "6OhgXqWBs7"
  },
  {
    "objectId": "5df3500d129ec20d34d0563d",
    "owningId": "ygekE3OlzH",
    "relatedId": "eaxGyhzvke"
  },
  {
    "objectId": "5df3500d129ec20d34d0563e",
    "owningId": "PyYvFSu2XG",
    "relatedId": "z18EsfW5eb"
  },
  {
    "objectId": "5df3500d129ec20d34d0563f",
    "owningId": "CnrpEdTspQ",
    "relatedId": "hxI3sbfq69"
  },
  {
    "objectId": "5df3500d129ec20d34d05640",
    "owningId": "iY3KGG6R8C",
    "relatedId": "iZ8QZmOb9P"
  },
  {
    "objectId": "5df3500d129ec20d34d05642",
    "owningId": "fTF2biuNGR",
    "relatedId": "Q6mbUKotSv"
  },
  {
    "objectId": "5df3500e129ec20d34d05643",
    "owningId": "6RkH07pHal",
    "relatedId": "EWb9xuY3j7"
  },
  {
    "objectId": "5df3500e129ec20d34d05644",
    "owningId": "cFBZ2GfAzu",
    "relatedId": "Q6mbUKotSv"
  },
  {
    "objectId": "5df3500e129ec20d34d05645",
    "owningId": "9FEAyc1cBA",
    "relatedId": "nTPkB4tVY2"
  },
  {
    "objectId": "5df351ba129ec20d34d056c6",
    "owningId": "f8vuYSlD3P",
    "relatedId": "6CScesDXGI"
  },
  {
    "objectId": "5df351ba129ec20d34d056c8",
    "owningId": "wJlwTFoPVu",
    "relatedId": "6CScesDXGI"
  },
  {
    "objectId": "5df351ba129ec20d34d056c9",
    "owningId": "GUut7Fmopn",
    "relatedId": "6CScesDXGI"
  },
  {
    "objectId": "5df351ba129ec20d34d056e4",
    "owningId": "Dar32NhmLh",
    "relatedId": "zBeVsUlx5t"
  },
  {
    "objectId": "5df351ba129ec20d34d056e5",
    "owningId": "FE8iH5qNBa",
    "relatedId": "zBeVsUlx5t"
  },
  {
    "objectId": "5df351ba129ec20d34d056e9",
    "owningId": "AZGSdkmpZu",
    "relatedId": "zBeVsUlx5t"
  },
  {
    "objectId": "5df351ba129ec20d34d056eb",
    "owningId": "A1EhbxZymV",
    "relatedId": "mnr5x97KcS"
  },
  {
    "objectId": "5df351ba129ec20d34d056ec",
    "owningId": "7aPi479xr9",
    "relatedId": "eyh3Bd0UCy"
  },
  {
    "objectId": "5df351ba129ec20d34d056ed",
    "owningId": "PvPkRn5nwG",
    "relatedId": "wSPC0gxwKc"
  },
  {
    "objectId": "5df351ba129ec20d34d056ee",
    "owningId": "TQ6iPussF4",
    "relatedId": "wSPC0gxwKc"
  },
  {
    "objectId": "5df351ba129ec20d34d056f1",
    "owningId": "aQwgJBHdFx",
    "relatedId": "xB25st12iJ"
  },
  {
    "objectId": "5df351ba129ec20d34d056f0",
    "owningId": "oKY8XxSDJG",
    "relatedId": "wSPC0gxwKc"
  },
  {
    "objectId": "5df351ba129ec20d34d056ef",
    "owningId": "oobySPtDXb",
    "relatedId": "eyh3Bd0UCy"
  },
  {
    "objectId": "5df351ba129ec20d34d056f2",
    "owningId": "CiTz2TL7sK",
    "relatedId": "BTfEDBT6aC"
  },
  {
    "objectId": "5df351ba129ec20d34d056f5",
    "owningId": "BquUoPgFUI",
    "relatedId": "tf0Qy9HLm9"
  },
  {
    "objectId": "5df351ba129ec20d34d056f6",
    "owningId": "XGBGo7PxE2",
    "relatedId": "KD2Sy7D19P"
  },
  {
    "objectId": "5df351ba129ec20d34d056f7",
    "owningId": "4EWhZ59nlr",
    "relatedId": "YI5aPsdwIV"
  },
  {
    "objectId": "5df351ba129ec20d34d056f9",
    "owningId": "rvZEUMxCOn",
    "relatedId": "dxuDeBaPiG"
  },
  {
    "objectId": "5df351ba129ec20d34d056f8",
    "owningId": "4J5nJph9im",
    "relatedId": "mLLMt69IlW"
  },
  {
    "objectId": "5df351ba129ec20d34d056fa",
    "owningId": "4sIUeBDIaM",
    "relatedId": "F5NW5pKQKr"
  },
  {
    "objectId": "5df351ba129ec20d34d056fb",
    "owningId": "iBmGj6HHCj",
    "relatedId": "fhDoGMo9Cv"
  },
  {
    "objectId": "5df351bb129ec20d34d056fc",
    "owningId": "W1uFXRvsS8",
    "relatedId": "spGzGXfciR"
  },
  {
    "objectId": "5df351bb129ec20d34d056fd",
    "owningId": "02KQuBPhVK",
    "relatedId": "qYl8MpWAMa"
  },
  {
    "objectId": "5df351bb129ec20d34d056fe",
    "owningId": "eSBuIKeuQF",
    "relatedId": "22ill9ViDH"
  },
  {
    "objectId": "5df351bb129ec20d34d05701",
    "owningId": "aaF7pryL4H",
    "relatedId": "vMcs9ZOTkT"
  },
  {
    "objectId": "5df351bb129ec20d34d056ff",
    "owningId": "PEc4EQ5pOl",
    "relatedId": "4IvPVSJbqa"
  },
  {
    "objectId": "5df351bb129ec20d34d05700",
    "owningId": "bbILwChXuw",
    "relatedId": "4IvPVSJbqa"
  },
  {
    "objectId": "5df351bb129ec20d34d05702",
    "owningId": "Z6gFc41Cag",
    "relatedId": "jLGVPFTaPO"
  },
  {
    "objectId": "5df351bb129ec20d34d05703",
    "owningId": "beFPT0ZZY6",
    "relatedId": "0CNaoYqvXP"
  },
  {
    "objectId": "5df351bb129ec20d34d05704",
    "owningId": "jOSCOZBMiu",
    "relatedId": "0Qo3USlu9G"
  },
  {
    "objectId": "5df351bb129ec20d34d05705",
    "owningId": "EkJu2cFdQa",
    "relatedId": "xYsXiB68PM"
  },
  {
    "objectId": "5df351bb129ec20d34d05706",
    "owningId": "y1KSmAJaBh",
    "relatedId": "VMNtltJ7ko"
  },
  {
    "objectId": "5df351bb129ec20d34d05707",
    "owningId": "6SFiCVyk2o",
    "relatedId": "6mqBOZE7A8"
  },
  {
    "objectId": "5df351bb129ec20d34d05709",
    "owningId": "lxk1OdnCgh",
    "relatedId": "62dY2x3u9I"
  },
  {
    "objectId": "5df351bb129ec20d34d0570a",
    "owningId": "FWg2jhsDdJ",
    "relatedId": "qwFO1Diym1"
  },
  {
    "objectId": "5df351bb129ec20d34d0570b",
    "owningId": "qLi8ESzkp3",
    "relatedId": "GoQNekkrAz"
  },
  {
    "objectId": "5df351bb129ec20d34d0570c",
    "owningId": "ssr4yFCWJf",
    "relatedId": "gRygCw8Shh"
  },
  {
    "objectId": "5df351bb129ec20d34d0570d",
    "owningId": "r1MoQQxgCK",
    "relatedId": "GoQNekkrAz"
  },
  {
    "objectId": "5df351bb129ec20d34d0570e",
    "owningId": "CGjm7f55Nv",
    "relatedId": "6mqBOZE7A8"
  },
  {
    "objectId": "5df351bb129ec20d34d0570f",
    "owningId": "HV2kzbLyh2",
    "relatedId": "CCKrvZkitc"
  },
  {
    "objectId": "5df351bb129ec20d34d05710",
    "owningId": "D5ECG1o0ns",
    "relatedId": "y8E686Z98v"
  },
  {
    "objectId": "5df351bb129ec20d34d05711",
    "owningId": "0qENccQM1h",
    "relatedId": "D7q4YZtNgY"
  },
  {
    "objectId": "5df351bb129ec20d34d05712",
    "owningId": "vnokMKoA9c",
    "relatedId": "tgqA3aRt2A"
  },
  {
    "objectId": "5df351bb129ec20d34d05713",
    "owningId": "DKWtN8DasO",
    "relatedId": "6CScesDXGI"
  },
  {
    "objectId": "5df351bb129ec20d34d05717",
    "owningId": "fM9jdPcbH9",
    "relatedId": "gUs2cZLwD9"
  },
  {
    "objectId": "5df351bb129ec20d34d05718",
    "owningId": "HzJFFstS06",
    "relatedId": "wLzLCxovRC"
  },
  {
    "objectId": "5df351bc129ec20d34d05719",
    "owningId": "ApdMHKIq9i",
    "relatedId": "gUs2cZLwD9"
  },
  {
    "objectId": "5df351bc129ec20d34d0571a",
    "owningId": "wHOkGmJ7yI",
    "relatedId": "xIGTAFbSyq"
  },
  {
    "objectId": "5df351bc129ec20d34d0571b",
    "owningId": "LnHMcBBfyK",
    "relatedId": "zBeVsUlx5t"
  },
  {
    "objectId": "5df351bc129ec20d34d0571c",
    "owningId": "xyRPNfM9Kx",
    "relatedId": "qwDaAiCjL3"
  },
  {
    "objectId": "5df356a1129ec20d34d057dd",
    "owningId": "aX3bvyvPU3",
    "relatedId": "q4x2O3bHCb"
  },
  {
    "objectId": "5df356a1129ec20d34d057df",
    "owningId": "0aZbsoteIB",
    "relatedId": "q4x2O3bHCb"
  },
  {
    "objectId": "5df356a1129ec20d34d057de",
    "owningId": "g4CQupZulX",
    "relatedId": "q4x2O3bHCb"
  },
  {
    "objectId": "5df356a1129ec20d34d057e0",
    "owningId": "YBM4WbE8Ov",
    "relatedId": "q4x2O3bHCb"
  },
  {
    "objectId": "5df356a2129ec20d34d05802",
    "owningId": "LmnmfyC0VT",
    "relatedId": "IU7HKH3lRN"
  },
  {
    "objectId": "5df356a2129ec20d34d05803",
    "owningId": "Ffwc1ueCb9",
    "relatedId": "LD3pntGmy5"
  },
  {
    "objectId": "5df356a2129ec20d34d05804",
    "owningId": "FSfUAuV3Ee",
    "relatedId": "41JDlrGgom"
  },
  {
    "objectId": "5df356a2129ec20d34d05805",
    "owningId": "nEVFF39rMs",
    "relatedId": "aBX3ZYf3qY"
  },
  {
    "objectId": "5df356a2129ec20d34d05807",
    "owningId": "sx1FXCmnhO",
    "relatedId": "jgji7nJNOI"
  },
  {
    "objectId": "5df356a2129ec20d34d05806",
    "owningId": "6H5yn1X02H",
    "relatedId": "jgji7nJNOI"
  },
  {
    "objectId": "5df356a2129ec20d34d05808",
    "owningId": "iT0uzgFszY",
    "relatedId": "NE4pEUpVak"
  },
  {
    "objectId": "5df356a2129ec20d34d05809",
    "owningId": "TRbi2t2fD9",
    "relatedId": "jgji7nJNOI"
  },
  {
    "objectId": "5df356a2129ec20d34d0580a",
    "owningId": "EzsEchzTyI",
    "relatedId": "xVDrCnR8wV"
  },
  {
    "objectId": "5df356a2129ec20d34d0580b",
    "owningId": "KFXS8GLP7d",
    "relatedId": "6UxaCpjBrv"
  },
  {
    "objectId": "5df356a2129ec20d34d0580c",
    "owningId": "KBDDapzO79",
    "relatedId": "x1vi0R0oFP"
  },
  {
    "objectId": "5df356a2129ec20d34d0580d",
    "owningId": "drowKy6swb",
    "relatedId": "JD5j75Pajz"
  },
  {
    "objectId": "5df356a2129ec20d34d0580e",
    "owningId": "3o0FMhCpji",
    "relatedId": "JD5j75Pajz"
  },
  {
    "objectId": "5df356a2129ec20d34d0580f",
    "owningId": "rbIpBBLeP8",
    "relatedId": "GMldGtlXDY"
  },
  {
    "objectId": "5df356a2129ec20d34d05810",
    "owningId": "gMHHFK1q2r",
    "relatedId": "AarKDnECrK"
  },
  {
    "objectId": "5df356a2129ec20d34d05811",
    "owningId": "O12A2jbcxH",
    "relatedId": "JD5j75Pajz"
  },
  {
    "objectId": "5df356a2129ec20d34d05812",
    "owningId": "y6EEywdvlz",
    "relatedId": "edT1Uvrrj2"
  },
  {
    "objectId": "5df356a2129ec20d34d05813",
    "owningId": "Et0LgWOivv",
    "relatedId": "QZclc91YWw"
  },
  {
    "objectId": "5df356a2129ec20d34d05814",
    "owningId": "KKm4eAq6H0",
    "relatedId": "upXOHr7EgI"
  },
  {
    "objectId": "5df356a2129ec20d34d05815",
    "owningId": "2uIC1FZnJv",
    "relatedId": "e1TcltGvKm"
  },
  {
    "objectId": "5df356a2129ec20d34d05816",
    "owningId": "XS5sAomos0",
    "relatedId": "uj3hwh8BC1"
  },
  {
    "objectId": "5df356a2129ec20d34d05817",
    "owningId": "Y9x6xG7EO3",
    "relatedId": "uj3hwh8BC1"
  },
  {
    "objectId": "5df356a2129ec20d34d05818",
    "owningId": "Y3tb7AKkIX",
    "relatedId": "WLE6K00rjv"
  },
  {
    "objectId": "5df356a2129ec20d34d05819",
    "owningId": "vhBixRHHrY",
    "relatedId": "taMWp7plLK"
  },
  {
    "objectId": "5df356a2129ec20d34d0581a",
    "owningId": "qD2QwPwXXj",
    "relatedId": "kg9TYbmTMb"
  },
  {
    "objectId": "5df356a2129ec20d34d0581b",
    "owningId": "ZFUuI3jtev",
    "relatedId": "R5iM0zVD5g"
  },
  {
    "objectId": "5df356a2129ec20d34d0581c",
    "owningId": "fRJ5ku5WZU",
    "relatedId": "wBPqhFMrc3"
  },
  {
    "objectId": "5df356a2129ec20d34d0581d",
    "owningId": "0FIxAqIuCj",
    "relatedId": "GMldGtlXDY"
  },
  {
    "objectId": "5df356a2129ec20d34d0581f",
    "owningId": "C66SYzr5wP",
    "relatedId": "XDtNUZSNgV"
  },
  {
    "objectId": "5df356a2129ec20d34d0581e",
    "owningId": "Fi9KChGozF",
    "relatedId": "tRUWFnIxQp"
  },
  {
    "objectId": "5df356a2129ec20d34d05820",
    "owningId": "aFHhuYyqBl",
    "relatedId": "tRUWFnIxQp"
  },
  {
    "objectId": "5df356a2129ec20d34d05821",
    "owningId": "Ivopb19VtJ",
    "relatedId": "XUzN3k4Cgp"
  },
  {
    "objectId": "5df356a2129ec20d34d05822",
    "owningId": "lhBFW4x5jf",
    "relatedId": "tfqPwHfkMy"
  },
  {
    "objectId": "5df356a2129ec20d34d05823",
    "owningId": "MQA6ZywGt9",
    "relatedId": "OGVUBrMOa5"
  },
  {
    "objectId": "5df356a2129ec20d34d05824",
    "owningId": "CCkSiS8NW2",
    "relatedId": "bAMSRls3XS"
  },
  {
    "objectId": "5df356a2129ec20d34d05825",
    "owningId": "mimI4Xkd2C",
    "relatedId": "8Q2yGRG653"
  },
  {
    "objectId": "5df356a2129ec20d34d05826",
    "owningId": "XBNEFncve5",
    "relatedId": "e1TcltGvKm"
  },
  {
    "objectId": "5df356a2129ec20d34d05827",
    "owningId": "wrgdLh1ggc",
    "relatedId": "7OmRYvy34f"
  },
  {
    "objectId": "5df356a2129ec20d34d05828",
    "owningId": "B6AFw7ATx8",
    "relatedId": "jgji7nJNOI"
  },
  {
    "objectId": "5df356a2129ec20d34d05829",
    "owningId": "8F6t6Hq6xS",
    "relatedId": "AlAyDv8XYv"
  },
  {
    "objectId": "5df356a3129ec20d34d0582c",
    "owningId": "FYULtlUr9M",
    "relatedId": "Xgps1MVLXz"
  },
  {
    "objectId": "5df356a3129ec20d34d0582e",
    "owningId": "C2kLVrM4G6",
    "relatedId": "AlAyDv8XYv"
  },
  {
    "objectId": "5df356a3129ec20d34d0582d",
    "owningId": "hiHDtrV6U9",
    "relatedId": "MhzgzL3Y4U"
  },
  {
    "objectId": "5df356a3129ec20d34d0582f",
    "owningId": "XTivqFHovr",
    "relatedId": "wYPieyiUdl"
  },
  {
    "objectId": "5df356a3129ec20d34d05830",
    "owningId": "ZCCwHwq7ea",
    "relatedId": "OJIx5vE6Lc"
  },
  {
    "objectId": "5df356a3129ec20d34d05832",
    "owningId": "fRMPDWnKVD",
    "relatedId": "7L97aR6drT"
  },
  {
    "objectId": "5df35712129ec20d34d05a55",
    "owningId": "B2FzH4bmq9",
    "relatedId": "BGkHzCIyQo"
  },
  {
    "objectId": "5df35712129ec20d34d05a57",
    "owningId": "dzMTtyg0Dd",
    "relatedId": "BGkHzCIyQo"
  },
  {
    "objectId": "5df35712129ec20d34d05a58",
    "owningId": "kG6AN6z8x7",
    "relatedId": "BGkHzCIyQo"
  },
  {
    "objectId": "5df35712129ec20d34d05a5a",
    "owningId": "ZoHoh6xkBl",
    "relatedId": "BGkHzCIyQo"
  },
  {
    "objectId": "5df35712129ec20d34d05a76",
    "owningId": "D6QAUNgyO2",
    "relatedId": "cas9AtuAJb"
  },
  {
    "objectId": "5df35712129ec20d34d05a7a",
    "owningId": "nh3X67elhY",
    "relatedId": "cas9AtuAJb"
  },
  {
    "objectId": "5df35712129ec20d34d05a7c",
    "owningId": "WNkp5BzfBZ",
    "relatedId": "v9EzORZa6r"
  },
  {
    "objectId": "5df35712129ec20d34d05a7e",
    "owningId": "ceqhowi3VQ",
    "relatedId": "McZDh8CWky"
  },
  {
    "objectId": "5df35712129ec20d34d05a7f",
    "owningId": "aecD8ECeWT",
    "relatedId": "McZDh8CWky"
  },
  {
    "objectId": "5df35712129ec20d34d05a80",
    "owningId": "SKo1HvwgVE",
    "relatedId": "McZDh8CWky"
  },
  {
    "objectId": "5df35712129ec20d34d05a81",
    "owningId": "7avTgdB2GQ",
    "relatedId": "WJdZFJ9wAJ"
  },
  {
    "objectId": "5df35712129ec20d34d05a82",
    "owningId": "AmahzPP7A7",
    "relatedId": "4FQRoviB1f"
  },
  {
    "objectId": "5df35712129ec20d34d05a83",
    "owningId": "7OGgEXFxjG",
    "relatedId": "YZTSGQliVN"
  },
  {
    "objectId": "5df35712129ec20d34d05a84",
    "owningId": "VSuEqbFJNr",
    "relatedId": "LsAk9AX5zo"
  },
  {
    "objectId": "5df35712129ec20d34d05a86",
    "owningId": "AAUkkyolkl",
    "relatedId": "SjeESmaY5R"
  },
  {
    "objectId": "5df35712129ec20d34d05a85",
    "owningId": "5o7Mo90dgI",
    "relatedId": "905tYG9Esn"
  },
  {
    "objectId": "5df35712129ec20d34d05a87",
    "owningId": "oFBgof00pC",
    "relatedId": "n4LUggXRY5"
  },
  {
    "objectId": "5df35712129ec20d34d05a88",
    "owningId": "CQHzGYnnxM",
    "relatedId": "sDSicLSQ1r"
  },
  {
    "objectId": "5df35712129ec20d34d05a89",
    "owningId": "j3SGj4rvGi",
    "relatedId": "JJVZ0HK204"
  },
  {
    "objectId": "5df35712129ec20d34d05a8a",
    "owningId": "c0P89ZCIav",
    "relatedId": "HcmNlKs9IM"
  },
  {
    "objectId": "5df35712129ec20d34d05a8b",
    "owningId": "vHBKlk3HMA",
    "relatedId": "GOOLhONQnz"
  },
  {
    "objectId": "5df35712129ec20d34d05a8c",
    "owningId": "tcT9CfFrI8",
    "relatedId": "HCMgjzuTNx"
  },
  {
    "objectId": "5df35712129ec20d34d05a8d",
    "owningId": "O2DdEvuGTr",
    "relatedId": "9UfRBeBhE0"
  },
  {
    "objectId": "5df35712129ec20d34d05a8e",
    "owningId": "3ijQmDjsPl",
    "relatedId": "lrSaYzqGTA"
  },
  {
    "objectId": "5df35712129ec20d34d05a90",
    "owningId": "0DEtGFJw9o",
    "relatedId": "7EhXFZfhm7"
  },
  {
    "objectId": "5df35712129ec20d34d05a8f",
    "owningId": "sB0Lu170SO",
    "relatedId": "bd1bGcDGTG"
  },
  {
    "objectId": "5df35712129ec20d34d05a91",
    "owningId": "rVtvolwxRB",
    "relatedId": "bd1bGcDGTG"
  },
  {
    "objectId": "5df35712129ec20d34d05a92",
    "owningId": "6oFWY9DHhl",
    "relatedId": "GItndZJ5kH"
  },
  {
    "objectId": "5df35713129ec20d34d05a93",
    "owningId": "bJu55QrD88",
    "relatedId": "11ZcYPiCW3"
  },
  {
    "objectId": "5df35713129ec20d34d05a94",
    "owningId": "JbkhpA1mbM",
    "relatedId": "wgadCGt6jI"
  },
  {
    "objectId": "5df35713129ec20d34d05a96",
    "owningId": "PCBNbo5fvN",
    "relatedId": "DfJ2UXsqGG"
  },
  {
    "objectId": "5df35713129ec20d34d05a97",
    "owningId": "wtRpbu6rFP",
    "relatedId": "r6eDFaNkAP"
  },
  {
    "objectId": "5df35713129ec20d34d05a98",
    "owningId": "A1vtYs0Go0",
    "relatedId": "i0jxvN7ixc"
  },
  {
    "objectId": "5df35713129ec20d34d05a99",
    "owningId": "IFFF96B2ri",
    "relatedId": "g2NZj0Qypq"
  },
  {
    "objectId": "5df35713129ec20d34d05a95",
    "owningId": "L0quWGjzhH",
    "relatedId": "Xt1ZdasfC7"
  },
  {
    "objectId": "5df35713129ec20d34d05a9a",
    "owningId": "VOZkxo5O3F",
    "relatedId": "11ZcYPiCW3"
  },
  {
    "objectId": "5df35713129ec20d34d05a9c",
    "owningId": "WYRDsBT343",
    "relatedId": "g2NZj0Qypq"
  },
  {
    "objectId": "5df35713129ec20d34d05a9b",
    "owningId": "pPGHtB4ocy",
    "relatedId": "r6eDFaNkAP"
  },
  {
    "objectId": "5df35713129ec20d34d05a9d",
    "owningId": "6A8i3Z6o2q",
    "relatedId": "09j7CAH7Ms"
  },
  {
    "objectId": "5df35713129ec20d34d05a9e",
    "owningId": "vxtqIoH5Hd",
    "relatedId": "xAw8OC9Kr3"
  },
  {
    "objectId": "5df35713129ec20d34d05a9f",
    "owningId": "8KohL6OBT7",
    "relatedId": "xuqV3LkAcA"
  },
  {
    "objectId": "5df35713129ec20d34d05aa0",
    "owningId": "c14oGtCBti",
    "relatedId": "UUGHPNk2jT"
  },
  {
    "objectId": "5df35713129ec20d34d05aa2",
    "owningId": "G8WmXuGaPe",
    "relatedId": "bPREJJ9QT8"
  },
  {
    "objectId": "5df35713129ec20d34d05aa3",
    "owningId": "hS7tX1Gwkk",
    "relatedId": "bj4BPxOjvh"
  },
  {
    "objectId": "5df35713129ec20d34d05aa4",
    "owningId": "BcTyydBATA",
    "relatedId": "McZDh8CWky"
  },
  {
    "objectId": "5df35713129ec20d34d05aa5",
    "owningId": "tanJLiATHf",
    "relatedId": "HCMgjzuTNx"
  },
  {
    "objectId": "5df35713129ec20d34d05aa6",
    "owningId": "9wqVuGrAqi",
    "relatedId": "585mEVupAT"
  },
  {
    "objectId": "5df35713129ec20d34d05aa7",
    "owningId": "pNuIbWUdDd",
    "relatedId": "HCMgjzuTNx"
  },
  {
    "objectId": "5df35713129ec20d34d05aa8",
    "owningId": "bZrRFj5Y9i",
    "relatedId": "ulTj8nqLAW"
  },
  {
    "objectId": "5df35713129ec20d34d05aaa",
    "owningId": "YU0TBPA1ka",
    "relatedId": "vehp3un3iN"
  },
  {
    "objectId": "5df35769129ec20d34d05ccc",
    "owningId": "pYA0mBVXpK",
    "relatedId": "UMRO4QALUg"
  },
  {
    "objectId": "5df35769129ec20d34d05cce",
    "owningId": "b2qVhdr919",
    "relatedId": "UMRO4QALUg"
  },
  {
    "objectId": "5df35769129ec20d34d05cd0",
    "owningId": "fYyhvNWtit",
    "relatedId": "UMRO4QALUg"
  },
  {
    "objectId": "5df3576a129ec20d34d05cd3",
    "owningId": "BIjURN2cNb",
    "relatedId": "ldMrDiF5nW"
  },
  {
    "objectId": "5df3576a129ec20d34d05cd4",
    "owningId": "gka1Rnd7FR",
    "relatedId": "azMYeMwfpm"
  },
  {
    "objectId": "5df3576a129ec20d34d05cd5",
    "owningId": "plERcQ9AR2",
    "relatedId": "ejOZY9L648"
  },
  {
    "objectId": "5df3576a129ec20d34d05cd6",
    "owningId": "82FHvs9XHd",
    "relatedId": "azMYeMwfpm"
  },
  {
    "objectId": "5df3576a129ec20d34d05cd9",
    "owningId": "Y6RRm52lyy",
    "relatedId": "HYvkZabox6"
  },
  {
    "objectId": "5df3576a129ec20d34d05cdc",
    "owningId": "AQWByy0dYE",
    "relatedId": "sPOwjHt6Io"
  },
  {
    "objectId": "5df3576a129ec20d34d05cde",
    "owningId": "RpKllwP8eT",
    "relatedId": "XYFxIGEiWS"
  },
  {
    "objectId": "5df3576a129ec20d34d05cdf",
    "owningId": "7wrOUo4mRi",
    "relatedId": "xEvzGfpbG9"
  },
  {
    "objectId": "5df3576a129ec20d34d05ce1",
    "owningId": "NPjC0uWn1Z",
    "relatedId": "Zlz2RMqA0d"
  },
  {
    "objectId": "5df3576a129ec20d34d05ce2",
    "owningId": "IH8zlMrrmC",
    "relatedId": "GiCn9XwgdS"
  },
  {
    "objectId": "5df3576a129ec20d34d05ce3",
    "owningId": "DELQ35aZvY",
    "relatedId": "JSBlv2HpHI"
  },
  {
    "objectId": "5df3576a129ec20d34d05ce6",
    "owningId": "brQdL08QSV",
    "relatedId": "bEbhEzBRwz"
  },
  {
    "objectId": "5df3576a129ec20d34d05ce8",
    "owningId": "bCWYHETs3p",
    "relatedId": "4J70WOOJf8"
  },
  {
    "objectId": "5df3576a129ec20d34d05ce9",
    "owningId": "qG9Gmw2pen",
    "relatedId": "EyHHk7kQJl"
  },
  {
    "objectId": "5df3576a129ec20d34d05ced",
    "owningId": "4E8KZ8hzd1",
    "relatedId": "CvfMw1YNkY"
  },
  {
    "objectId": "5df3576a129ec20d34d05cef",
    "owningId": "TbvrJQWuSw",
    "relatedId": "Emoe43eGSa"
  },
  {
    "objectId": "5df3576a129ec20d34d05cf0",
    "owningId": "PcMiG9clzD",
    "relatedId": "b6BUBYAc4c"
  },
  {
    "objectId": "5df3576a129ec20d34d05cf2",
    "owningId": "zUANp4YbQP",
    "relatedId": "Qlu31PH9Xi"
  },
  {
    "objectId": "5df3576a129ec20d34d05cf3",
    "owningId": "vSCiJ45awI",
    "relatedId": "qJAIRyee7t"
  },
  {
    "objectId": "5df3576a129ec20d34d05cf4",
    "owningId": "kOgnvR1mZC",
    "relatedId": "9iN11DMi6g"
  },
  {
    "objectId": "5df3576a129ec20d34d05cf5",
    "owningId": "YzmoPceadW",
    "relatedId": "JMzEyp4O5r"
  },
  {
    "objectId": "5df3576a129ec20d34d05cf6",
    "owningId": "KykmdfUaDw",
    "relatedId": "Qlu31PH9Xi"
  },
  {
    "objectId": "5df3576a129ec20d34d05cfb",
    "owningId": "UzH2m28qCl",
    "relatedId": "yaoBGQ0P7I"
  },
  {
    "objectId": "5df3576a129ec20d34d05cfc",
    "owningId": "ybqBHNTukl",
    "relatedId": "zYlELYwRgC"
  },
  {
    "objectId": "5df3576a129ec20d34d05cfd",
    "owningId": "uMcuwqIuOO",
    "relatedId": "zYlELYwRgC"
  },
  {
    "objectId": "5df3576a129ec20d34d05cff",
    "owningId": "kfHiVkhmJw",
    "relatedId": "zYlELYwRgC"
  },
  {
    "objectId": "5df3576a129ec20d34d05d00",
    "owningId": "PCLVC8xuj9",
    "relatedId": "xiSDW9pmNI"
  },
  {
    "objectId": "5df3576a129ec20d34d05d01",
    "owningId": "GfbH7ZL96t",
    "relatedId": "zYlELYwRgC"
  },
  {
    "objectId": "5df3576a129ec20d34d05d03",
    "owningId": "EZQzAmYJOg",
    "relatedId": "bmCjOUXP1a"
  },
  {
    "objectId": "5df3576a129ec20d34d05d05",
    "owningId": "oL4wvjQS08",
    "relatedId": "jBIoNBDlNs"
  },
  {
    "objectId": "5df3576a129ec20d34d05d06",
    "owningId": "09BHWMmKek",
    "relatedId": "w2v5wEaY3E"
  },
  {
    "objectId": "5df3576b129ec20d34d05d0d",
    "owningId": "eH4ukP4Z9M",
    "relatedId": "txqLCQvX5m"
  },
  {
    "objectId": "5df3576b129ec20d34d05d10",
    "owningId": "cdJxSwgKXl",
    "relatedId": "pmVE6VWlbv"
  },
  {
    "objectId": "5df3576b129ec20d34d05d12",
    "owningId": "ipeBiDGVIi",
    "relatedId": "tuDAKAmArw"
  },
  {
    "objectId": "5df3576b129ec20d34d05d14",
    "owningId": "0846MAAvNa",
    "relatedId": "3XE7gbxnyl"
  },
  {
    "objectId": "5df3576b129ec20d34d05d15",
    "owningId": "EK4gMe5sDS",
    "relatedId": "3XE7gbxnyl"
  },
  {
    "objectId": "5df3576b129ec20d34d05d16",
    "owningId": "fAuHeJJcGb",
    "relatedId": "yNjJ8FqC96"
  },
  {
    "objectId": "5df3576b129ec20d34d05d17",
    "owningId": "uPE1RovVKX",
    "relatedId": "3XE7gbxnyl"
  },
  {
    "objectId": "5df3576b129ec20d34d05d18",
    "owningId": "KKnSID1wId",
    "relatedId": "54NNeeXdMy"
  },
  {
    "objectId": "5df3576b129ec20d34d05d19",
    "owningId": "ltTan8NZv5",
    "relatedId": "54NNeeXdMy"
  },
  {
    "objectId": "5df3576b129ec20d34d05d1b",
    "owningId": "yuf57HgxHx",
    "relatedId": "0mL72PhOOP"
  },
  {
    "objectId": "5df3576b129ec20d34d05d1d",
    "owningId": "2X67FaUcrY",
    "relatedId": "UMRO4QALUg"
  },
  {
    "objectId": "5df3576b129ec20d34d05d1e",
    "owningId": "8sXCDPA9Ey",
    "relatedId": "sMk9vEQ3is"
  },
  {
    "objectId": "5df3576b129ec20d34d05d1f",
    "owningId": "nyg18VWLl2",
    "relatedId": "sMk9vEQ3is"
  },
  {
    "objectId": "5df3576b129ec20d34d05d20",
    "owningId": "jLlNaQCz6x",
    "relatedId": "qMeThfNEha"
  },
  {
    "objectId": "5df3576b129ec20d34d05d21",
    "owningId": "AwfZOWhGbn",
    "relatedId": "qMeThfNEha"
  },
  {
    "objectId": "5df3576b129ec20d34d05d22",
    "owningId": "wb9qHLIXQz",
    "relatedId": "ECyo8AzZEs"
  },
  {
    "objectId": "5df35ab5129ec20d34d05fb4",
    "owningId": "FANBEyw9PK",
    "relatedId": "K64vvb7qnM"
  },
  {
    "objectId": "5df35ab5129ec20d34d05fb6",
    "owningId": "taTZKAyes4",
    "relatedId": "K64vvb7qnM"
  },
  {
    "objectId": "5df35ab5129ec20d34d05fb7",
    "owningId": "Cig7kS6lzf",
    "relatedId": "K64vvb7qnM"
  },
  {
    "objectId": "5df35ab5129ec20d34d05fc2",
    "owningId": "RZzbF5T7NY",
    "relatedId": "K64vvb7qnM"
  },
  {
    "objectId": "5df35ab6129ec20d34d05fd8",
    "owningId": "mLSDe7ilAO",
    "relatedId": "crgHfgrE3D"
  },
  {
    "objectId": "5df35ab6129ec20d34d05fd9",
    "owningId": "dpBo0cCIMj",
    "relatedId": "dVoCXoDR1V"
  },
  {
    "objectId": "5df35ab6129ec20d34d05fda",
    "owningId": "0wwQMQsG8v",
    "relatedId": "R6Eq2V5pTZ"
  },
  {
    "objectId": "5df35ab6129ec20d34d05fdb",
    "owningId": "nHuZnCiNFu",
    "relatedId": "ct5vu8k5Ul"
  },
  {
    "objectId": "5df35ab6129ec20d34d05fdc",
    "owningId": "2VVzzZjHsh",
    "relatedId": "dVoCXoDR1V"
  },
  {
    "objectId": "5df35ab6129ec20d34d05fdd",
    "owningId": "FsrSxiUcN7",
    "relatedId": "k0DvOEau2I"
  },
  {
    "objectId": "5df35ab6129ec20d34d05fdf",
    "owningId": "a3ZvyVYySd",
    "relatedId": "1nRIZGTsCQ"
  },
  {
    "objectId": "5df35ab6129ec20d34d05fde",
    "owningId": "jV9HPK0m6M",
    "relatedId": "1nRIZGTsCQ"
  },
  {
    "objectId": "5df35ab6129ec20d34d05fe0",
    "owningId": "Dqs5Z6AHWY",
    "relatedId": "AHOk6fzFES"
  },
  {
    "objectId": "5df35ab6129ec20d34d05fe1",
    "owningId": "p77d6pQG15",
    "relatedId": "0dkQlK27Ri"
  },
  {
    "objectId": "5df35ab6129ec20d34d05fe2",
    "owningId": "5qJIz3BFtS",
    "relatedId": "WHjRnRc207"
  },
  {
    "objectId": "5df35ab6129ec20d34d05fe3",
    "owningId": "DPkEBRZspH",
    "relatedId": "D8RfRGvd8p"
  },
  {
    "objectId": "5df35ab6129ec20d34d05fe4",
    "owningId": "Qk5GJKOZgE",
    "relatedId": "3lGcKgvt3H"
  },
  {
    "objectId": "5df35ab6129ec20d34d05fe5",
    "owningId": "oHKpwShpfd",
    "relatedId": "Jwf4ClQ2Le"
  },
  {
    "objectId": "5df35ab6129ec20d34d05fe6",
    "owningId": "XDI4LVQqq2",
    "relatedId": "heHsv0Fc6K"
  },
  {
    "objectId": "5df35ab6129ec20d34d05fe7",
    "owningId": "H9U8ZEwNUb",
    "relatedId": "wT20C1NjME"
  },
  {
    "objectId": "5df35ab6129ec20d34d05fe8",
    "owningId": "Mz22SvkToj",
    "relatedId": "Jwf4ClQ2Le"
  },
  {
    "objectId": "5df35ab6129ec20d34d05fe9",
    "owningId": "nWn99Hb4qP",
    "relatedId": "Jwf4ClQ2Le"
  },
  {
    "objectId": "5df35ab6129ec20d34d05fea",
    "owningId": "nWPND4wtwC",
    "relatedId": "8MNtlSuSCS"
  },
  {
    "objectId": "5df35ab6129ec20d34d05feb",
    "owningId": "4JryR6ADMz",
    "relatedId": "8Q0ROnSCsG"
  },
  {
    "objectId": "5df35ab6129ec20d34d05fec",
    "owningId": "KqJGsQGyN6",
    "relatedId": "QhQ8fpUe6c"
  },
  {
    "objectId": "5df35ab6129ec20d34d05fed",
    "owningId": "wbAkzHDyMe",
    "relatedId": "uCmMnTz4Ee"
  },
  {
    "objectId": "5df35ab6129ec20d34d05fee",
    "owningId": "M5E2B6yir6",
    "relatedId": "LrLczwtmVn"
  },
  {
    "objectId": "5df35ab6129ec20d34d05fef",
    "owningId": "bRxavnv4vJ",
    "relatedId": "BryOm6f3XQ"
  },
  {
    "objectId": "5df35ab6129ec20d34d05ff0",
    "owningId": "4oQU9QMsDo",
    "relatedId": "BPDpGD2z6m"
  },
  {
    "objectId": "5df35ab6129ec20d34d05ff1",
    "owningId": "21FFzpHmPG",
    "relatedId": "DcU3XzNv96"
  },
  {
    "objectId": "5df35ab6129ec20d34d05ff2",
    "owningId": "PDwO12eAfq",
    "relatedId": "xXYFd0SmIc"
  },
  {
    "objectId": "5df35ab6129ec20d34d05ff3",
    "owningId": "fVMsCEcDXF",
    "relatedId": "BoS2xWpcpW"
  },
  {
    "objectId": "5df35ab6129ec20d34d05ff4",
    "owningId": "7jU9SAS4NI",
    "relatedId": "AHldL9dXlP"
  },
  {
    "objectId": "5df35ab6129ec20d34d05ff5",
    "owningId": "YQQSnJsLJI",
    "relatedId": "edC4wCvqnI"
  },
  {
    "objectId": "5df35ab6129ec20d34d05ff6",
    "owningId": "CZZnb7tLZH",
    "relatedId": "MYo47EmWhc"
  },
  {
    "objectId": "5df35ab6129ec20d34d05ff7",
    "owningId": "BYubfDEF4H",
    "relatedId": "xXYFd0SmIc"
  },
  {
    "objectId": "5df35ab6129ec20d34d05ff8",
    "owningId": "zc0H5zQcTr",
    "relatedId": "1ZKNH6fqwX"
  },
  {
    "objectId": "5df35ab6129ec20d34d05ff9",
    "owningId": "LbFbR87Cv6",
    "relatedId": "1ZKNH6fqwX"
  },
  {
    "objectId": "5df35ab6129ec20d34d05ffa",
    "owningId": "mrCycRoqYL",
    "relatedId": "OANO7UDvjF"
  },
  {
    "objectId": "5df35ab6129ec20d34d05ffb",
    "owningId": "kjJqzk6vyo",
    "relatedId": "1ZKNH6fqwX"
  },
  {
    "objectId": "5df35ab6129ec20d34d05ffc",
    "owningId": "aRfCdCZffr",
    "relatedId": "rRaksCHjPP"
  },
  {
    "objectId": "5df35ab6129ec20d34d05ffe",
    "owningId": "MNPain94vP",
    "relatedId": "1XhkyTrmOQ"
  },
  {
    "objectId": "5df35ab6129ec20d34d05fff",
    "owningId": "4fSuf7UoO1",
    "relatedId": "1XhkyTrmOQ"
  },
  {
    "objectId": "5df35ab6129ec20d34d05ffd",
    "owningId": "cFrw0m2CLp",
    "relatedId": "ejmjHN3Hxp"
  },
  {
    "objectId": "5df35ab6129ec20d34d06000",
    "owningId": "yK2pDrU1qa",
    "relatedId": "IjL2NRxW9C"
  },
  {
    "objectId": "5df35ab6129ec20d34d06001",
    "owningId": "sl15vFZqOS",
    "relatedId": "mwMl4gHasJ"
  },
  {
    "objectId": "5df35ab6129ec20d34d06002",
    "owningId": "RC29uPhxhs",
    "relatedId": "1ZKNH6fqwX"
  },
  {
    "objectId": "5df35ab6129ec20d34d06003",
    "owningId": "s4oWwQdJ5r",
    "relatedId": "MYo47EmWhc"
  },
  {
    "objectId": "5df35ab7129ec20d34d06004",
    "owningId": "FKAyWcfJF7",
    "relatedId": "qtSqsjFE8M"
  },
  {
    "objectId": "5df35ab7129ec20d34d06005",
    "owningId": "W89uGS0z0e",
    "relatedId": "yw81OLpyq1"
  },
  {
    "objectId": "5df3d2c0129ec20d34d06b06",
    "owningId": "Opn9YY09St",
    "relatedId": "4d3BSp2vuQ"
  },
  {
    "objectId": "5df3d2c0129ec20d34d06b07",
    "owningId": "mR7qdHSWv8",
    "relatedId": "8dTz96ueSJ"
  },
  {
    "objectId": "5df3d2c0129ec20d34d06b08",
    "owningId": "hfVp8yG7Mr",
    "relatedId": "4d3BSp2vuQ"
  },
  {
    "objectId": "5df3d2c0129ec20d34d06b0a",
    "owningId": "3eoMzyJGA1",
    "relatedId": "sYaTpcbGSv"
  },
  {
    "objectId": "5df3d2c0129ec20d34d06b09",
    "owningId": "IbdWWQoWPa",
    "relatedId": "4d3BSp2vuQ"
  },
  {
    "objectId": "5df3d2c0129ec20d34d06b0b",
    "owningId": "LivnqXB458",
    "relatedId": "49tiOSGHuN"
  },
  {
    "objectId": "5df3d2c0129ec20d34d06b0c",
    "owningId": "jr7awXLR5Q",
    "relatedId": "ik0jiXgojE"
  },
  {
    "objectId": "5df3d2c0129ec20d34d06b0f",
    "owningId": "CudpxiHny7",
    "relatedId": "sDCNZS8nmq"
  },
  {
    "objectId": "5df3d2c0129ec20d34d06b0d",
    "owningId": "rkFiWpOUPS",
    "relatedId": "7A4XL5MlfP"
  },
  {
    "objectId": "5df3d2c0129ec20d34d06b0e",
    "owningId": "NkaQjeHNxs",
    "relatedId": "FzERCgLPGO"
  },
  {
    "objectId": "5df3d2c0129ec20d34d06b11",
    "owningId": "ryIuDmr9Ka",
    "relatedId": "4d3BSp2vuQ"
  },
  {
    "objectId": "5df3d2c0129ec20d34d06b10",
    "owningId": "P9YaeJHuCn",
    "relatedId": "rZ3iWk57zF"
  },
  {
    "objectId": "5df3d2c0129ec20d34d06b12",
    "owningId": "0F1pcAoy1X",
    "relatedId": "3b3k8wODLA"
  },
  {
    "objectId": "5df3d2c0129ec20d34d06b13",
    "owningId": "FwovOxwQHn",
    "relatedId": "N7O4MYFCSJ"
  },
  {
    "objectId": "5df3d2c0129ec20d34d06b14",
    "owningId": "s6UyEAtJTl",
    "relatedId": "PGstjv91WT"
  },
  {
    "objectId": "5df3d2c0129ec20d34d06b19",
    "owningId": "O5skfEadF6",
    "relatedId": "fdLjVELHq6"
  },
  {
    "objectId": "5df3d2c0129ec20d34d06b17",
    "owningId": "mj2ZQpFDRg",
    "relatedId": "49tiOSGHuN"
  },
  {
    "objectId": "5df3d2c0129ec20d34d06b18",
    "owningId": "DTVFbch7Ms",
    "relatedId": "86qdOqEGTF"
  },
  {
    "objectId": "5df3d2c0129ec20d34d06b16",
    "owningId": "to6LX8i3w5",
    "relatedId": "49tiOSGHuN"
  },
  {
    "objectId": "5df3d2c0129ec20d34d06b15",
    "owningId": "WdbzBzOyqh",
    "relatedId": "QyIdxUMUEx"
  },
  {
    "objectId": "5df3d2c0129ec20d34d06b1a",
    "owningId": "kLkcyyoUkF",
    "relatedId": "CeFr2tz78W"
  },
  {
    "objectId": "5df3d2c0129ec20d34d06b1b",
    "owningId": "eSiO38rlE1",
    "relatedId": "6bTcNkFqJw"
  },
  {
    "objectId": "5df3d2c0129ec20d34d06b1d",
    "owningId": "iDHWYH9uW9",
    "relatedId": "lYBI6bf2Ef"
  },
  {
    "objectId": "5df3d2c0129ec20d34d06b1e",
    "owningId": "gVgu4fg5ic",
    "relatedId": "86qdOqEGTF"
  },
  {
    "objectId": "5df3d2c0129ec20d34d06b1c",
    "owningId": "oOfkUUlxjl",
    "relatedId": "y77mGqirU3"
  },
  {
    "objectId": "5df3d2c0129ec20d34d06b22",
    "owningId": "aeeTOaiH3C",
    "relatedId": "yPmG7SoZDT"
  },
  {
    "objectId": "5df3d2c0129ec20d34d06b1f",
    "owningId": "TmY0fD8RqC",
    "relatedId": "4aK0PbFanY"
  },
  {
    "objectId": "5df3d2c0129ec20d34d06b21",
    "owningId": "SjqRMlcVWF",
    "relatedId": "r1k8wxe5hS"
  },
  {
    "objectId": "5df3d2c0129ec20d34d06b23",
    "owningId": "nRjgn6faJU",
    "relatedId": "rZ3iWk57zF"
  },
  {
    "objectId": "5df3d2c0129ec20d34d06b20",
    "owningId": "oVuzS0qD9t",
    "relatedId": "3UAd9B4eTA"
  },
  {
    "objectId": "5df3d2c0129ec20d34d06b25",
    "owningId": "8owokAvDDo",
    "relatedId": "O0go2dYiHM"
  },
  {
    "objectId": "5df3d2c0129ec20d34d06b24",
    "owningId": "6rIhGhDi92",
    "relatedId": "WKYbPeL3II"
  },
  {
    "objectId": "5df3d2c0129ec20d34d06b26",
    "owningId": "aqIEQgAwQh",
    "relatedId": "ePC0XPwpZC"
  },
  {
    "objectId": "5df3d2c0129ec20d34d06b27",
    "owningId": "XBZhbAjP1M",
    "relatedId": "QF9q4HwZRT"
  },
  {
    "objectId": "5df3d2c0129ec20d34d06b28",
    "owningId": "Qw8qx6GbFH",
    "relatedId": "4EqczzWEG3"
  },
  {
    "objectId": "5df3d2c0129ec20d34d06b2a",
    "owningId": "IfGolIWlLN",
    "relatedId": "ePC0XPwpZC"
  },
  {
    "objectId": "5df3d2c0129ec20d34d06b29",
    "owningId": "5sQWbxllFJ",
    "relatedId": "YzMDe3ndRA"
  },
  {
    "objectId": "5df3d2c0129ec20d34d06b2c",
    "owningId": "6SbEYCtRLe",
    "relatedId": "ePC0XPwpZC"
  },
  {
    "objectId": "5df3d2c0129ec20d34d06b2d",
    "owningId": "GZvwug4A7w",
    "relatedId": "c1iw5K8qz5"
  },
  {
    "objectId": "5df3d2c0129ec20d34d06b2b",
    "owningId": "eiVq5PM6Hy",
    "relatedId": "QF9q4HwZRT"
  },
  {
    "objectId": "5df3d2c0129ec20d34d06b2f",
    "owningId": "5CIlIGBkrI",
    "relatedId": "wcHTFcJRlQ"
  },
  {
    "objectId": "5df3d2c0129ec20d34d06b30",
    "owningId": "kcII4VbOJa",
    "relatedId": "3nkUz8CDwU"
  },
  {
    "objectId": "5df3d2c0129ec20d34d06b2e",
    "owningId": "RsRCCxQpQt",
    "relatedId": "V58Wg4Eyv7"
  },
  {
    "objectId": "5df3d2c0129ec20d34d06b31",
    "owningId": "Bdtnx1rMmK",
    "relatedId": "3b3k8wODLA"
  },
  {
    "objectId": "5df3d2c0129ec20d34d06b32",
    "owningId": "vAYoLMqim0",
    "relatedId": "V58Wg4Eyv7"
  },
  {
    "objectId": "5df3d2c0129ec20d34d06b33",
    "owningId": "OIXQdIq29F",
    "relatedId": "anVhWt6sY3"
  },
  {
    "objectId": "5df3d2c0129ec20d34d06b35",
    "owningId": "jdLs3GCqJo",
    "relatedId": "ePC0XPwpZC"
  },
  {
    "objectId": "5df3d2c0129ec20d34d06b34",
    "owningId": "ByFe2BKB4Q",
    "relatedId": "PKmigUWiwm"
  },
  {
    "objectId": "5df3d2c0129ec20d34d06b37",
    "owningId": "zPZSh4vCHC",
    "relatedId": "7a0oGpk74s"
  },
  {
    "objectId": "5df3d2c0129ec20d34d06b36",
    "owningId": "593fh4YMOG",
    "relatedId": "l3gk6A9m7P"
  },
  {
    "objectId": "5df3d320129ec20d34d06e08",
    "owningId": "EcuYp9Shhr",
    "relatedId": "jTsYAQ5B4l"
  },
  {
    "objectId": "5df3d320129ec20d34d06e0b",
    "owningId": "xuEn5aT49M",
    "relatedId": "dlgUCFFuuZ"
  },
  {
    "objectId": "5df3d320129ec20d34d06e09",
    "owningId": "nrtOQgXCm0",
    "relatedId": "dlgUCFFuuZ"
  },
  {
    "objectId": "5df3d320129ec20d34d06e07",
    "owningId": "azyhDWY9vc",
    "relatedId": "dlgUCFFuuZ"
  },
  {
    "objectId": "5df3d320129ec20d34d06e0a",
    "owningId": "b0taVvGsIq",
    "relatedId": "MZiiFfl9Vm"
  },
  {
    "objectId": "5df3d320129ec20d34d06e0c",
    "owningId": "Rg3PlI7DP9",
    "relatedId": "ncJlaATSyt"
  },
  {
    "objectId": "5df3d320129ec20d34d06e0d",
    "owningId": "B0xiEvKBMK",
    "relatedId": "0b3ESyvJJr"
  },
  {
    "objectId": "5df3d320129ec20d34d06e10",
    "owningId": "BCH4rYa191",
    "relatedId": "EYWc1glF4X"
  },
  {
    "objectId": "5df3d320129ec20d34d06e0e",
    "owningId": "dzOZ6E6Wtf",
    "relatedId": "02njHHYJLi"
  },
  {
    "objectId": "5df3d320129ec20d34d06e0f",
    "owningId": "CgdDDD3ygA",
    "relatedId": "7HJCIaccgr"
  },
  {
    "objectId": "5df3d320129ec20d34d06e11",
    "owningId": "xC0m5cLP1Y",
    "relatedId": "ZrzSpduBpO"
  },
  {
    "objectId": "5df3d320129ec20d34d06e15",
    "owningId": "4pSGu7cGNP",
    "relatedId": "ncJlaATSyt"
  },
  {
    "objectId": "5df3d320129ec20d34d06e13",
    "owningId": "E8r1KXrnTD",
    "relatedId": "kvrE2iJYun"
  },
  {
    "objectId": "5df3d320129ec20d34d06e14",
    "owningId": "JG6nysaROx",
    "relatedId": "TTkQhn5R5W"
  },
  {
    "objectId": "5df3d320129ec20d34d06e12",
    "owningId": "NQD4DKeJb0",
    "relatedId": "dlgUCFFuuZ"
  },
  {
    "objectId": "5df3d320129ec20d34d06e16",
    "owningId": "cY4Mmm60i3",
    "relatedId": "YBjdTDh6zR"
  },
  {
    "objectId": "5df3d320129ec20d34d06e17",
    "owningId": "lW121TSeKj",
    "relatedId": "ncJlaATSyt"
  },
  {
    "objectId": "5df3d320129ec20d34d06e18",
    "owningId": "GlMvAOlPE1",
    "relatedId": "RDSGinEcvA"
  },
  {
    "objectId": "5df3d320129ec20d34d06e19",
    "owningId": "ZhQXR6Gek1",
    "relatedId": "0K381cJjEy"
  },
  {
    "objectId": "5df3d320129ec20d34d06e1a",
    "owningId": "57hrkrb3ov",
    "relatedId": "SprVxGYO9S"
  },
  {
    "objectId": "5df3d321129ec20d34d06e1c",
    "owningId": "Wtj5BDeNg3",
    "relatedId": "vgDIEn82UH"
  },
  {
    "objectId": "5df3d321129ec20d34d06e1b",
    "owningId": "zdDtZq4Mvc",
    "relatedId": "LTO4wOUTAC"
  },
  {
    "objectId": "5df3d321129ec20d34d06e1e",
    "owningId": "AtbCCAuu8b",
    "relatedId": "yTC92lLZn8"
  },
  {
    "objectId": "5df3d321129ec20d34d06e1d",
    "owningId": "InB4CqFIzY",
    "relatedId": "02njHHYJLi"
  },
  {
    "objectId": "5df3d321129ec20d34d06e1f",
    "owningId": "WYYfKiBiN1",
    "relatedId": "GZz8jZ3AHn"
  },
  {
    "objectId": "5df3d321129ec20d34d06e21",
    "owningId": "soUoVRz8sM",
    "relatedId": "d4KdsqvRwC"
  },
  {
    "objectId": "5df3d321129ec20d34d06e23",
    "owningId": "vFkK4Re6y6",
    "relatedId": "rnLnG9q3yH"
  },
  {
    "objectId": "5df3d321129ec20d34d06e20",
    "owningId": "KrdYtikgwW",
    "relatedId": "DpVGlEWxLQ"
  },
  {
    "objectId": "5df3d321129ec20d34d06e22",
    "owningId": "g3UoImGqU6",
    "relatedId": "ZEU3CJ7ij2"
  },
  {
    "objectId": "5df3d321129ec20d34d06e24",
    "owningId": "8yY61qpBSm",
    "relatedId": "ZrzSpduBpO"
  },
  {
    "objectId": "5df3d321129ec20d34d06e26",
    "owningId": "ZPSWY5Jp0C",
    "relatedId": "rnLnG9q3yH"
  },
  {
    "objectId": "5df3d321129ec20d34d06e25",
    "owningId": "edUjJLeIrA",
    "relatedId": "oFXYcYWsGG"
  },
  {
    "objectId": "5df3d321129ec20d34d06e29",
    "owningId": "MmvEVAfifB",
    "relatedId": "Si9xO7FuAe"
  },
  {
    "objectId": "5df3d321129ec20d34d06e27",
    "owningId": "JfWDpTDvDs",
    "relatedId": "gZVQzhZyv3"
  },
  {
    "objectId": "5df3d321129ec20d34d06e28",
    "owningId": "e5uRND0usM",
    "relatedId": "ztNr2TVXrL"
  },
  {
    "objectId": "5df3d321129ec20d34d06e2a",
    "owningId": "vxrnG92jxq",
    "relatedId": "1u6vPdLczy"
  },
  {
    "objectId": "5df3d321129ec20d34d06e2e",
    "owningId": "lTPPskcSF5",
    "relatedId": "rnLnG9q3yH"
  },
  {
    "objectId": "5df3d321129ec20d34d06e2b",
    "owningId": "Ko4IlYcmLK",
    "relatedId": "iRKXvYoVd5"
  },
  {
    "objectId": "5df3d321129ec20d34d06e2c",
    "owningId": "5yMYXwwQ0c",
    "relatedId": "VE6vY1iAqO"
  },
  {
    "objectId": "5df3d321129ec20d34d06e2d",
    "owningId": "l3IeXxH0aw",
    "relatedId": "Si9xO7FuAe"
  },
  {
    "objectId": "5df3d321129ec20d34d06e2f",
    "owningId": "04N2L3sr2C",
    "relatedId": "3Ab7fQHteN"
  },
  {
    "objectId": "5df3d321129ec20d34d06e31",
    "owningId": "LVMukEr4SC",
    "relatedId": "MKK4iLmZpt"
  },
  {
    "objectId": "5df3d321129ec20d34d06e33",
    "owningId": "jbiCElLNpp",
    "relatedId": "CxODEVlJZ5"
  },
  {
    "objectId": "5df3d321129ec20d34d06e30",
    "owningId": "SnYgwXomwQ",
    "relatedId": "iBzQCMdR8S"
  },
  {
    "objectId": "5df3d321129ec20d34d06e32",
    "owningId": "JrCbga7Fpr",
    "relatedId": "H7yElG63Jg"
  },
  {
    "objectId": "5df3d321129ec20d34d06e34",
    "owningId": "FhIL5po79n",
    "relatedId": "7HJCIaccgr"
  },
  {
    "objectId": "5df3d321129ec20d34d06e37",
    "owningId": "CPVteuiB8v",
    "relatedId": "rnLnG9q3yH"
  },
  {
    "objectId": "5df3d321129ec20d34d06e35",
    "owningId": "ArXs1e9k3Y",
    "relatedId": "MKK4iLmZpt"
  },
  {
    "objectId": "5df3d321129ec20d34d06e36",
    "owningId": "WnqXwdUbY6",
    "relatedId": "Ui6HG7ZS3O"
  },
  {
    "objectId": "5df3d321129ec20d34d06e38",
    "owningId": "K63oFgATZp",
    "relatedId": "zJCBfLOR72"
  },
  {
    "objectId": "5df3d65f129ec20d34d07045",
    "owningId": "MVtXW9arIZ",
    "relatedId": "hb5nxGQc8a"
  },
  {
    "objectId": "5df3d65f129ec20d34d07044",
    "owningId": "y1uEtWkzxW",
    "relatedId": "lQfYOnq0P0"
  },
  {
    "objectId": "5df3d65f129ec20d34d07048",
    "owningId": "KWuEUqQkcD",
    "relatedId": "H9NBCoVlef"
  },
  {
    "objectId": "5df3d65f129ec20d34d07046",
    "owningId": "Wbqph9BZJh",
    "relatedId": "e4h0X2EXgW"
  },
  {
    "objectId": "5df3d65f129ec20d34d0704b",
    "owningId": "JlVobqgLGh",
    "relatedId": "hb5nxGQc8a"
  },
  {
    "objectId": "5df3d65f129ec20d34d0704a",
    "owningId": "z7AWklG4HV",
    "relatedId": "TijzUk1wjq"
  },
  {
    "objectId": "5df3d65f129ec20d34d07047",
    "owningId": "FaOfHYKXm5",
    "relatedId": "kytEWRhGZ0"
  },
  {
    "objectId": "5df3d65f129ec20d34d07049",
    "owningId": "QZwSKsDucX",
    "relatedId": "hb5nxGQc8a"
  },
  {
    "objectId": "5df3d65f129ec20d34d0704c",
    "owningId": "pStrzNRT0r",
    "relatedId": "gIKCFXmKV3"
  },
  {
    "objectId": "5df3d65f129ec20d34d0704d",
    "owningId": "fRyKNWC4ek",
    "relatedId": "XhnWhlnXVn"
  },
  {
    "objectId": "5df3d65f129ec20d34d0704e",
    "owningId": "5BRflec0wT",
    "relatedId": "hb5nxGQc8a"
  },
  {
    "objectId": "5df3d65f129ec20d34d0704f",
    "owningId": "UsuHDrzdvI",
    "relatedId": "4v8FON66Ke"
  },
  {
    "objectId": "5df3d65f129ec20d34d07050",
    "owningId": "cXOQUvt6og",
    "relatedId": "4v8FON66Ke"
  },
  {
    "objectId": "5df3d65f129ec20d34d07051",
    "owningId": "c9MybXai8E",
    "relatedId": "X5YfUngDK2"
  },
  {
    "objectId": "5df3d65f129ec20d34d07054",
    "owningId": "vWY03bZP8V",
    "relatedId": "AZFZagCOg3"
  },
  {
    "objectId": "5df3d65f129ec20d34d07052",
    "owningId": "F4Z4Jr1VcO",
    "relatedId": "4v8FON66Ke"
  },
  {
    "objectId": "5df3d65f129ec20d34d07053",
    "owningId": "pRA7AnrIFo",
    "relatedId": "wy46XtuXZq"
  },
  {
    "objectId": "5df3d65f129ec20d34d07055",
    "owningId": "CFBEGk1E4D",
    "relatedId": "Yf7aFAyLsn"
  },
  {
    "objectId": "5df3d65f129ec20d34d07056",
    "owningId": "ghYnir3H56",
    "relatedId": "HhVSEUNLYc"
  },
  {
    "objectId": "5df3d65f129ec20d34d07057",
    "owningId": "tAjXgtsF53",
    "relatedId": "hcC3SCOxbj"
  },
  {
    "objectId": "5df3d660129ec20d34d07058",
    "owningId": "eYbzv4NPfM",
    "relatedId": "USrTF5NJE5"
  },
  {
    "objectId": "5df3d660129ec20d34d07059",
    "owningId": "oVsh1bB9OS",
    "relatedId": "Kaz6OtQLXW"
  },
  {
    "objectId": "5df3d660129ec20d34d0705b",
    "owningId": "sZb0FFLFIl",
    "relatedId": "xOzQDBCPhY"
  },
  {
    "objectId": "5df3d660129ec20d34d0705c",
    "owningId": "l4EMD98tOM",
    "relatedId": "xOzQDBCPhY"
  },
  {
    "objectId": "5df3d660129ec20d34d0705e",
    "owningId": "t0UPMWuUus",
    "relatedId": "ub3Iowk2t9"
  },
  {
    "objectId": "5df3d660129ec20d34d0705f",
    "owningId": "SgvFsnieD6",
    "relatedId": "YWVns6MSS3"
  },
  {
    "objectId": "5df3d660129ec20d34d0705d",
    "owningId": "PsPjS5snoI",
    "relatedId": "YWVns6MSS3"
  },
  {
    "objectId": "5df3d660129ec20d34d0705a",
    "owningId": "dlqtkfYOFd",
    "relatedId": "X5YfUngDK2"
  },
  {
    "objectId": "5df3d660129ec20d34d07061",
    "owningId": "R5wqKnVQI7",
    "relatedId": "YWVns6MSS3"
  },
  {
    "objectId": "5df3d660129ec20d34d07060",
    "owningId": "PFWCwg9Xaa",
    "relatedId": "PAu5RLlrYc"
  },
  {
    "objectId": "5df3d660129ec20d34d07063",
    "owningId": "dBbsySN9nH",
    "relatedId": "z5OgwbPXp1"
  },
  {
    "objectId": "5df3d660129ec20d34d07062",
    "owningId": "Wq8hMZf65s",
    "relatedId": "X6ZedPWL6p"
  },
  {
    "objectId": "5df3d660129ec20d34d07064",
    "owningId": "W3glnpqs4D",
    "relatedId": "B2OxvnymcT"
  },
  {
    "objectId": "5df3d660129ec20d34d07066",
    "owningId": "UN1YFMkuR8",
    "relatedId": "FchTRsqCHa"
  },
  {
    "objectId": "5df3d660129ec20d34d07065",
    "owningId": "BWurwVmClU",
    "relatedId": "H3yW6UuG6B"
  },
  {
    "objectId": "5df3d660129ec20d34d07067",
    "owningId": "m5poWoyD4T",
    "relatedId": "Yf7aFAyLsn"
  },
  {
    "objectId": "5df3d660129ec20d34d07068",
    "owningId": "Lanjz6LodS",
    "relatedId": "cp6DBMAa0B"
  },
  {
    "objectId": "5df3d660129ec20d34d07069",
    "owningId": "oDy6KXlni5",
    "relatedId": "7OMNW1IvtL"
  },
  {
    "objectId": "5df3d660129ec20d34d0706a",
    "owningId": "39RwIB22Vd",
    "relatedId": "oDXH2JCbdJ"
  },
  {
    "objectId": "5df3d660129ec20d34d0706b",
    "owningId": "5JXyo67CZM",
    "relatedId": "2oBYxrrMwH"
  },
  {
    "objectId": "5df3d660129ec20d34d0706d",
    "owningId": "LmqcDcUo1H",
    "relatedId": "QSCighfdQC"
  },
  {
    "objectId": "5df3d660129ec20d34d0706c",
    "owningId": "EpBwAALObB",
    "relatedId": "lQfYOnq0P0"
  },
  {
    "objectId": "5df3d660129ec20d34d0706f",
    "owningId": "pM6DqXTfBk",
    "relatedId": "85EAg5TSSC"
  },
  {
    "objectId": "5df3d660129ec20d34d0706e",
    "owningId": "03p6uaF0JD",
    "relatedId": "T8sb9vHmXg"
  },
  {
    "objectId": "5df3d660129ec20d34d07071",
    "owningId": "SLPFVzJMLn",
    "relatedId": "QSCighfdQC"
  },
  {
    "objectId": "5df3d660129ec20d34d07072",
    "owningId": "2s8rhJZKsd",
    "relatedId": "4YZtJ5tSoF"
  },
  {
    "objectId": "5df3d660129ec20d34d07070",
    "owningId": "mCBVgXCkdv",
    "relatedId": "YWVns6MSS3"
  },
  {
    "objectId": "5df3d660129ec20d34d07074",
    "owningId": "XEJ4YujdrG",
    "relatedId": "4SAQKsoF3l"
  },
  {
    "objectId": "5df3d660129ec20d34d07073",
    "owningId": "kOPGVkxrz7",
    "relatedId": "lqwtphASg4"
  },
  {
    "objectId": "5df3d660129ec20d34d07075",
    "owningId": "QByZu5Qzss",
    "relatedId": "Chvu7yqK9M"
  },
  {
    "objectId": "5df3d70d129ec20d34d07393",
    "owningId": "ro3DABzFvW",
    "relatedId": "bucrlQBaRD"
  },
  {
    "objectId": "5df3d70d129ec20d34d07392",
    "owningId": "rKusEdxh6m",
    "relatedId": "9NeoPtLPvR"
  },
  {
    "objectId": "5df3d70d129ec20d34d07391",
    "owningId": "Pl0t6695cl",
    "relatedId": "bucrlQBaRD"
  },
  {
    "objectId": "5df3d70d129ec20d34d07394",
    "owningId": "0K8Bx3m0um",
    "relatedId": "MAceNaOGZT"
  },
  {
    "objectId": "5df3d70d129ec20d34d07395",
    "owningId": "XFccR5hADE",
    "relatedId": "p0acGUqy7P"
  },
  {
    "objectId": "5df3d70d129ec20d34d07397",
    "owningId": "ukXSTDXWMU",
    "relatedId": "JKhwzwupdX"
  },
  {
    "objectId": "5df3d70d129ec20d34d0739d",
    "owningId": "5h00NUYa1O",
    "relatedId": "DB5Yb7XnYI"
  },
  {
    "objectId": "5df3d70d129ec20d34d0739f",
    "owningId": "Z3CCxZwp5m",
    "relatedId": "Yu8JJM8WWQ"
  },
  {
    "objectId": "5df3d70d129ec20d34d0739e",
    "owningId": "Ag099nDruS",
    "relatedId": "O5HzAUzGxE"
  },
  {
    "objectId": "5df3d70d129ec20d34d0739b",
    "owningId": "PrWe3baBrN",
    "relatedId": "0hoZeCQnzs"
  },
  {
    "objectId": "5df3d70d129ec20d34d07398",
    "owningId": "DehrYHEuul",
    "relatedId": "bucrlQBaRD"
  },
  {
    "objectId": "5df3d70d129ec20d34d0739c",
    "owningId": "OyV9SHlgct",
    "relatedId": "XPtN4pveDF"
  },
  {
    "objectId": "5df3d70d129ec20d34d07399",
    "owningId": "nsyU9yzSIm",
    "relatedId": "cJjyNNWfaJ"
  },
  {
    "objectId": "5df3d70d129ec20d34d0739a",
    "owningId": "0AtoCVfq75",
    "relatedId": "bucrlQBaRD"
  },
  {
    "objectId": "5df3d70d129ec20d34d07396",
    "owningId": "m2wopYYAAg",
    "relatedId": "Yu8JJM8WWQ"
  },
  {
    "objectId": "5df3d70d129ec20d34d073a0",
    "owningId": "KfsdyqfzH9",
    "relatedId": "Yu8JJM8WWQ"
  },
  {
    "objectId": "5df3d70d129ec20d34d073a4",
    "owningId": "DpbaWl7eZc",
    "relatedId": "qtYeHAGke1"
  },
  {
    "objectId": "5df3d70d129ec20d34d073a2",
    "owningId": "HsQsL2UAdA",
    "relatedId": "uVQeICE8mb"
  },
  {
    "objectId": "5df3d70d129ec20d34d073a3",
    "owningId": "KPmxMokqc5",
    "relatedId": "OBUDg2hbLE"
  },
  {
    "objectId": "5df3d70d129ec20d34d073a1",
    "owningId": "acZoAdbLcR",
    "relatedId": "EHwOUR0RVY"
  },
  {
    "objectId": "5df3d70d129ec20d34d073a7",
    "owningId": "7Si23mk5AG",
    "relatedId": "qtYeHAGke1"
  },
  {
    "objectId": "5df3d70d129ec20d34d073a9",
    "owningId": "EWo26Ybaca",
    "relatedId": "HPldMPPp12"
  },
  {
    "objectId": "5df3d70d129ec20d34d073a6",
    "owningId": "CR4OuyaLti",
    "relatedId": "s5hIad30Wh"
  },
  {
    "objectId": "5df3d70d129ec20d34d073a5",
    "owningId": "W8Ilo2rAhY",
    "relatedId": "2hmH8VhRZN"
  },
  {
    "objectId": "5df3d70d129ec20d34d073a8",
    "owningId": "f9QG0EZlBe",
    "relatedId": "n4Aswzk9os"
  },
  {
    "objectId": "5df3d70d129ec20d34d073ad",
    "owningId": "43hriGuuls",
    "relatedId": "sC6T8Ur8vs"
  },
  {
    "objectId": "5df3d70d129ec20d34d073ac",
    "owningId": "hTzQMZIUkX",
    "relatedId": "0hBYUibyrk"
  },
  {
    "objectId": "5df3d70d129ec20d34d073ae",
    "owningId": "YPY9f4Tl3D",
    "relatedId": "sBuKgvPo5a"
  },
  {
    "objectId": "5df3d70d129ec20d34d073ab",
    "owningId": "2PGxteOKzC",
    "relatedId": "A1RzhRKASK"
  },
  {
    "objectId": "5df3d70d129ec20d34d073aa",
    "owningId": "9vwyGbs9ki",
    "relatedId": "1IadG6QShE"
  },
  {
    "objectId": "5df3d70d129ec20d34d073af",
    "owningId": "1YpaDOzlQH",
    "relatedId": "UYF2HyNvB7"
  },
  {
    "objectId": "5df3d70d129ec20d34d073b2",
    "owningId": "CgeKhaZRBF",
    "relatedId": "9Nz1kxRDAe"
  },
  {
    "objectId": "5df3d70d129ec20d34d073b1",
    "owningId": "cgS0bBmaV0",
    "relatedId": "Dv751WDhya"
  },
  {
    "objectId": "5df3d70d129ec20d34d073b0",
    "owningId": "lELr7eCjFp",
    "relatedId": "DB5Yb7XnYI"
  },
  {
    "objectId": "5df3d70d129ec20d34d073b3",
    "owningId": "L1siVK3VxD",
    "relatedId": "GsX54tPiq7"
  },
  {
    "objectId": "5df3d70d129ec20d34d073b4",
    "owningId": "mjURsV4myC",
    "relatedId": "jfEaEbQEYw"
  },
  {
    "objectId": "5df3d70d129ec20d34d073b8",
    "owningId": "nQS2kHwsxE",
    "relatedId": "Ti27yLcoql"
  },
  {
    "objectId": "5df3d70d129ec20d34d073b5",
    "owningId": "mrg4Zm1ao8",
    "relatedId": "Ti27yLcoql"
  },
  {
    "objectId": "5df3d70d129ec20d34d073b6",
    "owningId": "X2nWAjoEzm",
    "relatedId": "Ti27yLcoql"
  },
  {
    "objectId": "5df3d70d129ec20d34d073b7",
    "owningId": "2tlF7Fdes2",
    "relatedId": "9Nz1kxRDAe"
  },
  {
    "objectId": "5df3d70e129ec20d34d073b9",
    "owningId": "A18rDr2lvZ",
    "relatedId": "Xh6ExRuQqV"
  },
  {
    "objectId": "5df3d70e129ec20d34d073ba",
    "owningId": "jUtgKnN1S7",
    "relatedId": "DPPDNIdJSu"
  },
  {
    "objectId": "5df3d70e129ec20d34d073bc",
    "owningId": "xCPvj4dxF0",
    "relatedId": "It0TdPV5mD"
  },
  {
    "objectId": "5df3d70e129ec20d34d073bd",
    "owningId": "yMCDHuKTGR",
    "relatedId": "Xh6ExRuQqV"
  },
  {
    "objectId": "5df3d70e129ec20d34d073bb",
    "owningId": "cWIQ7XAafX",
    "relatedId": "OKFfcv8ViQ"
  },
  {
    "objectId": "5df3d70e129ec20d34d073be",
    "owningId": "j8RkoT4YG4",
    "relatedId": "yIxYXiCAAX"
  },
  {
    "objectId": "5df3d70e129ec20d34d073c1",
    "owningId": "41BmLAT6kl",
    "relatedId": "EpZWNQ3kA0"
  },
  {
    "objectId": "5df3d70e129ec20d34d073bf",
    "owningId": "FderCRI4Su",
    "relatedId": "PA2lRwOcRs"
  },
  {
    "objectId": "5df3d70e129ec20d34d073c0",
    "owningId": "MUuMtR6VFW",
    "relatedId": "Ti27yLcoql"
  },
  {
    "objectId": "5df3d70e129ec20d34d073c2",
    "owningId": "sgzvCbeHeH",
    "relatedId": "0hoZeCQnzs"
  },
  {
    "objectId": "5df3dcf3129ec20d34d076f4",
    "owningId": "5zjMmvs1BE",
    "relatedId": "rxlE34D2mS"
  },
  {
    "objectId": "5df3dcf3129ec20d34d076fd",
    "owningId": "TZoI3iqMeG",
    "relatedId": "rxlE34D2mS"
  },
  {
    "objectId": "5df3dcf3129ec20d34d076fe",
    "owningId": "pNzEkT0adE",
    "relatedId": "WdjXDQk2bT"
  },
  {
    "objectId": "5df3dcf3129ec20d34d076f3",
    "owningId": "gisa3fU6DN",
    "relatedId": "QmPOXGpvnF"
  },
  {
    "objectId": "5df3dcf3129ec20d34d076f7",
    "owningId": "sD7nwAMpJ2",
    "relatedId": "CtoyFZRakc"
  },
  {
    "objectId": "5df3dcf3129ec20d34d076f0",
    "owningId": "WxbbcoZFGz",
    "relatedId": "rxlE34D2mS"
  },
  {
    "objectId": "5df3dcf3129ec20d34d076fc",
    "owningId": "Cpoi47iSwm",
    "relatedId": "7oEjdedNC3"
  },
  {
    "objectId": "5df3dcf3129ec20d34d076f6",
    "owningId": "domUq4XG8K",
    "relatedId": "q7XEC84PAx"
  },
  {
    "objectId": "5df3dcf3129ec20d34d076f1",
    "owningId": "I4zd4ICE5H",
    "relatedId": "h2GjIKve0P"
  },
  {
    "objectId": "5df3dcf3129ec20d34d076fa",
    "owningId": "hNMG0Sx6Lg",
    "relatedId": "jrxeQZhGdM"
  },
  {
    "objectId": "5df3dcf3129ec20d34d076fb",
    "owningId": "dVCu2HY6bG",
    "relatedId": "4nBjE8V0WI"
  },
  {
    "objectId": "5df3dcf3129ec20d34d076f2",
    "owningId": "HSesdG0ZD0",
    "relatedId": "iXw0s664Ma"
  },
  {
    "objectId": "5df3dcf3129ec20d34d076f8",
    "owningId": "ntQ7fWos0n",
    "relatedId": "sCZly9rNFM"
  },
  {
    "objectId": "5df3dcf3129ec20d34d076f5",
    "owningId": "mEwwWmDY0Q",
    "relatedId": "Omjep4E6KX"
  },
  {
    "objectId": "5df3dcf3129ec20d34d076f9",
    "owningId": "WFeTQmcKHN",
    "relatedId": "rxlE34D2mS"
  },
  {
    "objectId": "5df3dcf3129ec20d34d07702",
    "owningId": "bMTPCXabby",
    "relatedId": "pKXnTRISAz"
  },
  {
    "objectId": "5df3dcf3129ec20d34d07700",
    "owningId": "GjyB63DAvD",
    "relatedId": "oDha1rwQsg"
  },
  {
    "objectId": "5df3dcf3129ec20d34d076ff",
    "owningId": "mOuGiDVunI",
    "relatedId": "Omjep4E6KX"
  },
  {
    "objectId": "5df3dcf3129ec20d34d07703",
    "owningId": "4CjVIxQjVK",
    "relatedId": "28SXuj2H7u"
  },
  {
    "objectId": "5df3dcf3129ec20d34d07701",
    "owningId": "LceMWEmmOh",
    "relatedId": "Omjep4E6KX"
  },
  {
    "objectId": "5df3dcf3129ec20d34d07704",
    "owningId": "DNHgpzqU4h",
    "relatedId": "U6KA78my18"
  },
  {
    "objectId": "5df3dcf3129ec20d34d07705",
    "owningId": "9aN9wge4H8",
    "relatedId": "MEaf7H1BHa"
  },
  {
    "objectId": "5df3dcf3129ec20d34d07708",
    "owningId": "UmeCohgPTg",
    "relatedId": "SX0b1FEPG6"
  },
  {
    "objectId": "5df3dcf3129ec20d34d07707",
    "owningId": "EDkiGsmJXX",
    "relatedId": "28SXuj2H7u"
  },
  {
    "objectId": "5df3dcf3129ec20d34d07706",
    "owningId": "06egkk4vHI",
    "relatedId": "8mOTvwRR0Z"
  },
  {
    "objectId": "5df3dcf3129ec20d34d07709",
    "owningId": "TFremoOGlg",
    "relatedId": "npQXGI7B0B"
  },
  {
    "objectId": "5df3dcf3129ec20d34d0770b",
    "owningId": "52vZ9fbPcN",
    "relatedId": "CzNwpYjU6N"
  },
  {
    "objectId": "5df3dcf3129ec20d34d0770a",
    "owningId": "8yoDzYCM85",
    "relatedId": "B5XPR632y1"
  },
  {
    "objectId": "5df3dcf3129ec20d34d0770d",
    "owningId": "CH8EMLk7wk",
    "relatedId": "Vtm2TO7Ggh"
  },
  {
    "objectId": "5df3dcf3129ec20d34d0770c",
    "owningId": "f7Xe21NEn2",
    "relatedId": "pKXnTRISAz"
  },
  {
    "objectId": "5df3dcf3129ec20d34d0770e",
    "owningId": "BrnHlcU7au",
    "relatedId": "pGY0Df4lEx"
  },
  {
    "objectId": "5df3dcf3129ec20d34d07710",
    "owningId": "KdvDDWTpKB",
    "relatedId": "yV78gWtIRi"
  },
  {
    "objectId": "5df3dcf3129ec20d34d07711",
    "owningId": "KLAMocfidx",
    "relatedId": "pGY0Df4lEx"
  },
  {
    "objectId": "5df3dcf3129ec20d34d0770f",
    "owningId": "UOvraR4BDA",
    "relatedId": "y2qLPjEIDO"
  },
  {
    "objectId": "5df3dcf3129ec20d34d07712",
    "owningId": "YcJ4oBwsCN",
    "relatedId": "nvVimmcybZ"
  },
  {
    "objectId": "5df3dcf3129ec20d34d07713",
    "owningId": "LwDzCq2Qes",
    "relatedId": "MFUxhDvGuJ"
  },
  {
    "objectId": "5df3dcf3129ec20d34d07714",
    "owningId": "AD6D9KwayO",
    "relatedId": "JYpw57PREe"
  },
  {
    "objectId": "5df3dcf3129ec20d34d07716",
    "owningId": "wQ8K4eC6gW",
    "relatedId": "JYpw57PREe"
  },
  {
    "objectId": "5df3dcf3129ec20d34d07715",
    "owningId": "BdwHsREgh3",
    "relatedId": "JYpw57PREe"
  },
  {
    "objectId": "5df3dcf3129ec20d34d07717",
    "owningId": "YD6qvUL4Jw",
    "relatedId": "qDuGxygVmr"
  },
  {
    "objectId": "5df3dcf3129ec20d34d07718",
    "owningId": "HQcDZVPp65",
    "relatedId": "ut2r4hrFsD"
  },
  {
    "objectId": "5df3dcf3129ec20d34d0771d",
    "owningId": "sBCn2hGGnu",
    "relatedId": "LjZeIZPAfl"
  },
  {
    "objectId": "5df3dcf3129ec20d34d07719",
    "owningId": "qcjMA3N5Wq",
    "relatedId": "2S616TXZAg"
  },
  {
    "objectId": "5df3dcf3129ec20d34d0771a",
    "owningId": "CtLDk7OEkn",
    "relatedId": "xbac3Am1hM"
  },
  {
    "objectId": "5df3dcf3129ec20d34d0771b",
    "owningId": "aIFmxFD8Jz",
    "relatedId": "LjZeIZPAfl"
  },
  {
    "objectId": "5df3dcf3129ec20d34d0771c",
    "owningId": "3UUCXbeRQe",
    "relatedId": "HpsbD1Ob2e"
  },
  {
    "objectId": "5df3dcf3129ec20d34d0771e",
    "owningId": "VEGLW6EHQ7",
    "relatedId": "4nBjE8V0WI"
  },
  {
    "objectId": "5df3dcf3129ec20d34d07721",
    "owningId": "gRCbNpFasz",
    "relatedId": "D0G63uqz9L"
  },
  {
    "objectId": "5df3dcf3129ec20d34d07720",
    "owningId": "kdD8CG4ONC",
    "relatedId": "zUcZYm8PYr"
  },
  {
    "objectId": "5df3dcf3129ec20d34d0771f",
    "owningId": "5lSOOfMXUd",
    "relatedId": "JYpw57PREe"
  },
  {
    "objectId": "5df3dd24129ec20d34d0790b",
    "owningId": "BEvTE1AWGT",
    "relatedId": "fJ237YA2Aj"
  },
  {
    "objectId": "5df3dd24129ec20d34d0790a",
    "owningId": "IiPIptHX2K",
    "relatedId": "UsD7yjNXrO"
  },
  {
    "objectId": "5df3dd24129ec20d34d0790c",
    "owningId": "FI892GUxcD",
    "relatedId": "G6U4FGrHyT"
  },
  {
    "objectId": "5df3dd24129ec20d34d0791d",
    "owningId": "ukIBDHIKjJ",
    "relatedId": "oNe8f80KxE"
  },
  {
    "objectId": "5df3dd24129ec20d34d07919",
    "owningId": "44CLOXQptV",
    "relatedId": "DQPQHIc433"
  },
  {
    "objectId": "5df3dd24129ec20d34d0790f",
    "owningId": "M7WeJGFjvO",
    "relatedId": "ZpgWnQ4Hvq"
  },
  {
    "objectId": "5df3dd24129ec20d34d0791b",
    "owningId": "AO39bTJ2ZB",
    "relatedId": "5mGryGVLXn"
  },
  {
    "objectId": "5df3dd24129ec20d34d07915",
    "owningId": "ccPFpYSXLd",
    "relatedId": "q6OSwvqGkF"
  },
  {
    "objectId": "5df3dd24129ec20d34d0790d",
    "owningId": "EDJphTfStm",
    "relatedId": "UsD7yjNXrO"
  },
  {
    "objectId": "5df3dd24129ec20d34d07910",
    "owningId": "ZW7ay9ZCP6",
    "relatedId": "UsD7yjNXrO"
  },
  {
    "objectId": "5df3dd24129ec20d34d0790e",
    "owningId": "guQhqbu7ei",
    "relatedId": "UsD7yjNXrO"
  },
  {
    "objectId": "5df3dd24129ec20d34d07912",
    "owningId": "VRaTVqOgHk",
    "relatedId": "WM9NYPkcwI"
  },
  {
    "objectId": "5df3dd24129ec20d34d07911",
    "owningId": "GdGo9fMJPz",
    "relatedId": "c2ZiDGzlEL"
  },
  {
    "objectId": "5df3dd24129ec20d34d07913",
    "owningId": "aAazqNI5XD",
    "relatedId": "aRhgszJp8d"
  },
  {
    "objectId": "5df3dd24129ec20d34d07914",
    "owningId": "9RmykD8rqJ",
    "relatedId": "uMOMe67VtO"
  },
  {
    "objectId": "5df3dd24129ec20d34d07918",
    "owningId": "ThNJzYjDti",
    "relatedId": "e5tCJlT1qX"
  },
  {
    "objectId": "5df3dd24129ec20d34d07917",
    "owningId": "CpJ6GcjbFf",
    "relatedId": "WkI1nsAJdQ"
  },
  {
    "objectId": "5df3dd24129ec20d34d0791a",
    "owningId": "jdeCAUpAFX",
    "relatedId": "e5tCJlT1qX"
  },
  {
    "objectId": "5df3dd24129ec20d34d07916",
    "owningId": "J2qugKmGna",
    "relatedId": "e5tCJlT1qX"
  },
  {
    "objectId": "5df3dd24129ec20d34d0791c",
    "owningId": "sOB7y7J2LZ",
    "relatedId": "mDnnNSSWBI"
  },
  {
    "objectId": "5df3dd24129ec20d34d0791e",
    "owningId": "VcHfnVC4JT",
    "relatedId": "dmiyZoe3tD"
  },
  {
    "objectId": "5df3dd24129ec20d34d07920",
    "owningId": "hOYKumWRej",
    "relatedId": "4ep2qngZRZ"
  },
  {
    "objectId": "5df3dd24129ec20d34d0791f",
    "owningId": "mO6kWg27m5",
    "relatedId": "ZFQ9EmVahf"
  },
  {
    "objectId": "5df3dd24129ec20d34d07922",
    "owningId": "nKWB4LksXb",
    "relatedId": "q6OSwvqGkF"
  },
  {
    "objectId": "5df3dd24129ec20d34d07921",
    "owningId": "LsP4GjpFYr",
    "relatedId": "3KAFsHiHm6"
  },
  {
    "objectId": "5df3dd24129ec20d34d07923",
    "owningId": "rxE0YR09d1",
    "relatedId": "mDnnNSSWBI"
  },
  {
    "objectId": "5df3dd24129ec20d34d07924",
    "owningId": "udBL17XpZ0",
    "relatedId": "lqM4sVxBDR"
  },
  {
    "objectId": "5df3dd24129ec20d34d07926",
    "owningId": "3I8CPWFW8n",
    "relatedId": "Ga6f546CkA"
  },
  {
    "objectId": "5df3dd24129ec20d34d07927",
    "owningId": "RMs7TV6F4E",
    "relatedId": "FTMn9j9KZn"
  },
  {
    "objectId": "5df3dd24129ec20d34d07925",
    "owningId": "hpFiidqgjJ",
    "relatedId": "fUuaXEDStI"
  },
  {
    "objectId": "5df3dd24129ec20d34d07929",
    "owningId": "aC355yPLZx",
    "relatedId": "h6zCPwQicl"
  },
  {
    "objectId": "5df3dd24129ec20d34d07928",
    "owningId": "7Ma6vWLamk",
    "relatedId": "D5SbuPKtfa"
  },
  {
    "objectId": "5df3dd24129ec20d34d0792a",
    "owningId": "bcwDoWgN4W",
    "relatedId": "47BOU4SuD4"
  },
  {
    "objectId": "5df3dd24129ec20d34d0792c",
    "owningId": "7AqO4Dwhtx",
    "relatedId": "nuwyVyWGUd"
  },
  {
    "objectId": "5df3dd24129ec20d34d0792b",
    "owningId": "iBfMWvX7UV",
    "relatedId": "l75zLatzCD"
  },
  {
    "objectId": "5df3dd24129ec20d34d0792e",
    "owningId": "5YGJJfX5jG",
    "relatedId": "M5wGFBCXAZ"
  },
  {
    "objectId": "5df3dd24129ec20d34d0792d",
    "owningId": "xVQsdb05sQ",
    "relatedId": "XkZdnjsZS9"
  },
  {
    "objectId": "5df3dd24129ec20d34d07931",
    "owningId": "jBYtkdg81I",
    "relatedId": "XkZdnjsZS9"
  },
  {
    "objectId": "5df3dd24129ec20d34d0792f",
    "owningId": "EFIaC9pfNv",
    "relatedId": "XkZdnjsZS9"
  },
  {
    "objectId": "5df3dd24129ec20d34d07930",
    "owningId": "jq9SjUyZXv",
    "relatedId": "D5SbuPKtfa"
  },
  {
    "objectId": "5df3dd24129ec20d34d07932",
    "owningId": "Q1VcNANkEB",
    "relatedId": "m4DfuyEUry"
  },
  {
    "objectId": "5df3dd24129ec20d34d07933",
    "owningId": "3lqMWTWYNj",
    "relatedId": "m4DfuyEUry"
  },
  {
    "objectId": "5df3dd24129ec20d34d07934",
    "owningId": "4vCmNoXRgw",
    "relatedId": "XkZdnjsZS9"
  },
  {
    "objectId": "5df3dd24129ec20d34d07935",
    "owningId": "MH4d1u1UFc",
    "relatedId": "tEKF42xF3U"
  },
  {
    "objectId": "5df3dd24129ec20d34d07936",
    "owningId": "BcRPB2X2Kj",
    "relatedId": "3AhKIDYjCT"
  },
  {
    "objectId": "5df3dd24129ec20d34d07937",
    "owningId": "ZNCSV1Z65D",
    "relatedId": "lFPJalzPq2"
  },
  {
    "objectId": "5df3dd24129ec20d34d07938",
    "owningId": "QT7ZRB1zCZ",
    "relatedId": "vtLjZmacA8"
  },
  {
    "objectId": "5df3dd24129ec20d34d0793a",
    "owningId": "6Oq420ifoY",
    "relatedId": "xIpEeHFjHy"
  },
  {
    "objectId": "5df3dd24129ec20d34d07939",
    "owningId": "ev8DmMnIlb",
    "relatedId": "Seg4Rcvxw2"
  },
  {
    "objectId": "5df3dd24129ec20d34d0793b",
    "owningId": "GjsvJphqUz",
    "relatedId": "G6U4FGrHyT"
  },
  {
    "objectId": "5df3e9a9129ec20d34d07e21",
    "owningId": "kzkQn1jtND",
    "relatedId": "DMwLWstosP"
  },
  {
    "objectId": "5df3e9a9129ec20d34d07e25",
    "owningId": "FUgb7NeYl8",
    "relatedId": "t48lV4Tx27"
  },
  {
    "objectId": "5df3e9a9129ec20d34d07e1f",
    "owningId": "rAd55y31Tk",
    "relatedId": "8iMHl5QIZb"
  },
  {
    "objectId": "5df3e9a9129ec20d34d07e20",
    "owningId": "u1kwpbPJPA",
    "relatedId": "5ZKmevbH7l"
  },
  {
    "objectId": "5df3e9a9129ec20d34d07e22",
    "owningId": "3dtywptX5F",
    "relatedId": "5ZKmevbH7l"
  },
  {
    "objectId": "5df3e9a9129ec20d34d07e23",
    "owningId": "zAMkPZYQXf",
    "relatedId": "yIDav7gj5a"
  },
  {
    "objectId": "5df3e9a9129ec20d34d07e24",
    "owningId": "KXxAhWYcms",
    "relatedId": "BGcZHFZFY2"
  },
  {
    "objectId": "5df3e9a9129ec20d34d07e28",
    "owningId": "k9aoLmL6df",
    "relatedId": "r0aI0EA25O"
  },
  {
    "objectId": "5df3e9a9129ec20d34d07e26",
    "owningId": "JFC94Dkuke",
    "relatedId": "5ZKmevbH7l"
  },
  {
    "objectId": "5df3e9a9129ec20d34d07e27",
    "owningId": "4ce6iNwMJk",
    "relatedId": "5ZKmevbH7l"
  },
  {
    "objectId": "5df3e9a9129ec20d34d07e2f",
    "owningId": "3p1fbNLGwf",
    "relatedId": "BGcZHFZFY2"
  },
  {
    "objectId": "5df3e9a9129ec20d34d07e29",
    "owningId": "VHNcHrqIkC",
    "relatedId": "KxocRyt7eo"
  },
  {
    "objectId": "5df3e9a9129ec20d34d07e2c",
    "owningId": "C5Ar7rTHAz",
    "relatedId": "BFHuhuVNAI"
  },
  {
    "objectId": "5df3e9a9129ec20d34d07e2d",
    "owningId": "qLgUk6I4jh",
    "relatedId": "kOkqJvezFV"
  },
  {
    "objectId": "5df3e9a9129ec20d34d07e2e",
    "owningId": "a2CEYyEWfF",
    "relatedId": "AANjhB1bPT"
  },
  {
    "objectId": "5df3e9a9129ec20d34d07e2b",
    "owningId": "26ro24HNce",
    "relatedId": "Tg2ABs3sco"
  },
  {
    "objectId": "5df3e9a9129ec20d34d07e2a",
    "owningId": "VkGbeqSDEd",
    "relatedId": "P9XQ0KxkvS"
  },
  {
    "objectId": "5df3e9a9129ec20d34d07e30",
    "owningId": "gCL58ti9rQ",
    "relatedId": "rZoyjN5Eoc"
  },
  {
    "objectId": "5df3e9a9129ec20d34d07e32",
    "owningId": "BWtaxWrsSy",
    "relatedId": "BGcZHFZFY2"
  },
  {
    "objectId": "5df3e9a9129ec20d34d07e31",
    "owningId": "FHPqlIexEv",
    "relatedId": "2GFwsvrHL6"
  },
  {
    "objectId": "5df3e9a9129ec20d34d07e34",
    "owningId": "LS6YVwh4bD",
    "relatedId": "rZoyjN5Eoc"
  },
  {
    "objectId": "5df3e9a9129ec20d34d07e36",
    "owningId": "AfMOqnIIBI",
    "relatedId": "UZN9cHUblo"
  },
  {
    "objectId": "5df3e9a9129ec20d34d07e3a",
    "owningId": "9rhfYf4tGR",
    "relatedId": "BobYKmivC3"
  },
  {
    "objectId": "5df3e9a9129ec20d34d07e35",
    "owningId": "rrAdAIJiSm",
    "relatedId": "HTSKBLxUq4"
  },
  {
    "objectId": "5df3e9a9129ec20d34d07e33",
    "owningId": "YD2KryeEYu",
    "relatedId": "6hYc0wSwEI"
  },
  {
    "objectId": "5df3e9a9129ec20d34d07e37",
    "owningId": "P5lWMFInNN",
    "relatedId": "Neaerczm0T"
  },
  {
    "objectId": "5df3e9a9129ec20d34d07e38",
    "owningId": "WoqNGersBy",
    "relatedId": "7O2h8IfBnB"
  },
  {
    "objectId": "5df3e9a9129ec20d34d07e39",
    "owningId": "uVEZCGWfAm",
    "relatedId": "fqQdXdCHzs"
  },
  {
    "objectId": "5df3e9a9129ec20d34d07e3c",
    "owningId": "1oc8F4xS7t",
    "relatedId": "nAlqt8LgM1"
  },
  {
    "objectId": "5df3e9a9129ec20d34d07e3d",
    "owningId": "G4s2waH7wE",
    "relatedId": "t48lV4Tx27"
  },
  {
    "objectId": "5df3e9a9129ec20d34d07e43",
    "owningId": "tsKWrvOV89",
    "relatedId": "fqQdXdCHzs"
  },
  {
    "objectId": "5df3e9a9129ec20d34d07e3b",
    "owningId": "OzKSDT3MuT",
    "relatedId": "t9VERDgOgj"
  },
  {
    "objectId": "5df3e9a9129ec20d34d07e42",
    "owningId": "9ydEn9uEPr",
    "relatedId": "3CeApAuCII"
  },
  {
    "objectId": "5df3e9a9129ec20d34d07e41",
    "owningId": "1NXrmiChSe",
    "relatedId": "yyeDuukY4A"
  },
  {
    "objectId": "5df3e9a9129ec20d34d07e44",
    "owningId": "LZuFvEayY1",
    "relatedId": "fqQdXdCHzs"
  },
  {
    "objectId": "5df3e9a9129ec20d34d07e40",
    "owningId": "7aWfTTVBst",
    "relatedId": "9SVromrYyh"
  },
  {
    "objectId": "5df3e9a9129ec20d34d07e3e",
    "owningId": "FGL7xipkOO",
    "relatedId": "jgC9lT6Xff"
  },
  {
    "objectId": "5df3e9a9129ec20d34d07e3f",
    "owningId": "gyZon7lc9S",
    "relatedId": "4NgpbeTTAz"
  },
  {
    "objectId": "5df3e9a9129ec20d34d07e45",
    "owningId": "6o86LGdASP",
    "relatedId": "CEyGcnzQpK"
  },
  {
    "objectId": "5df3e9a9129ec20d34d07e46",
    "owningId": "0jnD4Dkq32",
    "relatedId": "3CeApAuCII"
  },
  {
    "objectId": "5df3e9aa129ec20d34d07e47",
    "owningId": "R0McYE66gy",
    "relatedId": "tOY4tiDR6K"
  },
  {
    "objectId": "5df3e9aa129ec20d34d07e48",
    "owningId": "QnjNjWUB9p",
    "relatedId": "lEmwwnRnnD"
  },
  {
    "objectId": "5df3e9aa129ec20d34d07e4a",
    "owningId": "UfuAjFNzgc",
    "relatedId": "Z7FCUAttDc"
  },
  {
    "objectId": "5df3e9aa129ec20d34d07e4d",
    "owningId": "vaOWPFwVEq",
    "relatedId": "8xpEumjqbB"
  },
  {
    "objectId": "5df3e9aa129ec20d34d07e49",
    "owningId": "aHi8DkVdCL",
    "relatedId": "aAVx282OGJ"
  },
  {
    "objectId": "5df3e9aa129ec20d34d07e4e",
    "owningId": "6sE2oKoUzf",
    "relatedId": "wWmtNJCE0R"
  },
  {
    "objectId": "5df3e9aa129ec20d34d07e4b",
    "owningId": "dKlPZIXAYT",
    "relatedId": "fqQdXdCHzs"
  },
  {
    "objectId": "5df3e9aa129ec20d34d07e4c",
    "owningId": "iGdx5UYmNU",
    "relatedId": "WwMu5FXuSq"
  },
  {
    "objectId": "5df3e9aa129ec20d34d07e4f",
    "owningId": "0vkKBoC2mB",
    "relatedId": "Z7FCUAttDc"
  },
  {
    "objectId": "5df3e9aa129ec20d34d07e50",
    "owningId": "9Lu3hWBWxa",
    "relatedId": "Tg2ABs3sco"
  }
]
}