{
"results" : [

  {
    "objectId": "5df351be129ec20d34d05750",
    "owningId": "oobySPtDXb",
    "relatedId": "jOf5fjq30v"
  },
  {
    "objectId": "5df351be129ec20d34d05751",
    "owningId": "FNLwCqqsAv",
    "relatedId": "jOf5fjq30v"
  },
  {
    "objectId": "5df351be129ec20d34d05752",
    "owningId": "bTTw4y6wSG",
    "relatedId": "pCTl08OvvA"
  },
  {
    "objectId": "5df351be129ec20d34d05754",
    "owningId": "2swI31VxYP",
    "relatedId": "Olnf3RD3oq"
  },
  {
    "objectId": "5df351be129ec20d34d05755",
    "owningId": "9kI3YuQZO4",
    "relatedId": "jOf5fjq30v"
  },
  {
    "objectId": "5df351be129ec20d34d05757",
    "owningId": "C2omVWIwm2",
    "relatedId": "Olnf3RD3oq"
  },
  {
    "objectId": "5df351be129ec20d34d05756",
    "owningId": "tSGn97v4ci",
    "relatedId": "WFwAxDrhZZ"
  },
  {
    "objectId": "5df351be129ec20d34d05758",
    "owningId": "W1uFXRvsS8",
    "relatedId": "jOf5fjq30v"
  },
  {
    "objectId": "5df351be129ec20d34d05759",
    "owningId": "NXmRwwRLBY",
    "relatedId": "Olnf3RD3oq"
  },
  {
    "objectId": "5df351be129ec20d34d0575a",
    "owningId": "v7MBmKTxHe",
    "relatedId": "Te0xVjIt1T"
  },
  {
    "objectId": "5df351be129ec20d34d0575b",
    "owningId": "RjQ6N6walV",
    "relatedId": "Fz77YwGPWT"
  },
  {
    "objectId": "5df351be129ec20d34d0575d",
    "owningId": "kmFPsNOFYi",
    "relatedId": "LGmhSwxcT1"
  },
  {
    "objectId": "5df351be129ec20d34d0575c",
    "owningId": "rNK2Q9EvH6",
    "relatedId": "LGmhSwxcT1"
  },
  {
    "objectId": "5df351be129ec20d34d0575e",
    "owningId": "CGjm7f55Nv",
    "relatedId": "pwAVlODmpg"
  },
  {
    "objectId": "5df351be129ec20d34d0575f",
    "owningId": "uFPfswZvE3",
    "relatedId": "IQanTSL1jX"
  },
  {
    "objectId": "5df351be129ec20d34d05761",
    "owningId": "iHzdojvYHt",
    "relatedId": "LGmhSwxcT1"
  },
  {
    "objectId": "5df351be129ec20d34d05760",
    "owningId": "9AZLBwsdOM",
    "relatedId": "h1kzRrdUTn"
  },
  {
    "objectId": "5df351be129ec20d34d05762",
    "owningId": "vnokMKoA9c",
    "relatedId": "IQanTSL1jX"
  },
  {
    "objectId": "5df351be129ec20d34d05765",
    "owningId": "jOSCOZBMiu",
    "relatedId": "FnKlFyi9fQ"
  },
  {
    "objectId": "5df356a5129ec20d34d05863",
    "owningId": "cVarBtsxUV",
    "relatedId": "TgWzcSdtDi"
  },
  {
    "objectId": "5df356a5129ec20d34d05864",
    "owningId": "su38SrJ4TP",
    "relatedId": "TgWzcSdtDi"
  },
  {
    "objectId": "5df356a5129ec20d34d05865",
    "owningId": "8F6t6Hq6xS",
    "relatedId": "TgWzcSdtDi"
  },
  {
    "objectId": "5df356a5129ec20d34d05866",
    "owningId": "Ffwc1ueCb9",
    "relatedId": "TgWzcSdtDi"
  },
  {
    "objectId": "5df356a5129ec20d34d05867",
    "owningId": "G1nR8mxE4n",
    "relatedId": "FoTeG8CR3c"
  },
  {
    "objectId": "5df356a5129ec20d34d05868",
    "owningId": "oTUALcgAB5",
    "relatedId": "DUHxhtkroG"
  },
  {
    "objectId": "5df356a5129ec20d34d05869",
    "owningId": "0OfjI2vmjA",
    "relatedId": "ic6j5Xx401"
  },
  {
    "objectId": "5df356a5129ec20d34d0586b",
    "owningId": "gprDT2gCcw",
    "relatedId": "aYoAGH4zNE"
  },
  {
    "objectId": "5df356a5129ec20d34d0586a",
    "owningId": "eUMPOcsG9I",
    "relatedId": "RhUQZRKtkI"
  },
  {
    "objectId": "5df356a5129ec20d34d0586c",
    "owningId": "4V5uBl7t0n",
    "relatedId": "lLzeTX6YWA"
  },
  {
    "objectId": "5df356a5129ec20d34d0586d",
    "owningId": "mFYfv6p6j4",
    "relatedId": "yYsIiuSYcJ"
  },
  {
    "objectId": "5df356a5129ec20d34d0586e",
    "owningId": "vwUJwS0Suo",
    "relatedId": "RhUQZRKtkI"
  },
  {
    "objectId": "5df356a5129ec20d34d0586f",
    "owningId": "A8FktSRCcV",
    "relatedId": "idSCK6aTfP"
  },
  {
    "objectId": "5df356a5129ec20d34d05871",
    "owningId": "Et0LgWOivv",
    "relatedId": "AyEDfTYjEg"
  },
  {
    "objectId": "5df356a5129ec20d34d05870",
    "owningId": "jdiwMAaLpf",
    "relatedId": "idSCK6aTfP"
  },
  {
    "objectId": "5df356a5129ec20d34d05872",
    "owningId": "XS5sAomos0",
    "relatedId": "C4m1KuseOD"
  },
  {
    "objectId": "5df356a6129ec20d34d05873",
    "owningId": "IvIs4JJzce",
    "relatedId": "aYoAGH4zNE"
  },
  {
    "objectId": "5df356a6129ec20d34d05874",
    "owningId": "jk10iAkfRJ",
    "relatedId": "aYoAGH4zNE"
  },
  {
    "objectId": "5df356a6129ec20d34d0587b",
    "owningId": "MQA6ZywGt9",
    "relatedId": "3wPr6RaPHA"
  },
  {
    "objectId": "5df35715129ec20d34d05ae1",
    "owningId": "87IRMV0rBw",
    "relatedId": "Kt23dPKzgB"
  },
  {
    "objectId": "5df35715129ec20d34d05ae2",
    "owningId": "NQWe51EV0n",
    "relatedId": "Kt23dPKzgB"
  },
  {
    "objectId": "5df35715129ec20d34d05ae3",
    "owningId": "c9jVHmPaRF",
    "relatedId": "Kt23dPKzgB"
  },
  {
    "objectId": "5df35715129ec20d34d05ae4",
    "owningId": "Z4AyhNoZ6I",
    "relatedId": "vgc65rhXn2"
  },
  {
    "objectId": "5df35715129ec20d34d05ae5",
    "owningId": "D6QAUNgyO2",
    "relatedId": "vgc65rhXn2"
  },
  {
    "objectId": "5df35715129ec20d34d05ae6",
    "owningId": "lTamShKSOX",
    "relatedId": "Kt23dPKzgB"
  },
  {
    "objectId": "5df35715129ec20d34d05ae7",
    "owningId": "5fm6mw4qAu",
    "relatedId": "pRj3wlW7T4"
  },
  {
    "objectId": "5df35715129ec20d34d05ae8",
    "owningId": "Vj6u8JvkcS",
    "relatedId": "m0oejXInUH"
  },
  {
    "objectId": "5df35715129ec20d34d05ae9",
    "owningId": "8bdPvHBUIi",
    "relatedId": "OsTGC1YPjX"
  },
  {
    "objectId": "5df35715129ec20d34d05aea",
    "owningId": "KgCLh3WDGY",
    "relatedId": "dO71CUSfVm"
  },
  {
    "objectId": "5df35715129ec20d34d05aeb",
    "owningId": "AAUkkyolkl",
    "relatedId": "pRj3wlW7T4"
  },
  {
    "objectId": "5df35715129ec20d34d05aec",
    "owningId": "zmMPD1vUBg",
    "relatedId": "b3qnl9t1Pb"
  },
  {
    "objectId": "5df35715129ec20d34d05aed",
    "owningId": "KB9PbkInCO",
    "relatedId": "JjD5foHHmp"
  },
  {
    "objectId": "5df35716129ec20d34d05aee",
    "owningId": "rVtvolwxRB",
    "relatedId": "1f8QIXDCIZ"
  },
  {
    "objectId": "5df35716129ec20d34d05aef",
    "owningId": "WdHgnrgcPX",
    "relatedId": "NqCPOCwr8O"
  },
  {
    "objectId": "5df35716129ec20d34d05af1",
    "owningId": "dBKGRbBfOQ",
    "relatedId": "NqCPOCwr8O"
  },
  {
    "objectId": "5df35716129ec20d34d05af0",
    "owningId": "w8s9RuWfEz",
    "relatedId": "m0oejXInUH"
  },
  {
    "objectId": "5df35716129ec20d34d05af2",
    "owningId": "YU0TBPA1ka",
    "relatedId": "rv1SEnG2UQ"
  },
  {
    "objectId": "5df35716129ec20d34d05af3",
    "owningId": "PCBNbo5fvN",
    "relatedId": "hsiABVDCgJ"
  },
  {
    "objectId": "5df3576d129ec20d34d05d59",
    "owningId": "KykmdfUaDw",
    "relatedId": "OO0hWLG41b"
  },
  {
    "objectId": "5df3576d129ec20d34d05d5a",
    "owningId": "qoFOsVvhYR",
    "relatedId": "T0urzgfVVI"
  },
  {
    "objectId": "5df3576d129ec20d34d05d5b",
    "owningId": "cGu9gTXwyQ",
    "relatedId": "T0urzgfVVI"
  },
  {
    "objectId": "5df3576d129ec20d34d05d5c",
    "owningId": "RKfPlU1bf9",
    "relatedId": "OO0hWLG41b"
  },
  {
    "objectId": "5df3576d129ec20d34d05d5d",
    "owningId": "ONaXK9SDVi",
    "relatedId": "OO0hWLG41b"
  },
  {
    "objectId": "5df3576d129ec20d34d05d5e",
    "owningId": "InAOEeSpMM",
    "relatedId": "jzhut89twi"
  },
  {
    "objectId": "5df3576d129ec20d34d05d5f",
    "owningId": "plERcQ9AR2",
    "relatedId": "OO0hWLG41b"
  },
  {
    "objectId": "5df3576d129ec20d34d05d60",
    "owningId": "HRaJIkmj0d",
    "relatedId": "T0urzgfVVI"
  },
  {
    "objectId": "5df3576d129ec20d34d05d61",
    "owningId": "3NVANMfvRr",
    "relatedId": "T0urzgfVVI"
  },
  {
    "objectId": "5df3576d129ec20d34d05d62",
    "owningId": "PMRw6EX5MY",
    "relatedId": "fcakHYyXdA"
  },
  {
    "objectId": "5df3576d129ec20d34d05d63",
    "owningId": "WetMuaAvXb",
    "relatedId": "jzhut89twi"
  },
  {
    "objectId": "5df3576d129ec20d34d05d64",
    "owningId": "UiCoCWoWrZ",
    "relatedId": "DCCUkwr6tp"
  },
  {
    "objectId": "5df3576d129ec20d34d05d65",
    "owningId": "s1VZCi3zmO",
    "relatedId": "jzhut89twi"
  },
  {
    "objectId": "5df3576d129ec20d34d05d66",
    "owningId": "KKnSID1wId",
    "relatedId": "sG6CZohDCL"
  },
  {
    "objectId": "5df3576d129ec20d34d05d67",
    "owningId": "qJf2y203u8",
    "relatedId": "Aigvqz40mW"
  },
  {
    "objectId": "5df3576d129ec20d34d05d68",
    "owningId": "bCWYHETs3p",
    "relatedId": "0Ce8ptxG8n"
  },
  {
    "objectId": "5df3576d129ec20d34d05d6a",
    "owningId": "NPjC0uWn1Z",
    "relatedId": "UD1FavcT7t"
  },
  {
    "objectId": "5df3576d129ec20d34d05d69",
    "owningId": "y2yy4X3DCA",
    "relatedId": "zisGlL6wM7"
  },
  {
    "objectId": "5df3576d129ec20d34d05d6b",
    "owningId": "smQ7P9OzrF",
    "relatedId": "nxlwmGleFJ"
  },
  {
    "objectId": "5df35ab8129ec20d34d0603d",
    "owningId": "y34wLLEGfd",
    "relatedId": "uKiKKU462N"
  },
  {
    "objectId": "5df35ab8129ec20d34d0603c",
    "owningId": "jV9HPK0m6M",
    "relatedId": "MoCH7G7ZF1"
  },
  {
    "objectId": "5df35ab8129ec20d34d0603e",
    "owningId": "gGmjgaBpLn",
    "relatedId": "MoCH7G7ZF1"
  },
  {
    "objectId": "5df35ab8129ec20d34d0603f",
    "owningId": "xRItPo5AJD",
    "relatedId": "MoCH7G7ZF1"
  },
  {
    "objectId": "5df35ab8129ec20d34d06040",
    "owningId": "DPkEBRZspH",
    "relatedId": "MoCH7G7ZF1"
  },
  {
    "objectId": "5df35ab8129ec20d34d06041",
    "owningId": "797NL49Bks",
    "relatedId": "uKiKKU462N"
  },
  {
    "objectId": "5df35ab8129ec20d34d06042",
    "owningId": "BqZBFaUu8H",
    "relatedId": "uKiKKU462N"
  },
  {
    "objectId": "5df35ab8129ec20d34d06043",
    "owningId": "d7iMumBxrg",
    "relatedId": "uKiKKU462N"
  },
  {
    "objectId": "5df35ab8129ec20d34d06044",
    "owningId": "kt0sas1hZ5",
    "relatedId": "h9dc8tNoB2"
  },
  {
    "objectId": "5df35ab8129ec20d34d06045",
    "owningId": "vefmHocMPd",
    "relatedId": "GF6GB73IXy"
  },
  {
    "objectId": "5df35ab8129ec20d34d06046",
    "owningId": "fkcep5TDOj",
    "relatedId": "VOnOwZAO3z"
  },
  {
    "objectId": "5df35ab8129ec20d34d06047",
    "owningId": "D8srVEtnyD",
    "relatedId": "HVF9CVeT7q"
  },
  {
    "objectId": "5df35ab8129ec20d34d06048",
    "owningId": "KqJGsQGyN6",
    "relatedId": "VOnOwZAO3z"
  },
  {
    "objectId": "5df35ab8129ec20d34d06049",
    "owningId": "ZJtLdF3ZIh",
    "relatedId": "r9LEiwunAA"
  },
  {
    "objectId": "5df35ab8129ec20d34d0604b",
    "owningId": "PoAmyFebDc",
    "relatedId": "bxSZy7aH4N"
  },
  {
    "objectId": "5df35ab8129ec20d34d0604a",
    "owningId": "4fSuf7UoO1",
    "relatedId": "wic9Sonrir"
  },
  {
    "objectId": "5df35ab8129ec20d34d0604c",
    "owningId": "fVMsCEcDXF",
    "relatedId": "ZgB2BAEcHO"
  },
  {
    "objectId": "5df35ab9129ec20d34d0604d",
    "owningId": "StR5TT9ArE",
    "relatedId": "r9LEiwunAA"
  },
  {
    "objectId": "5df35ab9129ec20d34d0604e",
    "owningId": "1oDJvinYM5",
    "relatedId": "r9LEiwunAA"
  },
  {
    "objectId": "5df3d2c3129ec20d34d06b6e",
    "owningId": "xXip8I9I8f",
    "relatedId": "4TBF2ZxDtr"
  },
  {
    "objectId": "5df3d2c3129ec20d34d06b72",
    "owningId": "CU0V8sM5M6",
    "relatedId": "YqWruBF8EQ"
  },
  {
    "objectId": "5df3d2c3129ec20d34d06b6f",
    "owningId": "fD5ATmqPtw",
    "relatedId": "r1ruVJsiQr"
  },
  {
    "objectId": "5df3d2c3129ec20d34d06b75",
    "owningId": "MKgpo6eed2",
    "relatedId": "4TBF2ZxDtr"
  },
  {
    "objectId": "5df3d2c3129ec20d34d06b74",
    "owningId": "DcOw87X273",
    "relatedId": "4TBF2ZxDtr"
  },
  {
    "objectId": "5df3d2c3129ec20d34d06b70",
    "owningId": "qOrU4ZVB1F",
    "relatedId": "8fUII8BFxj"
  },
  {
    "objectId": "5df3d2c3129ec20d34d06b71",
    "owningId": "0F1pcAoy1X",
    "relatedId": "YqWruBF8EQ"
  },
  {
    "objectId": "5df3d2c3129ec20d34d06b77",
    "owningId": "F8Uj7o7KzH",
    "relatedId": "5cgUD3vg1C"
  },
  {
    "objectId": "5df3d2c3129ec20d34d06b73",
    "owningId": "lnS1DniGJL",
    "relatedId": "4TBF2ZxDtr"
  },
  {
    "objectId": "5df3d2c3129ec20d34d06b76",
    "owningId": "fvJfMMFm6B",
    "relatedId": "TE35cunc18"
  },
  {
    "objectId": "5df3d2c3129ec20d34d06b7b",
    "owningId": "fTMD02vZrx",
    "relatedId": "HMEBW5bEWL"
  },
  {
    "objectId": "5df3d2c3129ec20d34d06b7e",
    "owningId": "NkaQjeHNxs",
    "relatedId": "HMEBW5bEWL"
  },
  {
    "objectId": "5df3d2c3129ec20d34d06b79",
    "owningId": "P9YaeJHuCn",
    "relatedId": "l8PFsW0PYu"
  },
  {
    "objectId": "5df3d2c3129ec20d34d06b78",
    "owningId": "igofBQLjY5",
    "relatedId": "JXHZJFUeEj"
  },
  {
    "objectId": "5df3d2c3129ec20d34d06b7d",
    "owningId": "8owokAvDDo",
    "relatedId": "fr7F9Ghp0j"
  },
  {
    "objectId": "5df3d2c3129ec20d34d06b7c",
    "owningId": "MuOwOBlGcX",
    "relatedId": "AFdFsq5PfH"
  },
  {
    "objectId": "5df3d2c3129ec20d34d06b7a",
    "owningId": "nc6XFpud2n",
    "relatedId": "Mn6FdStLy5"
  },
  {
    "objectId": "5df3d2c3129ec20d34d06b7f",
    "owningId": "6bm9Ej9jQD",
    "relatedId": "rEcdfmGV3h"
  },
  {
    "objectId": "5df3d2c3129ec20d34d06b80",
    "owningId": "OIXQdIq29F",
    "relatedId": "ZWO04tDGY6"
  },
  {
    "objectId": "5df3d324129ec20d34d06e72",
    "owningId": "6rmncF4N2Y",
    "relatedId": "hhEhBMzwOC"
  },
  {
    "objectId": "5df3d324129ec20d34d06e70",
    "owningId": "OC8XoKqz0H",
    "relatedId": "BVYxa73x4H"
  },
  {
    "objectId": "5df3d324129ec20d34d06e6f",
    "owningId": "C9zrzdAiRV",
    "relatedId": "hhEhBMzwOC"
  },
  {
    "objectId": "5df3d324129ec20d34d06e73",
    "owningId": "vxrnG92jxq",
    "relatedId": "PrINa5LgwP"
  },
  {
    "objectId": "5df3d324129ec20d34d06e71",
    "owningId": "dZoZ74BflG",
    "relatedId": "viyBfow2RC"
  },
  {
    "objectId": "5df3d324129ec20d34d06e76",
    "owningId": "nAmnHjD6ry",
    "relatedId": "KJ87fgDoEo"
  },
  {
    "objectId": "5df3d324129ec20d34d06e75",
    "owningId": "Beok3OpuxK",
    "relatedId": "QlT66sseta"
  },
  {
    "objectId": "5df3d324129ec20d34d06e74",
    "owningId": "M5IHakaShm",
    "relatedId": "EYtINzkzU1"
  },
  {
    "objectId": "5df3d324129ec20d34d06e78",
    "owningId": "N6elqODNhZ",
    "relatedId": "HE04W2Np3T"
  },
  {
    "objectId": "5df3d324129ec20d34d06e7b",
    "owningId": "0baG14F008",
    "relatedId": "hhEhBMzwOC"
  },
  {
    "objectId": "5df3d324129ec20d34d06e79",
    "owningId": "G270JuHmgi",
    "relatedId": "dJWIwevbcO"
  },
  {
    "objectId": "5df3d324129ec20d34d06e7a",
    "owningId": "lCPcrKaHom",
    "relatedId": "KJ87fgDoEo"
  },
  {
    "objectId": "5df3d324129ec20d34d06e77",
    "owningId": "CgdDDD3ygA",
    "relatedId": "QlT66sseta"
  },
  {
    "objectId": "5df3d324129ec20d34d06e7d",
    "owningId": "GlMvAOlPE1",
    "relatedId": "viyBfow2RC"
  },
  {
    "objectId": "5df3d324129ec20d34d06e7c",
    "owningId": "CKRVuiaury",
    "relatedId": "KJ87fgDoEo"
  },
  {
    "objectId": "5df3d324129ec20d34d06e7f",
    "owningId": "eWQDINtWV8",
    "relatedId": "gQu8beWYDZ"
  },
  {
    "objectId": "5df3d324129ec20d34d06e80",
    "owningId": "OgXUBDKZ3z",
    "relatedId": "hhEhBMzwOC"
  },
  {
    "objectId": "5df3d324129ec20d34d06e7e",
    "owningId": "xC0m5cLP1Y",
    "relatedId": "nYvifFiLEh"
  },
  {
    "objectId": "5df3d324129ec20d34d06e81",
    "owningId": "jbiCElLNpp",
    "relatedId": "IprdwYbqHL"
  },
  {
    "objectId": "5df3d662129ec20d34d070b0",
    "owningId": "hZNjnoUS2t",
    "relatedId": "IMzCEGzmi8"
  },
  {
    "objectId": "5df3d662129ec20d34d070ae",
    "owningId": "d9cP4JgtDq",
    "relatedId": "9tKbLXy2mP"
  },
  {
    "objectId": "5df3d662129ec20d34d070ac",
    "owningId": "2hH2OWid8n",
    "relatedId": "OZRamqTGzt"
  },
  {
    "objectId": "5df3d662129ec20d34d070ad",
    "owningId": "HDFaqXwxYf",
    "relatedId": "9tKbLXy2mP"
  },
  {
    "objectId": "5df3d662129ec20d34d070b1",
    "owningId": "mjQ8nZLGJF",
    "relatedId": "jNyFO8HSVl"
  },
  {
    "objectId": "5df3d662129ec20d34d070b2",
    "owningId": "CFBEGk1E4D",
    "relatedId": "UAAJqgOQpJ"
  },
  {
    "objectId": "5df3d662129ec20d34d070af",
    "owningId": "jsUBjLwTyw",
    "relatedId": "c0zNjNhD2u"
  },
  {
    "objectId": "5df3d662129ec20d34d070b4",
    "owningId": "2ESBBIPYWY",
    "relatedId": "9tKbLXy2mP"
  },
  {
    "objectId": "5df3d662129ec20d34d070b5",
    "owningId": "y1uEtWkzxW",
    "relatedId": "0OzRoR8ygh"
  },
  {
    "objectId": "5df3d662129ec20d34d070b3",
    "owningId": "uYHOB4iBJr",
    "relatedId": "QFvUBUy18P"
  },
  {
    "objectId": "5df3d662129ec20d34d070b7",
    "owningId": "3fypo0Odjq",
    "relatedId": "vsZc2UF87e"
  },
  {
    "objectId": "5df3d662129ec20d34d070b8",
    "owningId": "hSiRGOmGHH",
    "relatedId": "0OzRoR8ygh"
  },
  {
    "objectId": "5df3d662129ec20d34d070b6",
    "owningId": "BaFhug2ywu",
    "relatedId": "qGyi7rk2U0"
  },
  {
    "objectId": "5df3d662129ec20d34d070b9",
    "owningId": "puCe7ZmgmX",
    "relatedId": "9tKbLXy2mP"
  },
  {
    "objectId": "5df3d662129ec20d34d070ba",
    "owningId": "pRA7AnrIFo",
    "relatedId": "vremFESUoZ"
  },
  {
    "objectId": "5df3d662129ec20d34d070bb",
    "owningId": "pM6DqXTfBk",
    "relatedId": "WAEE2O0Cd6"
  },
  {
    "objectId": "5df3d662129ec20d34d070bc",
    "owningId": "39RwIB22Vd",
    "relatedId": "OZRamqTGzt"
  },
  {
    "objectId": "5df3d662129ec20d34d070bd",
    "owningId": "U7qWSbExvL",
    "relatedId": "JzsHm9BDdB"
  },
  {
    "objectId": "5df3d662129ec20d34d070be",
    "owningId": "FomKlTCVV9",
    "relatedId": "vremFESUoZ"
  },
  {
    "objectId": "5df3d70f129ec20d34d073f9",
    "owningId": "3gOM4DvPBC",
    "relatedId": "D9XJQ98q3A"
  },
  {
    "objectId": "5df3d70f129ec20d34d073fb",
    "owningId": "PrWe3baBrN",
    "relatedId": "TBYyRT33sP"
  },
  {
    "objectId": "5df3d70f129ec20d34d073fd",
    "owningId": "AAPmrsS98i",
    "relatedId": "3q5NdVJP0Q"
  },
  {
    "objectId": "5df3d70f129ec20d34d073fa",
    "owningId": "Cikmu0eFZY",
    "relatedId": "TBYyRT33sP"
  },
  {
    "objectId": "5df3d70f129ec20d34d073fc",
    "owningId": "BQztvQbeK5",
    "relatedId": "llOW2JLceg"
  },
  {
    "objectId": "5df3d70f129ec20d34d073ff",
    "owningId": "dmSEZalSGu",
    "relatedId": "TBYyRT33sP"
  },
  {
    "objectId": "5df3d70f129ec20d34d07401",
    "owningId": "TbefNPyAzL",
    "relatedId": "ZFsGWhfEgg"
  },
  {
    "objectId": "5df3d70f129ec20d34d073fe",
    "owningId": "QEnUADeZLA",
    "relatedId": "UDIfmgoZR1"
  },
  {
    "objectId": "5df3d70f129ec20d34d07400",
    "owningId": "hTzQMZIUkX",
    "relatedId": "pTe7WnbVZl"
  },
  {
    "objectId": "5df3d710129ec20d34d07403",
    "owningId": "5FACKwpIq9",
    "relatedId": "88hKV8I6Sy"
  },
  {
    "objectId": "5df3d710129ec20d34d07405",
    "owningId": "FderCRI4Su",
    "relatedId": "5k89Z0PmHr"
  },
  {
    "objectId": "5df3d70f129ec20d34d07402",
    "owningId": "m0GOUfqcbl",
    "relatedId": "UDIfmgoZR1"
  },
  {
    "objectId": "5df3d710129ec20d34d07404",
    "owningId": "U9di7l3Mfd",
    "relatedId": "UDIfmgoZR1"
  },
  {
    "objectId": "5df3d710129ec20d34d07406",
    "owningId": "fpxpSgIer8",
    "relatedId": "pTe7WnbVZl"
  },
  {
    "objectId": "5df3d710129ec20d34d07408",
    "owningId": "5h00NUYa1O",
    "relatedId": "OqVEoMtuCL"
  },
  {
    "objectId": "5df3d710129ec20d34d07409",
    "owningId": "PrWbOzYEBB",
    "relatedId": "kMEpa173Qy"
  },
  {
    "objectId": "5df3d710129ec20d34d07407",
    "owningId": "M84NzTFM75",
    "relatedId": "88hKV8I6Sy"
  },
  {
    "objectId": "5df3d710129ec20d34d0740b",
    "owningId": "KPmxMokqc5",
    "relatedId": "TBYyRT33sP"
  },
  {
    "objectId": "5df3d710129ec20d34d0740a",
    "owningId": "VYEybVFeAu",
    "relatedId": "O9cHYb9qH7"
  },
  {
    "objectId": "5df3dcf5129ec20d34d07758",
    "owningId": "TEBpfiiEes",
    "relatedId": "Ii4sWVeDdk"
  },
  {
    "objectId": "5df3dcf5129ec20d34d0775b",
    "owningId": "BW32pyuK0Y",
    "relatedId": "BCe6MaCcUT"
  },
  {
    "objectId": "5df3dcf5129ec20d34d0775d",
    "owningId": "QCPBYBAEnX",
    "relatedId": "BCe6MaCcUT"
  },
  {
    "objectId": "5df3dcf5129ec20d34d07760",
    "owningId": "1s6UORCRZ2",
    "relatedId": "bwGWtChPEZ"
  },
  {
    "objectId": "5df3dcf5129ec20d34d07759",
    "owningId": "Bu6J6eejXb",
    "relatedId": "BCe6MaCcUT"
  },
  {
    "objectId": "5df3dcf5129ec20d34d0775c",
    "owningId": "dVCu2HY6bG",
    "relatedId": "bwGWtChPEZ"
  },
  {
    "objectId": "5df3dcf5129ec20d34d0775a",
    "owningId": "g4rCvjNydt",
    "relatedId": "BCe6MaCcUT"
  },
  {
    "objectId": "5df3dcf5129ec20d34d0775e",
    "owningId": "D6YbDKkncb",
    "relatedId": "9aGMVJ2QZo"
  },
  {
    "objectId": "5df3dcf5129ec20d34d0775f",
    "owningId": "GfvC2y7U7A",
    "relatedId": "TuZeCeC8Y2"
  },
  {
    "objectId": "5df3dcf5129ec20d34d07762",
    "owningId": "TdKcYA1YtG",
    "relatedId": "3QQSgAVPGG"
  },
  {
    "objectId": "5df3dcf5129ec20d34d07761",
    "owningId": "AmUyfjyd87",
    "relatedId": "Ii4sWVeDdk"
  },
  {
    "objectId": "5df3dcf5129ec20d34d07763",
    "owningId": "zEODxO9b1Z",
    "relatedId": "uOPNMaLti9"
  },
  {
    "objectId": "5df3dcf5129ec20d34d07766",
    "owningId": "sD7nwAMpJ2",
    "relatedId": "bwGWtChPEZ"
  },
  {
    "objectId": "5df3dcf5129ec20d34d07765",
    "owningId": "4CjVIxQjVK",
    "relatedId": "m0cTyvrbLv"
  },
  {
    "objectId": "5df3dcf5129ec20d34d07768",
    "owningId": "afQq6EU4Sp",
    "relatedId": "b3EB0ONiEc"
  },
  {
    "objectId": "5df3dcf5129ec20d34d07767",
    "owningId": "rKLMXH26CP",
    "relatedId": "S0lTeX0jDJ"
  },
  {
    "objectId": "5df3dcf5129ec20d34d07769",
    "owningId": "kdD8CG4ONC",
    "relatedId": "Ry3nNyG15L"
  },
  {
    "objectId": "5df3dcf5129ec20d34d07764",
    "owningId": "RVYsEAvzgH",
    "relatedId": "bwGWtChPEZ"
  },
  {
    "objectId": "5df3dcf5129ec20d34d0776a",
    "owningId": "52vZ9fbPcN",
    "relatedId": "stuChFqpHc"
  },
  {
    "objectId": "5df3dd27129ec20d34d07974",
    "owningId": "WhCxG3DexW",
    "relatedId": "cFq0mVDqqX"
  },
  {
    "objectId": "5df3dd27129ec20d34d07977",
    "owningId": "fPYCvyJR4S",
    "relatedId": "xbFQQ5sfzo"
  },
  {
    "objectId": "5df3dd27129ec20d34d07972",
    "owningId": "oF4FZbX2IB",
    "relatedId": "6ZvrvSRqQk"
  },
  {
    "objectId": "5df3dd27129ec20d34d07976",
    "owningId": "UY95ZUgBeY",
    "relatedId": "mg8BvrgwCW"
  },
  {
    "objectId": "5df3dd27129ec20d34d07973",
    "owningId": "NEMwKUVzvK",
    "relatedId": "LMjIjBG1ky"
  },
  {
    "objectId": "5df3dd27129ec20d34d07975",
    "owningId": "NWoVk6mXPv",
    "relatedId": "cFq0mVDqqX"
  },
  {
    "objectId": "5df3dd27129ec20d34d07978",
    "owningId": "ztlCuOWqIZ",
    "relatedId": "LMjIjBG1ky"
  },
  {
    "objectId": "5df3dd27129ec20d34d07982",
    "owningId": "9mc1WSNP10",
    "relatedId": "p95YJhHmSF"
  },
  {
    "objectId": "5df3dd27129ec20d34d07983",
    "owningId": "5YGJJfX5jG",
    "relatedId": "xEyEwEPhkU"
  },
  {
    "objectId": "5df3dd27129ec20d34d0797a",
    "owningId": "aAazqNI5XD",
    "relatedId": "mg8BvrgwCW"
  },
  {
    "objectId": "5df3dd27129ec20d34d0797d",
    "owningId": "TpIu8ynQs8",
    "relatedId": "cFq0mVDqqX"
  },
  {
    "objectId": "5df3dd27129ec20d34d0797b",
    "owningId": "pjBeL19vGC",
    "relatedId": "9VzRb6JUCE"
  },
  {
    "objectId": "5df3dd27129ec20d34d0797c",
    "owningId": "ZNCSV1Z65D",
    "relatedId": "CDdVoEmKMA"
  },
  {
    "objectId": "5df3dd27129ec20d34d07979",
    "owningId": "uHwNvFwpwS",
    "relatedId": "cFq0mVDqqX"
  },
  {
    "objectId": "5df3dd27129ec20d34d0797f",
    "owningId": "mgEiQKF5s3",
    "relatedId": "mg8BvrgwCW"
  },
  {
    "objectId": "5df3dd27129ec20d34d07981",
    "owningId": "E2WbQPd1Lz",
    "relatedId": "o2DsmbFsBA"
  },
  {
    "objectId": "5df3dd27129ec20d34d0797e",
    "owningId": "FI892GUxcD",
    "relatedId": "mg8BvrgwCW"
  },
  {
    "objectId": "5df3dd27129ec20d34d07984",
    "owningId": "EEDCDk4CH3",
    "relatedId": "9VzRb6JUCE"
  },
  {
    "objectId": "5df3dd27129ec20d34d07980",
    "owningId": "sOB7y7J2LZ",
    "relatedId": "2wX5xTT3os"
  },
  {
    "objectId": "5df3e9ab129ec20d34d07e8d",
    "owningId": "nxpAPnATEb",
    "relatedId": "udnaqe2L4V"
  },
  {
    "objectId": "5df3e9ab129ec20d34d07e90",
    "owningId": "LPEUlwy4RJ",
    "relatedId": "ERk3O2ELin"
  },
  {
    "objectId": "5df3e9ab129ec20d34d07e8a",
    "owningId": "nxpAPnATEb",
    "relatedId": "hoJsNB1dYq"
  },
  {
    "objectId": "5df3e9ab129ec20d34d07e8e",
    "owningId": "wdewqb9hu5",
    "relatedId": "Dp5YCEIXR3"
  },
  {
    "objectId": "5df3e9ab129ec20d34d07e89",
    "owningId": "nxpAPnATEb",
    "relatedId": "PcHTkdaQZM"
  },
  {
    "objectId": "5df3e9ab129ec20d34d07e8c",
    "owningId": "nxpAPnATEb",
    "relatedId": "mYHlk0khPd"
  },
  {
    "objectId": "5df3e9ab129ec20d34d07e93",
    "owningId": "OPaE40IScs",
    "relatedId": "ZwoZE4IXAr"
  },
  {
    "objectId": "5df3e9ab129ec20d34d07e8f",
    "owningId": "LPEUlwy4RJ",
    "relatedId": "GyKsQsPAiW"
  },
  {
    "objectId": "5df3e9ab129ec20d34d07e8b",
    "owningId": "nxpAPnATEb",
    "relatedId": "isut9lrQGD"
  },
  {
    "objectId": "5df3e9ab129ec20d34d07e91",
    "owningId": "26ro24HNce",
    "relatedId": "GyKsQsPAiW"
  },
  {
    "objectId": "5df3e9ab129ec20d34d07e92",
    "owningId": "26ro24HNce",
    "relatedId": "ZwoZE4IXAr"
  },
  {
    "objectId": "5df3e9ab129ec20d34d07e94",
    "owningId": "FUgb7NeYl8",
    "relatedId": "nY2fTXX1F1"
  },
  {
    "objectId": "5df3e9ab129ec20d34d07e95",
    "owningId": "MVX5XcZg1T",
    "relatedId": "ERk3O2ELin"
  },
  {
    "objectId": "5df3e9ab129ec20d34d07e99",
    "owningId": "KpigKjIB6J",
    "relatedId": "nYhnGcgBDc"
  },
  {
    "objectId": "5df3e9ab129ec20d34d07e96",
    "owningId": "0teUVBC5WU",
    "relatedId": "RTHryjQp6d"
  },
  {
    "objectId": "5df3e9ab129ec20d34d07e98",
    "owningId": "C5Ar7rTHAz",
    "relatedId": "ZwoZE4IXAr"
  },
  {
    "objectId": "5df3e9ab129ec20d34d07e97",
    "owningId": "Pzb5344m9Q",
    "relatedId": "nYhnGcgBDc"
  },
  {
    "objectId": "5df3e9ab129ec20d34d07e9c",
    "owningId": "uFjDJRxIRO",
    "relatedId": "GyKsQsPAiW"
  },
  {
    "objectId": "5df3e9ab129ec20d34d07e9b",
    "owningId": "KpigKjIB6J",
    "relatedId": "mYHlk0khPd"
  },
  {
    "objectId": "5df3e9ab129ec20d34d07e9a",
    "owningId": "KpigKjIB6J",
    "relatedId": "hoJsNB1dYq"
  },
  {
    "objectId": "5df3e9ab129ec20d34d07ea6",
    "owningId": "laadAzRTGc",
    "relatedId": "zcFdsEk27W"
  },
  {
    "objectId": "5df3e9ab129ec20d34d07ea2",
    "owningId": "oL9jCiMoLI",
    "relatedId": "bHPFB3mOuL"
  },
  {
    "objectId": "5df3e9ab129ec20d34d07e9e",
    "owningId": "soYe1MeBeb",
    "relatedId": "zfyE9VfkZj"
  },
  {
    "objectId": "5df3e9ab129ec20d34d07ea1",
    "owningId": "ASUKSjTyGL",
    "relatedId": "ERk3O2ELin"
  },
  {
    "objectId": "5df3e9ab129ec20d34d07e9f",
    "owningId": "WoqNGersBy",
    "relatedId": "PcHTkdaQZM"
  },
  {
    "objectId": "5df3e9ab129ec20d34d07ea0",
    "owningId": "LeJqCLjGzL",
    "relatedId": "ERk3O2ELin"
  },
  {
    "objectId": "5df3e9ab129ec20d34d07e9d",
    "owningId": "uFjDJRxIRO",
    "relatedId": "ZwoZE4IXAr"
  },
  {
    "objectId": "5df3e9ab129ec20d34d07ea4",
    "owningId": "oL9jCiMoLI",
    "relatedId": "isut9lrQGD"
  },
  {
    "objectId": "5df3e9ab129ec20d34d07ea3",
    "owningId": "oL9jCiMoLI",
    "relatedId": "nYhnGcgBDc"
  },
  {
    "objectId": "5df3e9ab129ec20d34d07ea5",
    "owningId": "vaOWPFwVEq",
    "relatedId": "udnaqe2L4V"
  }
]
}