{
"results" : [

  {
    "objectId": "5df35abd129ec20d34d0621f",
    "owningId": "1ZKNH6fqwX",
    "relatedId": "GJxBPYrMSj"
  },
  {
    "objectId": "5df35abd129ec20d34d06220",
    "owningId": "BPDpGD2z6m",
    "relatedId": "GJxBPYrMSj"
  },
  {
    "objectId": "5df35abd129ec20d34d06222",
    "owningId": "K64vvb7qnM",
    "relatedId": "GJxBPYrMSj"
  },
  {
    "objectId": "5df35abd129ec20d34d06221",
    "owningId": "0dkQlK27Ri",
    "relatedId": "GJxBPYrMSj"
  },
  {
    "objectId": "5df35abd129ec20d34d06223",
    "owningId": "uCmMnTz4Ee",
    "relatedId": "GJxBPYrMSj"
  },
  {
    "objectId": "5df35abd129ec20d34d06224",
    "owningId": "3lGcKgvt3H",
    "relatedId": "GJxBPYrMSj"
  },
  {
    "objectId": "5df35abd129ec20d34d06225",
    "owningId": "Jwf4ClQ2Le",
    "relatedId": "GJxBPYrMSj"
  },
  {
    "objectId": "5df35abd129ec20d34d06226",
    "owningId": "LrLczwtmVn",
    "relatedId": "GJxBPYrMSj"
  },
  {
    "objectId": "5df35abd129ec20d34d06227",
    "owningId": "8Q0ROnSCsG",
    "relatedId": "GJxBPYrMSj"
  },
  {
    "objectId": "5df35abd129ec20d34d06228",
    "owningId": "wT20C1NjME",
    "relatedId": "GJxBPYrMSj"
  },
  {
    "objectId": "5df35abd129ec20d34d06229",
    "owningId": "8MNtlSuSCS",
    "relatedId": "GJxBPYrMSj"
  },
  {
    "objectId": "5df35abd129ec20d34d0622a",
    "owningId": "dVoCXoDR1V",
    "relatedId": "GJxBPYrMSj"
  },
  {
    "objectId": "5df35abd129ec20d34d0622b",
    "owningId": "1XhkyTrmOQ",
    "relatedId": "GJxBPYrMSj"
  },
  {
    "objectId": "5df35abd129ec20d34d0622c",
    "owningId": "heHsv0Fc6K",
    "relatedId": "GJxBPYrMSj"
  },
  {
    "objectId": "5df35abd129ec20d34d0622d",
    "owningId": "QhQ8fpUe6c",
    "relatedId": "GJxBPYrMSj"
  },
  {
    "objectId": "5df35abd129ec20d34d0622e",
    "owningId": "yw81OLpyq1",
    "relatedId": "GJxBPYrMSj"
  },
  {
    "objectId": "5df35abd129ec20d34d0622f",
    "owningId": "BryOm6f3XQ",
    "relatedId": "GJxBPYrMSj"
  },
  {
    "objectId": "5df35abd129ec20d34d06230",
    "owningId": "IjL2NRxW9C",
    "relatedId": "GJxBPYrMSj"
  },
  {
    "objectId": "5df35abd129ec20d34d06231",
    "owningId": "edC4wCvqnI",
    "relatedId": "GJxBPYrMSj"
  },
  {
    "objectId": "5df35abe129ec20d34d0623b",
    "owningId": "k0DvOEau2I",
    "relatedId": "GJxBPYrMSj"
  },
  {
    "objectId": "5df35abe129ec20d34d0623c",
    "owningId": "mwMl4gHasJ",
    "relatedId": "C48syQ0LWn"
  },
  {
    "objectId": "5df35abe129ec20d34d0623d",
    "owningId": "MYo47EmWhc",
    "relatedId": "C48syQ0LWn"
  },
  {
    "objectId": "5df35abe129ec20d34d0623e",
    "owningId": "qtSqsjFE8M",
    "relatedId": "C48syQ0LWn"
  },
  {
    "objectId": "5df35abe129ec20d34d06240",
    "owningId": "ejmjHN3Hxp",
    "relatedId": "C48syQ0LWn"
  },
  {
    "objectId": "5df35abe129ec20d34d0623f",
    "owningId": "OANO7UDvjF",
    "relatedId": "C48syQ0LWn"
  },
  {
    "objectId": "5df35abe129ec20d34d06241",
    "owningId": "DcU3XzNv96",
    "relatedId": "C48syQ0LWn"
  },
  {
    "objectId": "5df35abe129ec20d34d06242",
    "owningId": "rRaksCHjPP",
    "relatedId": "C48syQ0LWn"
  },
  {
    "objectId": "5df35abe129ec20d34d06243",
    "owningId": "xXYFd0SmIc",
    "relatedId": "C48syQ0LWn"
  },
  {
    "objectId": "5df35abe129ec20d34d06244",
    "owningId": "1nRIZGTsCQ",
    "relatedId": "absaiCHEBc"
  },
  {
    "objectId": "5df35abe129ec20d34d06245",
    "owningId": "crgHfgrE3D",
    "relatedId": "absaiCHEBc"
  },
  {
    "objectId": "5df35abf129ec20d34d06272",
    "owningId": "ct5vu8k5Ul",
    "relatedId": "Z8aoioLpWJ"
  },
  {
    "objectId": "5df35abf129ec20d34d06273",
    "owningId": "AHOk6fzFES",
    "relatedId": "Z8aoioLpWJ"
  },
  {
    "objectId": "5df35abf129ec20d34d06275",
    "owningId": "WHjRnRc207",
    "relatedId": "JGuSRx3wce"
  },
  {
    "objectId": "5df35abf129ec20d34d06277",
    "owningId": "R6Eq2V5pTZ",
    "relatedId": "JGuSRx3wce"
  },
  {
    "objectId": "5df35abf129ec20d34d06278",
    "owningId": "D8RfRGvd8p",
    "relatedId": "JGuSRx3wce"
  },
  {
    "objectId": "5df35ac0129ec20d34d06285",
    "owningId": "BoS2xWpcpW",
    "relatedId": "3XBhh1SFap"
  },
  {
    "objectId": "5df35ac0129ec20d34d06286",
    "owningId": "AHldL9dXlP",
    "relatedId": "3XBhh1SFap"
  },
  {
    "objectId": "5df3d2c5129ec20d34d06d5e",
    "owningId": "4d3BSp2vuQ",
    "relatedId": "St6JiVMbO0"
  },
  {
    "objectId": "5df3d2c5129ec20d34d06d64",
    "owningId": "86qdOqEGTF",
    "relatedId": "uxLEBX5BfJ"
  },
  {
    "objectId": "5df3d2c5129ec20d34d06d5b",
    "owningId": "ePC0XPwpZC",
    "relatedId": "St6JiVMbO0"
  },
  {
    "objectId": "5df3d2c5129ec20d34d06d5c",
    "owningId": "3b3k8wODLA",
    "relatedId": "St6JiVMbO0"
  },
  {
    "objectId": "5df3d2c5129ec20d34d06d62",
    "owningId": "sDCNZS8nmq",
    "relatedId": "St6JiVMbO0"
  },
  {
    "objectId": "5df3d2c5129ec20d34d06d6a",
    "owningId": "6bTcNkFqJw",
    "relatedId": "2xJIO01dk2"
  },
  {
    "objectId": "5df3d2c5129ec20d34d06d5d",
    "owningId": "sYaTpcbGSv",
    "relatedId": "uxLEBX5BfJ"
  },
  {
    "objectId": "5df3d2c5129ec20d34d06d60",
    "owningId": "7A4XL5MlfP",
    "relatedId": "9XR29QutcM"
  },
  {
    "objectId": "5df3d2c5129ec20d34d06d5f",
    "owningId": "8dTz96ueSJ",
    "relatedId": "uxLEBX5BfJ"
  },
  {
    "objectId": "5df3d2c5129ec20d34d06d66",
    "owningId": "fdLjVELHq6",
    "relatedId": "uxLEBX5BfJ"
  },
  {
    "objectId": "5df3d2c5129ec20d34d06d63",
    "owningId": "r1k8wxe5hS",
    "relatedId": "2xJIO01dk2"
  },
  {
    "objectId": "5df3d2c5129ec20d34d06d65",
    "owningId": "49tiOSGHuN",
    "relatedId": "2xJIO01dk2"
  },
  {
    "objectId": "5df3d2c5129ec20d34d06d67",
    "owningId": "4aK0PbFanY",
    "relatedId": "umV1r61yyF"
  },
  {
    "objectId": "5df3d2c5129ec20d34d06d6b",
    "owningId": "y77mGqirU3",
    "relatedId": "umV1r61yyF"
  },
  {
    "objectId": "5df3d2c5129ec20d34d06d61",
    "owningId": "FzERCgLPGO",
    "relatedId": "uxLEBX5BfJ"
  },
  {
    "objectId": "5df3d2c5129ec20d34d06d68",
    "owningId": "PGstjv91WT",
    "relatedId": "2xJIO01dk2"
  },
  {
    "objectId": "5df3d2c5129ec20d34d06d69",
    "owningId": "QyIdxUMUEx",
    "relatedId": "2xJIO01dk2"
  },
  {
    "objectId": "5df3d2c5129ec20d34d06d6d",
    "owningId": "N7O4MYFCSJ",
    "relatedId": "2xJIO01dk2"
  },
  {
    "objectId": "5df3d2c5129ec20d34d06d6c",
    "owningId": "ik0jiXgojE",
    "relatedId": "St6JiVMbO0"
  },
  {
    "objectId": "5df3d2c5129ec20d34d06d6e",
    "owningId": "lYBI6bf2Ef",
    "relatedId": "2xJIO01dk2"
  },
  {
    "objectId": "5df3d2c5129ec20d34d06d6f",
    "owningId": "WKYbPeL3II",
    "relatedId": "2xJIO01dk2"
  },
  {
    "objectId": "5df3d2c5129ec20d34d06d70",
    "owningId": "O0go2dYiHM",
    "relatedId": "umV1r61yyF"
  },
  {
    "objectId": "5df3d2c5129ec20d34d06d71",
    "owningId": "yPmG7SoZDT",
    "relatedId": "umV1r61yyF"
  },
  {
    "objectId": "5df3d2c5129ec20d34d06d74",
    "owningId": "3UAd9B4eTA",
    "relatedId": "umV1r61yyF"
  },
  {
    "objectId": "5df3d2c5129ec20d34d06d75",
    "owningId": "CeFr2tz78W",
    "relatedId": "umV1r61yyF"
  },
  {
    "objectId": "5df3d2c5129ec20d34d06d72",
    "owningId": "YzMDe3ndRA",
    "relatedId": "umV1r61yyF"
  },
  {
    "objectId": "5df3d2c5129ec20d34d06d73",
    "owningId": "4EqczzWEG3",
    "relatedId": "umV1r61yyF"
  },
  {
    "objectId": "5df3d2c5129ec20d34d06d7a",
    "owningId": "rZ3iWk57zF",
    "relatedId": "2xJIO01dk2"
  },
  {
    "objectId": "5df3d2c5129ec20d34d06d78",
    "owningId": "c1iw5K8qz5",
    "relatedId": "umV1r61yyF"
  },
  {
    "objectId": "5df3d2c5129ec20d34d06d7f",
    "owningId": "l3gk6A9m7P",
    "relatedId": "umV1r61yyF"
  },
  {
    "objectId": "5df3d2c5129ec20d34d06d76",
    "owningId": "3nkUz8CDwU",
    "relatedId": "umV1r61yyF"
  },
  {
    "objectId": "5df3d2c5129ec20d34d06d7d",
    "owningId": "V58Wg4Eyv7",
    "relatedId": "vcatUNG8Sy"
  },
  {
    "objectId": "5df3d2c5129ec20d34d06d79",
    "owningId": "wcHTFcJRlQ",
    "relatedId": "vcatUNG8Sy"
  },
  {
    "objectId": "5df3d2c5129ec20d34d06d7e",
    "owningId": "7a0oGpk74s",
    "relatedId": "umV1r61yyF"
  },
  {
    "objectId": "5df3d2c5129ec20d34d06d7b",
    "owningId": "PKmigUWiwm",
    "relatedId": "umV1r61yyF"
  },
  {
    "objectId": "5df3d2c5129ec20d34d06d7c",
    "owningId": "QF9q4HwZRT",
    "relatedId": "umV1r61yyF"
  },
  {
    "objectId": "5df3d2c5129ec20d34d06d77",
    "owningId": "anVhWt6sY3",
    "relatedId": "umV1r61yyF"
  },
  {
    "objectId": "5df3d663129ec20d34d0729a",
    "owningId": "gIKCFXmKV3",
    "relatedId": "ik1vz4srLr"
  },
  {
    "objectId": "5df3d663129ec20d34d0729b",
    "owningId": "TijzUk1wjq",
    "relatedId": "MdrCUIMj67"
  },
  {
    "objectId": "5df3d663129ec20d34d0729d",
    "owningId": "AZFZagCOg3",
    "relatedId": "ik1vz4srLr"
  },
  {
    "objectId": "5df3d663129ec20d34d0729c",
    "owningId": "lQfYOnq0P0",
    "relatedId": "erAysjHdDP"
  },
  {
    "objectId": "5df3d663129ec20d34d072a0",
    "owningId": "Kaz6OtQLXW",
    "relatedId": "MdrCUIMj67"
  },
  {
    "objectId": "5df3d663129ec20d34d07299",
    "owningId": "wy46XtuXZq",
    "relatedId": "erAysjHdDP"
  },
  {
    "objectId": "5df3d663129ec20d34d0729e",
    "owningId": "cp6DBMAa0B",
    "relatedId": "MdrCUIMj67"
  },
  {
    "objectId": "5df3d663129ec20d34d072a1",
    "owningId": "kytEWRhGZ0",
    "relatedId": "erAysjHdDP"
  },
  {
    "objectId": "5df3d663129ec20d34d0729f",
    "owningId": "YWVns6MSS3",
    "relatedId": "ik1vz4srLr"
  },
  {
    "objectId": "5df3d663129ec20d34d072a4",
    "owningId": "X5YfUngDK2",
    "relatedId": "ik1vz4srLr"
  },
  {
    "objectId": "5df3d663129ec20d34d072a2",
    "owningId": "X6ZedPWL6p",
    "relatedId": "MdrCUIMj67"
  },
  {
    "objectId": "5df3d663129ec20d34d072a3",
    "owningId": "hb5nxGQc8a",
    "relatedId": "ik1vz4srLr"
  },
  {
    "objectId": "5df3d663129ec20d34d072a5",
    "owningId": "FchTRsqCHa",
    "relatedId": "MdrCUIMj67"
  },
  {
    "objectId": "5df3d663129ec20d34d072a6",
    "owningId": "XhnWhlnXVn",
    "relatedId": "erAysjHdDP"
  },
  {
    "objectId": "5df3d663129ec20d34d072aa",
    "owningId": "4v8FON66Ke",
    "relatedId": "ik1vz4srLr"
  },
  {
    "objectId": "5df3d663129ec20d34d072a9",
    "owningId": "HhVSEUNLYc",
    "relatedId": "MdrCUIMj67"
  },
  {
    "objectId": "5df3d663129ec20d34d072a7",
    "owningId": "e4h0X2EXgW",
    "relatedId": "erAysjHdDP"
  },
  {
    "objectId": "5df3d663129ec20d34d072a8",
    "owningId": "hcC3SCOxbj",
    "relatedId": "Wk3dCI67wQ"
  },
  {
    "objectId": "5df3d663129ec20d34d072ab",
    "owningId": "H9NBCoVlef",
    "relatedId": "EhhW2oGSAm"
  },
  {
    "objectId": "5df3d663129ec20d34d072ac",
    "owningId": "7OMNW1IvtL",
    "relatedId": "MdrCUIMj67"
  },
  {
    "objectId": "5df3d664129ec20d34d072ae",
    "owningId": "2oBYxrrMwH",
    "relatedId": "MdrCUIMj67"
  },
  {
    "objectId": "5df3d664129ec20d34d072b5",
    "owningId": "USrTF5NJE5",
    "relatedId": "MdrCUIMj67"
  },
  {
    "objectId": "5df3d664129ec20d34d072b4",
    "owningId": "ub3Iowk2t9",
    "relatedId": "MdrCUIMj67"
  },
  {
    "objectId": "5df3d664129ec20d34d072b3",
    "owningId": "PAu5RLlrYc",
    "relatedId": "MdrCUIMj67"
  },
  {
    "objectId": "5df3d664129ec20d34d072ad",
    "owningId": "H3yW6UuG6B",
    "relatedId": "ik1vz4srLr"
  },
  {
    "objectId": "5df3d664129ec20d34d072af",
    "owningId": "Chvu7yqK9M",
    "relatedId": "ik1vz4srLr"
  },
  {
    "objectId": "5df3d664129ec20d34d072b0",
    "owningId": "xOzQDBCPhY",
    "relatedId": "ik1vz4srLr"
  },
  {
    "objectId": "5df3d664129ec20d34d072b2",
    "owningId": "4YZtJ5tSoF",
    "relatedId": "metAoBGOUb"
  },
  {
    "objectId": "5df3d664129ec20d34d072b1",
    "owningId": "QSCighfdQC",
    "relatedId": "ik1vz4srLr"
  },
  {
    "objectId": "5df3d664129ec20d34d072b6",
    "owningId": "T8sb9vHmXg",
    "relatedId": "ik1vz4srLr"
  },
  {
    "objectId": "5df3d664129ec20d34d072b7",
    "owningId": "oDXH2JCbdJ",
    "relatedId": "MdrCUIMj67"
  },
  {
    "objectId": "5df3d664129ec20d34d072b9",
    "owningId": "85EAg5TSSC",
    "relatedId": "metAoBGOUb"
  },
  {
    "objectId": "5df3d664129ec20d34d072b8",
    "owningId": "B2OxvnymcT",
    "relatedId": "MdrCUIMj67"
  },
  {
    "objectId": "5df3d664129ec20d34d072ba",
    "owningId": "z5OgwbPXp1",
    "relatedId": "ik1vz4srLr"
  },
  {
    "objectId": "5df3d664129ec20d34d072bd",
    "owningId": "lqwtphASg4",
    "relatedId": "ik1vz4srLr"
  },
  {
    "objectId": "5df3d664129ec20d34d072bb",
    "owningId": "4SAQKsoF3l",
    "relatedId": "ik1vz4srLr"
  },
  {
    "objectId": "5df3d664129ec20d34d072bc",
    "owningId": "Yf7aFAyLsn",
    "relatedId": "MdrCUIMj67"
  },
  {
    "objectId": "5df3d711129ec20d34d075e7",
    "owningId": "Ti27yLcoql",
    "relatedId": "ySERXwSQJt"
  },
  {
    "objectId": "5df3d711129ec20d34d075e6",
    "owningId": "JKhwzwupdX",
    "relatedId": "TMSqCsw19k"
  },
  {
    "objectId": "5df3d711129ec20d34d075ea",
    "owningId": "9NeoPtLPvR",
    "relatedId": "oupwtInNG8"
  },
  {
    "objectId": "5df3d711129ec20d34d075e9",
    "owningId": "MAceNaOGZT",
    "relatedId": "ySERXwSQJt"
  },
  {
    "objectId": "5df3d711129ec20d34d075e8",
    "owningId": "0hoZeCQnzs",
    "relatedId": "ySERXwSQJt"
  },
  {
    "objectId": "5df3d711129ec20d34d075eb",
    "owningId": "EHwOUR0RVY",
    "relatedId": "TMSqCsw19k"
  },
  {
    "objectId": "5df3d711129ec20d34d075ee",
    "owningId": "O5HzAUzGxE",
    "relatedId": "kEgRE5Qpt2"
  },
  {
    "objectId": "5df3d711129ec20d34d075ef",
    "owningId": "p0acGUqy7P",
    "relatedId": "oupwtInNG8"
  },
  {
    "objectId": "5df3d711129ec20d34d075ed",
    "owningId": "XPtN4pveDF",
    "relatedId": "ySERXwSQJt"
  },
  {
    "objectId": "5df3d711129ec20d34d075ec",
    "owningId": "bucrlQBaRD",
    "relatedId": "ySERXwSQJt"
  },
  {
    "objectId": "5df3d711129ec20d34d075f0",
    "owningId": "qtYeHAGke1",
    "relatedId": "SSvOy4LW1d"
  },
  {
    "objectId": "5df3d711129ec20d34d075f3",
    "owningId": "sC6T8Ur8vs",
    "relatedId": "kEgRE5Qpt2"
  },
  {
    "objectId": "5df3d711129ec20d34d075f1",
    "owningId": "cJjyNNWfaJ",
    "relatedId": "kEgRE5Qpt2"
  },
  {
    "objectId": "5df3d711129ec20d34d075f2",
    "owningId": "OBUDg2hbLE",
    "relatedId": "TMSqCsw19k"
  },
  {
    "objectId": "5df3d711129ec20d34d075f4",
    "owningId": "2hmH8VhRZN",
    "relatedId": "kEgRE5Qpt2"
  },
  {
    "objectId": "5df3d711129ec20d34d075f6",
    "owningId": "uVQeICE8mb",
    "relatedId": "SSvOy4LW1d"
  },
  {
    "objectId": "5df3d711129ec20d34d075f9",
    "owningId": "s5hIad30Wh",
    "relatedId": "kEgRE5Qpt2"
  },
  {
    "objectId": "5df3d711129ec20d34d075f8",
    "owningId": "A1RzhRKASK",
    "relatedId": "kEgRE5Qpt2"
  },
  {
    "objectId": "5df3d711129ec20d34d075f5",
    "owningId": "Yu8JJM8WWQ",
    "relatedId": "SSvOy4LW1d"
  },
  {
    "objectId": "5df3d711129ec20d34d075f7",
    "owningId": "n4Aswzk9os",
    "relatedId": "kEgRE5Qpt2"
  },
  {
    "objectId": "5df3d711129ec20d34d075fc",
    "owningId": "UYF2HyNvB7",
    "relatedId": "kEgRE5Qpt2"
  },
  {
    "objectId": "5df3d711129ec20d34d075fa",
    "owningId": "GsX54tPiq7",
    "relatedId": "kEgRE5Qpt2"
  },
  {
    "objectId": "5df3d711129ec20d34d075fb",
    "owningId": "sBuKgvPo5a",
    "relatedId": "kEgRE5Qpt2"
  },
  {
    "objectId": "5df3d711129ec20d34d07602",
    "owningId": "jfEaEbQEYw",
    "relatedId": "SSvOy4LW1d"
  },
  {
    "objectId": "5df3d711129ec20d34d0760a",
    "owningId": "yIxYXiCAAX",
    "relatedId": "SSvOy4LW1d"
  },
  {
    "objectId": "5df3d711129ec20d34d07607",
    "owningId": "EpZWNQ3kA0",
    "relatedId": "SSvOy4LW1d"
  },
  {
    "objectId": "5df3d711129ec20d34d07604",
    "owningId": "DPPDNIdJSu",
    "relatedId": "SSvOy4LW1d"
  },
  {
    "objectId": "5df3d711129ec20d34d07609",
    "owningId": "OKFfcv8ViQ",
    "relatedId": "mLDOC4VnGT"
  },
  {
    "objectId": "5df3d711129ec20d34d075fd",
    "owningId": "1IadG6QShE",
    "relatedId": "kEgRE5Qpt2"
  },
  {
    "objectId": "5df3d711129ec20d34d075fe",
    "owningId": "DB5Yb7XnYI",
    "relatedId": "kEgRE5Qpt2"
  },
  {
    "objectId": "5df3d711129ec20d34d07605",
    "owningId": "It0TdPV5mD",
    "relatedId": "SSvOy4LW1d"
  },
  {
    "objectId": "5df3d711129ec20d34d07603",
    "owningId": "0hBYUibyrk",
    "relatedId": "kEgRE5Qpt2"
  },
  {
    "objectId": "5df3d711129ec20d34d07601",
    "owningId": "PA2lRwOcRs",
    "relatedId": "mLDOC4VnGT"
  },
  {
    "objectId": "5df3d711129ec20d34d07600",
    "owningId": "9Nz1kxRDAe",
    "relatedId": "SSvOy4LW1d"
  },
  {
    "objectId": "5df3d711129ec20d34d075ff",
    "owningId": "HPldMPPp12",
    "relatedId": "kEgRE5Qpt2"
  },
  {
    "objectId": "5df3d711129ec20d34d07608",
    "owningId": "Xh6ExRuQqV",
    "relatedId": "SSvOy4LW1d"
  },
  {
    "objectId": "5df3d711129ec20d34d07606",
    "owningId": "Dv751WDhya",
    "relatedId": "SSvOy4LW1d"
  },
  {
    "objectId": "5df3dd28129ec20d34d07b61",
    "owningId": "G6U4FGrHyT",
    "relatedId": "3zkZDjNrAb"
  },
  {
    "objectId": "5df3dd28129ec20d34d07b60",
    "owningId": "UsD7yjNXrO",
    "relatedId": "h0pbYbYHHB"
  },
  {
    "objectId": "5df3dd28129ec20d34d07b62",
    "owningId": "XkZdnjsZS9",
    "relatedId": "h0pbYbYHHB"
  },
  {
    "objectId": "5df3dd28129ec20d34d07b63",
    "owningId": "5mGryGVLXn",
    "relatedId": "mEdyL0V5nl"
  },
  {
    "objectId": "5df3dd28129ec20d34d07b5f",
    "owningId": "uMOMe67VtO",
    "relatedId": "h0pbYbYHHB"
  },
  {
    "objectId": "5df3dd28129ec20d34d07b64",
    "owningId": "fJ237YA2Aj",
    "relatedId": "mEdyL0V5nl"
  },
  {
    "objectId": "5df3dd28129ec20d34d07b66",
    "owningId": "ZpgWnQ4Hvq",
    "relatedId": "p7jxAaqj9Q"
  },
  {
    "objectId": "5df3dd28129ec20d34d07b65",
    "owningId": "c2ZiDGzlEL",
    "relatedId": "mEdyL0V5nl"
  },
  {
    "objectId": "5df3dd28129ec20d34d07b68",
    "owningId": "aRhgszJp8d",
    "relatedId": "mEdyL0V5nl"
  },
  {
    "objectId": "5df3dd28129ec20d34d07b67",
    "owningId": "oNe8f80KxE",
    "relatedId": "h0pbYbYHHB"
  },
  {
    "objectId": "5df3dd28129ec20d34d07b6b",
    "owningId": "e5tCJlT1qX",
    "relatedId": "h0pbYbYHHB"
  },
  {
    "objectId": "5df3dd28129ec20d34d07b6d",
    "owningId": "DQPQHIc433",
    "relatedId": "zTqx98jEFV"
  },
  {
    "objectId": "5df3dd28129ec20d34d07b6a",
    "owningId": "Ga6f546CkA",
    "relatedId": "zTqx98jEFV"
  },
  {
    "objectId": "5df3dd28129ec20d34d07b69",
    "owningId": "3KAFsHiHm6",
    "relatedId": "zTqx98jEFV"
  },
  {
    "objectId": "5df3dd28129ec20d34d07b6c",
    "owningId": "WM9NYPkcwI",
    "relatedId": "toA31G2Cwh"
  },
  {
    "objectId": "5df3dd28129ec20d34d07b72",
    "owningId": "l75zLatzCD",
    "relatedId": "zTqx98jEFV"
  },
  {
    "objectId": "5df3dd28129ec20d34d07b6e",
    "owningId": "dmiyZoe3tD",
    "relatedId": "3zkZDjNrAb"
  },
  {
    "objectId": "5df3dd28129ec20d34d07b6f",
    "owningId": "lqM4sVxBDR",
    "relatedId": "3zkZDjNrAb"
  },
  {
    "objectId": "5df3dd28129ec20d34d07b70",
    "owningId": "WkI1nsAJdQ",
    "relatedId": "zTqx98jEFV"
  },
  {
    "objectId": "5df3dd28129ec20d34d07b71",
    "owningId": "q6OSwvqGkF",
    "relatedId": "h0pbYbYHHB"
  },
  {
    "objectId": "5df3dd28129ec20d34d07b75",
    "owningId": "ZFQ9EmVahf",
    "relatedId": "3zkZDjNrAb"
  },
  {
    "objectId": "5df3dd28129ec20d34d07b74",
    "owningId": "47BOU4SuD4",
    "relatedId": "3zkZDjNrAb"
  },
  {
    "objectId": "5df3dd28129ec20d34d07b73",
    "owningId": "mDnnNSSWBI",
    "relatedId": "zTqx98jEFV"
  },
  {
    "objectId": "5df3dd28129ec20d34d07b76",
    "owningId": "nuwyVyWGUd",
    "relatedId": "3zkZDjNrAb"
  },
  {
    "objectId": "5df3dd28129ec20d34d07b77",
    "owningId": "h6zCPwQicl",
    "relatedId": "h0pbYbYHHB"
  },
  {
    "objectId": "5df3dd28129ec20d34d07b7b",
    "owningId": "fUuaXEDStI",
    "relatedId": "3zkZDjNrAb"
  },
  {
    "objectId": "5df3dd28129ec20d34d07b78",
    "owningId": "M5wGFBCXAZ",
    "relatedId": "3zkZDjNrAb"
  },
  {
    "objectId": "5df3dd28129ec20d34d07b7c",
    "owningId": "m4DfuyEUry",
    "relatedId": "h0pbYbYHHB"
  },
  {
    "objectId": "5df3dd28129ec20d34d07b79",
    "owningId": "4ep2qngZRZ",
    "relatedId": "h0pbYbYHHB"
  },
  {
    "objectId": "5df3dd28129ec20d34d07b7a",
    "owningId": "FTMn9j9KZn",
    "relatedId": "zTqx98jEFV"
  },
  {
    "objectId": "5df3dd28129ec20d34d07b7f",
    "owningId": "Seg4Rcvxw2",
    "relatedId": "h0pbYbYHHB"
  },
  {
    "objectId": "5df3dd28129ec20d34d07b80",
    "owningId": "D5SbuPKtfa",
    "relatedId": "h0pbYbYHHB"
  },
  {
    "objectId": "5df3dd28129ec20d34d07b7e",
    "owningId": "xIpEeHFjHy",
    "relatedId": "h0pbYbYHHB"
  },
  {
    "objectId": "5df3dd28129ec20d34d07b83",
    "owningId": "lFPJalzPq2",
    "relatedId": "3zkZDjNrAb"
  },
  {
    "objectId": "5df3dd28129ec20d34d07b81",
    "owningId": "tEKF42xF3U",
    "relatedId": "h0pbYbYHHB"
  },
  {
    "objectId": "5df3dd28129ec20d34d07b7d",
    "owningId": "3AhKIDYjCT",
    "relatedId": "h0pbYbYHHB"
  },
  {
    "objectId": "5df3dd28129ec20d34d07b82",
    "owningId": "vtLjZmacA8",
    "relatedId": "3zkZDjNrAb"
  },
  {
    "objectId": "5df3e9ad129ec20d34d080de",
    "owningId": "fqQdXdCHzs",
    "relatedId": "GteveE4ytb"
  },
  {
    "objectId": "5df3e9ad129ec20d34d080df",
    "owningId": "fqQdXdCHzs",
    "relatedId": "mRAWzGNBfG"
  },
  {
    "objectId": "5df3e9ad129ec20d34d080e1",
    "owningId": "fqQdXdCHzs",
    "relatedId": "fMoDABNwV9"
  },
  {
    "objectId": "5df3e9ad129ec20d34d080e2",
    "owningId": "fqQdXdCHzs",
    "relatedId": "RbyX4ouadm"
  },
  {
    "objectId": "5df3e9ad129ec20d34d080e0",
    "owningId": "fqQdXdCHzs",
    "relatedId": "SFHc9Y4gXA"
  },
  {
    "objectId": "5df3e9ad129ec20d34d080e4",
    "owningId": "5ZKmevbH7l",
    "relatedId": "mRAWzGNBfG"
  },
  {
    "objectId": "5df3e9ad129ec20d34d080e3",
    "owningId": "5ZKmevbH7l",
    "relatedId": "RbyX4ouadm"
  },
  {
    "objectId": "5df3e9ad129ec20d34d080e6",
    "owningId": "5ZKmevbH7l",
    "relatedId": "fMoDABNwV9"
  },
  {
    "objectId": "5df3e9ad129ec20d34d080e5",
    "owningId": "5ZKmevbH7l",
    "relatedId": "GteveE4ytb"
  },
  {
    "objectId": "5df3e9ad129ec20d34d080e7",
    "owningId": "fqQdXdCHzs",
    "relatedId": "NtEIWnlRYH"
  },
  {
    "objectId": "5df3e9ad129ec20d34d080eb",
    "owningId": "KxocRyt7eo",
    "relatedId": "fMoDABNwV9"
  },
  {
    "objectId": "5df3e9ad129ec20d34d080e8",
    "owningId": "jgC9lT6Xff",
    "relatedId": "fMoDABNwV9"
  },
  {
    "objectId": "5df3e9ad129ec20d34d080e9",
    "owningId": "2GFwsvrHL6",
    "relatedId": "SFHc9Y4gXA"
  },
  {
    "objectId": "5df3e9ad129ec20d34d080ec",
    "owningId": "5ZKmevbH7l",
    "relatedId": "SFHc9Y4gXA"
  },
  {
    "objectId": "5df3e9ad129ec20d34d080ea",
    "owningId": "5ZKmevbH7l",
    "relatedId": "NtEIWnlRYH"
  },
  {
    "objectId": "5df3e9ad129ec20d34d080ed",
    "owningId": "P9XQ0KxkvS",
    "relatedId": "RbyX4ouadm"
  },
  {
    "objectId": "5df3e9ad129ec20d34d080ef",
    "owningId": "P9XQ0KxkvS",
    "relatedId": "mRAWzGNBfG"
  },
  {
    "objectId": "5df3e9ad129ec20d34d080f1",
    "owningId": "jgC9lT6Xff",
    "relatedId": "RbyX4ouadm"
  },
  {
    "objectId": "5df3e9ad129ec20d34d080ee",
    "owningId": "P9XQ0KxkvS",
    "relatedId": "SFHc9Y4gXA"
  },
  {
    "objectId": "5df3e9ad129ec20d34d080f0",
    "owningId": "P9XQ0KxkvS",
    "relatedId": "fMoDABNwV9"
  },
  {
    "objectId": "5df3e9ad129ec20d34d080f3",
    "owningId": "P9XQ0KxkvS",
    "relatedId": "NtEIWnlRYH"
  },
  {
    "objectId": "5df3e9ad129ec20d34d080f2",
    "owningId": "6hYc0wSwEI",
    "relatedId": "fMoDABNwV9"
  },
  {
    "objectId": "5df3e9ad129ec20d34d080f4",
    "owningId": "AANjhB1bPT",
    "relatedId": "SFHc9Y4gXA"
  },
  {
    "objectId": "5df3e9ad129ec20d34d080f5",
    "owningId": "8iMHl5QIZb",
    "relatedId": "GteveE4ytb"
  },
  {
    "objectId": "5df3e9ad129ec20d34d080f6",
    "owningId": "r0aI0EA25O",
    "relatedId": "fMoDABNwV9"
  },
  {
    "objectId": "5df3e9ad129ec20d34d080f7",
    "owningId": "BobYKmivC3",
    "relatedId": "fMoDABNwV9"
  },
  {
    "objectId": "5df3e9ad129ec20d34d080fa",
    "owningId": "kOkqJvezFV",
    "relatedId": "fMoDABNwV9"
  },
  {
    "objectId": "5df3e9ad129ec20d34d080f9",
    "owningId": "Tg2ABs3sco",
    "relatedId": "mRAWzGNBfG"
  },
  {
    "objectId": "5df3e9ad129ec20d34d080f8",
    "owningId": "Tg2ABs3sco",
    "relatedId": "GteveE4ytb"
  },
  {
    "objectId": "5df3e9ad129ec20d34d080fb",
    "owningId": "kOkqJvezFV",
    "relatedId": "NtEIWnlRYH"
  },
  {
    "objectId": "5df3e9ad129ec20d34d080fc",
    "owningId": "BGcZHFZFY2",
    "relatedId": "NtEIWnlRYH"
  },
  {
    "objectId": "5df3e9ad129ec20d34d080ff",
    "owningId": "BGcZHFZFY2",
    "relatedId": "fMoDABNwV9"
  },
  {
    "objectId": "5df3e9ad129ec20d34d080fe",
    "owningId": "Tg2ABs3sco",
    "relatedId": "RbyX4ouadm"
  },
  {
    "objectId": "5df3e9ad129ec20d34d08100",
    "owningId": "Tg2ABs3sco",
    "relatedId": "SFHc9Y4gXA"
  },
  {
    "objectId": "5df3e9ad129ec20d34d080fd",
    "owningId": "yIDav7gj5a",
    "relatedId": "mRAWzGNBfG"
  },
  {
    "objectId": "5df3e9ad129ec20d34d08101",
    "owningId": "BFHuhuVNAI",
    "relatedId": "SFHc9Y4gXA"
  },
  {
    "objectId": "5df3e9ad129ec20d34d08103",
    "owningId": "rZoyjN5Eoc",
    "relatedId": "fMoDABNwV9"
  },
  {
    "objectId": "5df3e9ad129ec20d34d08104",
    "owningId": "DMwLWstosP",
    "relatedId": "SFHc9Y4gXA"
  },
  {
    "objectId": "5df3e9ad129ec20d34d08105",
    "owningId": "DMwLWstosP",
    "relatedId": "GteveE4ytb"
  },
  {
    "objectId": "5df3e9ad129ec20d34d08102",
    "owningId": "UZN9cHUblo",
    "relatedId": "fMoDABNwV9"
  },
  {
    "objectId": "5df3e9ad129ec20d34d08106",
    "owningId": "HTSKBLxUq4",
    "relatedId": "fMoDABNwV9"
  },
  {
    "objectId": "5df3e9ad129ec20d34d0810a",
    "owningId": "rZoyjN5Eoc",
    "relatedId": "SFHc9Y4gXA"
  },
  {
    "objectId": "5df3e9ad129ec20d34d08108",
    "owningId": "HTSKBLxUq4",
    "relatedId": "RbyX4ouadm"
  },
  {
    "objectId": "5df3e9ad129ec20d34d08107",
    "owningId": "rZoyjN5Eoc",
    "relatedId": "NtEIWnlRYH"
  },
  {
    "objectId": "5df3e9ad129ec20d34d08109",
    "owningId": "rZoyjN5Eoc",
    "relatedId": "RbyX4ouadm"
  },
  {
    "objectId": "5df3e9ad129ec20d34d0810e",
    "owningId": "Neaerczm0T",
    "relatedId": "fMoDABNwV9"
  },
  {
    "objectId": "5df3e9ad129ec20d34d0810d",
    "owningId": "CEyGcnzQpK",
    "relatedId": "RbyX4ouadm"
  },
  {
    "objectId": "5df3e9ad129ec20d34d0810f",
    "owningId": "t48lV4Tx27",
    "relatedId": "fMoDABNwV9"
  },
  {
    "objectId": "5df3e9ad129ec20d34d0810c",
    "owningId": "CEyGcnzQpK",
    "relatedId": "fMoDABNwV9"
  },
  {
    "objectId": "5df3e9ad129ec20d34d0810b",
    "owningId": "9SVromrYyh",
    "relatedId": "RbyX4ouadm"
  },
  {
    "objectId": "5df3e9ad129ec20d34d08113",
    "owningId": "nAlqt8LgM1",
    "relatedId": "RbyX4ouadm"
  },
  {
    "objectId": "5df3e9ad129ec20d34d08110",
    "owningId": "nAlqt8LgM1",
    "relatedId": "fMoDABNwV9"
  },
  {
    "objectId": "5df3e9ad129ec20d34d08114",
    "owningId": "t9VERDgOgj",
    "relatedId": "RbyX4ouadm"
  },
  {
    "objectId": "5df3e9ad129ec20d34d08111",
    "owningId": "t9VERDgOgj",
    "relatedId": "NtEIWnlRYH"
  },
  {
    "objectId": "5df3e9ad129ec20d34d08112",
    "owningId": "9SVromrYyh",
    "relatedId": "NtEIWnlRYH"
  },
  {
    "objectId": "5df3e9ad129ec20d34d08115",
    "owningId": "3CeApAuCII",
    "relatedId": "RbyX4ouadm"
  },
  {
    "objectId": "5df3e9ad129ec20d34d08117",
    "owningId": "tOY4tiDR6K",
    "relatedId": "RbyX4ouadm"
  },
  {
    "objectId": "5df3e9ad129ec20d34d08118",
    "owningId": "yyeDuukY4A",
    "relatedId": "RbyX4ouadm"
  },
  {
    "objectId": "5df3e9ad129ec20d34d08119",
    "owningId": "3CeApAuCII",
    "relatedId": "NtEIWnlRYH"
  },
  {
    "objectId": "5df3e9ad129ec20d34d08116",
    "owningId": "yyeDuukY4A",
    "relatedId": "fMoDABNwV9"
  },
  {
    "objectId": "5df3e9ad129ec20d34d0811b",
    "owningId": "7O2h8IfBnB",
    "relatedId": "fMoDABNwV9"
  },
  {
    "objectId": "5df3e9ad129ec20d34d0811a",
    "owningId": "lEmwwnRnnD",
    "relatedId": "NtEIWnlRYH"
  },
  {
    "objectId": "5df3e9ad129ec20d34d0811e",
    "owningId": "8xpEumjqbB",
    "relatedId": "RbyX4ouadm"
  },
  {
    "objectId": "5df3e9ad129ec20d34d0811d",
    "owningId": "7O2h8IfBnB",
    "relatedId": "RbyX4ouadm"
  },
  {
    "objectId": "5df3e9ad129ec20d34d0811c",
    "owningId": "tOY4tiDR6K",
    "relatedId": "NtEIWnlRYH"
  },
  {
    "objectId": "5df3e9ad129ec20d34d08121",
    "owningId": "WwMu5FXuSq",
    "relatedId": "RbyX4ouadm"
  },
  {
    "objectId": "5df3e9ad129ec20d34d0811f",
    "owningId": "aAVx282OGJ",
    "relatedId": "NtEIWnlRYH"
  },
  {
    "objectId": "5df3e9ad129ec20d34d08122",
    "owningId": "4NgpbeTTAz",
    "relatedId": "fMoDABNwV9"
  },
  {
    "objectId": "5df3e9ad129ec20d34d08123",
    "owningId": "aAVx282OGJ",
    "relatedId": "RbyX4ouadm"
  },
  {
    "objectId": "5df3e9ad129ec20d34d08120",
    "owningId": "WwMu5FXuSq",
    "relatedId": "NtEIWnlRYH"
  },
  {
    "objectId": "5df3e9ad129ec20d34d08124",
    "owningId": "4NgpbeTTAz",
    "relatedId": "RbyX4ouadm"
  },
  {
    "objectId": "5df3e9ad129ec20d34d08125",
    "owningId": "wWmtNJCE0R",
    "relatedId": "RbyX4ouadm"
  },
  {
    "objectId": "5df3e9ad129ec20d34d08126",
    "owningId": "Z7FCUAttDc",
    "relatedId": "NtEIWnlRYH"
  }
]
}