{
"results" : [

  {
    "objectId": "5df3485f129ec20d34d054e4",
    "owningId": "xkYoVtSWhp",
    "relatedId": "xjQ0ReSbAE"
  },
  {
    "objectId": "5df3485f129ec20d34d054e3",
    "owningId": "Fo4SDJEDUi",
    "relatedId": "u3OGMWCgAB"
  },
  {
    "objectId": "5df3485f129ec20d34d054e7",
    "owningId": "xkYoVtSWhp",
    "relatedId": "vM5PBS9xyw"
  },
  {
    "objectId": "5df3485f129ec20d34d054e5",
    "owningId": "xkYoVtSWhp",
    "relatedId": "2POzLvHRQV"
  },
  {
    "objectId": "5df3485f129ec20d34d054e2",
    "owningId": "xkYoVtSWhp",
    "relatedId": "3kK0VUjcAi"
  },
  {
    "objectId": "5df3485f129ec20d34d054e6",
    "owningId": "GS6Zo24Irn",
    "relatedId": "qBP6zyDsV3"
  },
  {
    "objectId": "5df3485f129ec20d34d054e9",
    "owningId": "JnIIU7ypmg",
    "relatedId": "V2vBdvCtvv"
  },
  {
    "objectId": "5df3485f129ec20d34d054e8",
    "owningId": "JnIIU7ypmg",
    "relatedId": "HBP1iNVP62"
  },
  {
    "objectId": "5df3485f129ec20d34d054ea",
    "owningId": "JnIIU7ypmg",
    "relatedId": "jvxMjiv1AD"
  },
  {
    "objectId": "5df3485f129ec20d34d054eb",
    "owningId": "JnIIU7ypmg",
    "relatedId": "j09CZITcVA"
  },
  {
    "objectId": "5df3485f129ec20d34d054ec",
    "owningId": "6B1P2EOlGk",
    "relatedId": "rDtp4ubsnG"
  },
  {
    "objectId": "5df3485f129ec20d34d054ed",
    "owningId": "u2cUFTUenc",
    "relatedId": "pVwdioYDUh"
  },
  {
    "objectId": "5df3485f129ec20d34d054ee",
    "owningId": "nqprMel6ww",
    "relatedId": "cBNMoUF7Bu"
  },
  {
    "objectId": "5df3485f129ec20d34d054ef",
    "owningId": "nqprMel6ww",
    "relatedId": "mSKr6ANZFI"
  },
  {
    "objectId": "5df3485f129ec20d34d054f2",
    "owningId": "fPrgLDZ3r3",
    "relatedId": "LZsXeSSqAf"
  },
  {
    "objectId": "5df3485f129ec20d34d054f0",
    "owningId": "nqprMel6ww",
    "relatedId": "PDcFcBSQJj"
  },
  {
    "objectId": "5df3485f129ec20d34d054f3",
    "owningId": "fPrgLDZ3r3",
    "relatedId": "0kWY1XBvz9"
  },
  {
    "objectId": "5df3485f129ec20d34d054f1",
    "owningId": "q7kGr2TTEs",
    "relatedId": "RoVpQMUtJR"
  },
  {
    "objectId": "5df3485f129ec20d34d054f4",
    "owningId": "B4x4QAV0dN",
    "relatedId": "hagsZ18BdF"
  },
  {
    "objectId": "5df3485f129ec20d34d054f5",
    "owningId": "TUSYZppdqt",
    "relatedId": "GhLYmQ8bko"
  },
  {
    "objectId": "5df3485f129ec20d34d054f6",
    "owningId": "q9UE6tBMhp",
    "relatedId": "T82zTruOxv"
  },
  {
    "objectId": "5df3485f129ec20d34d054f7",
    "owningId": "yrZXzTJx9w",
    "relatedId": "78sien6S2q"
  },
  {
    "objectId": "5df3485f129ec20d34d054f8",
    "owningId": "FUBCJ34UFa",
    "relatedId": "EMh6JSFegd"
  },
  {
    "objectId": "5df3485f129ec20d34d054f9",
    "owningId": "KnPHdNkV9p",
    "relatedId": "7WA4XUH0UG"
  },
  {
    "objectId": "5df3485f129ec20d34d054fb",
    "owningId": "D6pr5jCvHj",
    "relatedId": "A0l6H6463w"
  },
  {
    "objectId": "5df3485f129ec20d34d054fa",
    "owningId": "DdsGH3WoMT",
    "relatedId": "ZBzJDrbIuZ"
  },
  {
    "objectId": "5df3485f129ec20d34d054fd",
    "owningId": "HuTRMY9ODm",
    "relatedId": "SVjNhW2J8l"
  },
  {
    "objectId": "5df3485f129ec20d34d054fc",
    "owningId": "HuTRMY9ODm",
    "relatedId": "yY47iCteM2"
  },
  {
    "objectId": "5df3485f129ec20d34d054fe",
    "owningId": "yJIA8GKaUq",
    "relatedId": "Su92asGNHX"
  },
  {
    "objectId": "5df3485f129ec20d34d054ff",
    "owningId": "lEU3uQ2oZf",
    "relatedId": "gID3lfMt5Y"
  },
  {
    "objectId": "5df3485f129ec20d34d05500",
    "owningId": "lEU3uQ2oZf",
    "relatedId": "bbmLQXSxI8"
  },
  {
    "objectId": "5df3485f129ec20d34d05501",
    "owningId": "hdKOzRjVR5",
    "relatedId": "A4PAK8hIOS"
  },
  {
    "objectId": "5df3485f129ec20d34d05502",
    "owningId": "gJUShgdtat",
    "relatedId": "CWkr7D9rqS"
  },
  {
    "objectId": "5df3485f129ec20d34d05503",
    "owningId": "AOarBxLJ5s",
    "relatedId": "7pvMgfPMS8"
  },
  {
    "objectId": "5df3485f129ec20d34d05504",
    "owningId": "YYa75oNJ1f",
    "relatedId": "7ShYTl7BjY"
  },
  {
    "objectId": "5df3485f129ec20d34d05505",
    "owningId": "b2i3bE2Zbt",
    "relatedId": "XoPAYyaTpP"
  },
  {
    "objectId": "5df3485f129ec20d34d05506",
    "owningId": "06ZRpYezO4",
    "relatedId": "6gvnqP5C9r"
  },
  {
    "objectId": "5df3485f129ec20d34d05507",
    "owningId": "S7XP9ehHe2",
    "relatedId": "Ialox4mQtN"
  },
  {
    "objectId": "5df3485f129ec20d34d05508",
    "owningId": "tK2zi3Pbvf",
    "relatedId": "NW7t1BS2d6"
  },
  {
    "objectId": "5df3485f129ec20d34d05509",
    "owningId": "zB6Q9leDfC",
    "relatedId": "3LHj123kp8"
  },
  {
    "objectId": "5df3485f129ec20d34d0550a",
    "owningId": "zB6Q9leDfC",
    "relatedId": "60Suoon0nR"
  },
  {
    "objectId": "5df3485f129ec20d34d0550b",
    "owningId": "C97yrW3WAM",
    "relatedId": "yQfwk7uZcl"
  },
  {
    "objectId": "5df3485f129ec20d34d0550c",
    "owningId": "IvDds6WfrF",
    "relatedId": "KEjHvCWshl"
  },
  {
    "objectId": "5df3485f129ec20d34d0550e",
    "owningId": "MH6MyxTyFa",
    "relatedId": "hOcK9AzDKF"
  },
  {
    "objectId": "5df3485f129ec20d34d0550d",
    "owningId": "ujjNogxhC0",
    "relatedId": "dP17tnxqAd"
  },
  {
    "objectId": "5df3485f129ec20d34d0550f",
    "owningId": "a9DABjCuHB",
    "relatedId": "m70dugDgMt"
  },
  {
    "objectId": "5df3485f129ec20d34d05510",
    "owningId": "0OFEml0irU",
    "relatedId": "fGm5qWDSsS"
  },
  {
    "objectId": "5df34860129ec20d34d05534",
    "owningId": "PJVijbS7zF",
    "relatedId": "4NHjmGykzk"
  },
  {
    "objectId": "5df34860129ec20d34d05533",
    "owningId": "PJVijbS7zF",
    "relatedId": "wlFwD95PKa"
  },
  {
    "objectId": "5df34860129ec20d34d05556",
    "owningId": "hLt9M5gRwv",
    "relatedId": "8ikglJmiAE"
  },
  {
    "objectId": "5df3500c129ec20d34d055bf",
    "owningId": "P3GZho9pCA",
    "relatedId": "Fn7g00kux8"
  },
  {
    "objectId": "5df3500c129ec20d34d055be",
    "owningId": "viH0MowHU8",
    "relatedId": "IcuOKJLuEJ"
  },
  {
    "objectId": "5df3500c129ec20d34d055c0",
    "owningId": "P3GZho9pCA",
    "relatedId": "gLDNA5vVYg"
  },
  {
    "objectId": "5df3500c129ec20d34d055c1",
    "owningId": "z18EsfW5eb",
    "relatedId": "bieYfFnY3B"
  },
  {
    "objectId": "5df3500c129ec20d34d055c5",
    "owningId": "93hWBzr6OS",
    "relatedId": "1XcO2w3L8F"
  },
  {
    "objectId": "5df3500c129ec20d34d055c4",
    "owningId": "z18EsfW5eb",
    "relatedId": "PyYvFSu2XG"
  },
  {
    "objectId": "5df3500c129ec20d34d055c3",
    "owningId": "z18EsfW5eb",
    "relatedId": "Obv195lo19"
  },
  {
    "objectId": "5df3500c129ec20d34d055c2",
    "owningId": "z18EsfW5eb",
    "relatedId": "DKZOB3KGAm"
  },
  {
    "objectId": "5df3500c129ec20d34d055c8",
    "owningId": "36vAQQJsIp",
    "relatedId": "kJZDheCShW"
  },
  {
    "objectId": "5df3500c129ec20d34d055c6",
    "owningId": "36vAQQJsIp",
    "relatedId": "ozjJv6dgTy"
  },
  {
    "objectId": "5df3500c129ec20d34d055c9",
    "owningId": "36vAQQJsIp",
    "relatedId": "poEizcBGGE"
  },
  {
    "objectId": "5df3500c129ec20d34d055c7",
    "owningId": "36vAQQJsIp",
    "relatedId": "iz9NofeuoM"
  },
  {
    "objectId": "5df3500c129ec20d34d055ca",
    "owningId": "xuyRzPeYAI",
    "relatedId": "TPH3zAMQbC"
  },
  {
    "objectId": "5df3500c129ec20d34d055cb",
    "owningId": "QyaIvdIZuX",
    "relatedId": "buEbyaMDCH"
  },
  {
    "objectId": "5df3500c129ec20d34d055cf",
    "owningId": "S0OGA8iREq",
    "relatedId": "c1sbLOsuJM"
  },
  {
    "objectId": "5df3500c129ec20d34d055cd",
    "owningId": "duhTK8MHWE",
    "relatedId": "paopZEbg8F"
  },
  {
    "objectId": "5df3500c129ec20d34d055cc",
    "owningId": "duhTK8MHWE",
    "relatedId": "SEshBuGftp"
  },
  {
    "objectId": "5df3500c129ec20d34d055ce",
    "owningId": "duhTK8MHWE",
    "relatedId": "kc3jYCBqc4"
  },
  {
    "objectId": "5df3500c129ec20d34d055d0",
    "owningId": "KYDDn6fqYU",
    "relatedId": "F4Jf77am6A"
  },
  {
    "objectId": "5df3500c129ec20d34d055d2",
    "owningId": "KYDDn6fqYU",
    "relatedId": "uka7FP38dP"
  },
  {
    "objectId": "5df3500c129ec20d34d055d1",
    "owningId": "uzFyGU7BDi",
    "relatedId": "UJZqQOePGN"
  },
  {
    "objectId": "5df3500c129ec20d34d055d3",
    "owningId": "u5k6Gd0xMd",
    "relatedId": "tkxiy2si88"
  },
  {
    "objectId": "5df3500c129ec20d34d055d5",
    "owningId": "pD5Q7UtlhB",
    "relatedId": "yE6CMoZYDv"
  },
  {
    "objectId": "5df3500c129ec20d34d055d4",
    "owningId": "sbAWtmLFEz",
    "relatedId": "3mBG9AfCPS"
  },
  {
    "objectId": "5df3500c129ec20d34d055d6",
    "owningId": "6OhgXqWBs7",
    "relatedId": "AurlKZaGaP"
  },
  {
    "objectId": "5df3500c129ec20d34d055d7",
    "owningId": "xnC1sdzUSP",
    "relatedId": "1hJ1F2AXbe"
  },
  {
    "objectId": "5df3500c129ec20d34d055d9",
    "owningId": "sqXSIi68TG",
    "relatedId": "9ZIQyCC0G3"
  },
  {
    "objectId": "5df3500c129ec20d34d055d8",
    "owningId": "LMqZ3isSEk",
    "relatedId": "0su024bAiE"
  },
  {
    "objectId": "5df3500c129ec20d34d055da",
    "owningId": "OK3ByxlQJX",
    "relatedId": "c13UhlznYf"
  },
  {
    "objectId": "5df3500c129ec20d34d055db",
    "owningId": "qylqu8vY5x",
    "relatedId": "etN4hHW5A7"
  },
  {
    "objectId": "5df3500c129ec20d34d055dc",
    "owningId": "HbtE7O701C",
    "relatedId": "b6DMeKXwOW"
  },
  {
    "objectId": "5df3500c129ec20d34d055de",
    "owningId": "0jl3d9JTmB",
    "relatedId": "K18bTXVqZv"
  },
  {
    "objectId": "5df3500c129ec20d34d055dd",
    "owningId": "0jl3d9JTmB",
    "relatedId": "rnn4fQ7waf"
  },
  {
    "objectId": "5df3500c129ec20d34d055df",
    "owningId": "bj0t2BGNvZ",
    "relatedId": "TIaWGIGhnx"
  },
  {
    "objectId": "5df3500c129ec20d34d055e0",
    "owningId": "bj0t2BGNvZ",
    "relatedId": "9N85c7Ghvx"
  },
  {
    "objectId": "5df3500c129ec20d34d055e1",
    "owningId": "WEDmsfUOz5",
    "relatedId": "q5AstpHZmH"
  },
  {
    "objectId": "5df3500c129ec20d34d055e2",
    "owningId": "b3ibvfz24C",
    "relatedId": "YAwMI253AY"
  },
  {
    "objectId": "5df3500c129ec20d34d055e3",
    "owningId": "qScqYDv2Gm",
    "relatedId": "sR5tAiUceX"
  },
  {
    "objectId": "5df3500c129ec20d34d055e5",
    "owningId": "wqrCA4VajD",
    "relatedId": "njHvz51TMY"
  },
  {
    "objectId": "5df3500c129ec20d34d055e4",
    "owningId": "vZ5yRVDHJX",
    "relatedId": "SO9OYZumKi"
  },
  {
    "objectId": "5df3500c129ec20d34d055e6",
    "owningId": "kBqcZk5oHY",
    "relatedId": "9RHLzIpFZp"
  },
  {
    "objectId": "5df3500c129ec20d34d055e7",
    "owningId": "kPUVKEgln9",
    "relatedId": "Zt5uyVs2FX"
  },
  {
    "objectId": "5df3500c129ec20d34d055e8",
    "owningId": "ZUfGvNpaZB",
    "relatedId": "b9BF0IOqpx"
  },
  {
    "objectId": "5df3500c129ec20d34d055e9",
    "owningId": "eaxGyhzvke",
    "relatedId": "ygekE3OlzH"
  },
  {
    "objectId": "5df3500c129ec20d34d055f5",
    "owningId": "hxI3sbfq69",
    "relatedId": "CnrpEdTspQ"
  },
  {
    "objectId": "5df3500d129ec20d34d0560d",
    "owningId": "Q6mbUKotSv",
    "relatedId": "cFBZ2GfAzu"
  },
  {
    "objectId": "5df3500d129ec20d34d0560e",
    "owningId": "Q6mbUKotSv",
    "relatedId": "fTF2biuNGR"
  },
  {
    "objectId": "5df3500d129ec20d34d0560f",
    "owningId": "iZ8QZmOb9P",
    "relatedId": "iY3KGG6R8C"
  },
  {
    "objectId": "5df3500d129ec20d34d05614",
    "owningId": "nTPkB4tVY2",
    "relatedId": "9FEAyc1cBA"
  },
  {
    "objectId": "5df3500d129ec20d34d05639",
    "owningId": "EWb9xuY3j7",
    "relatedId": "6RkH07pHal"
  },
  {
    "objectId": "5df351b9129ec20d34d05695",
    "owningId": "zBeVsUlx5t",
    "relatedId": "Dar32NhmLh"
  },
  {
    "objectId": "5df351b9129ec20d34d05698",
    "owningId": "zBeVsUlx5t",
    "relatedId": "AZGSdkmpZu"
  },
  {
    "objectId": "5df351b9129ec20d34d05697",
    "owningId": "zBeVsUlx5t",
    "relatedId": "LnHMcBBfyK"
  },
  {
    "objectId": "5df351b9129ec20d34d05696",
    "owningId": "zBeVsUlx5t",
    "relatedId": "FE8iH5qNBa"
  },
  {
    "objectId": "5df351b9129ec20d34d05699",
    "owningId": "mnr5x97KcS",
    "relatedId": "A1EhbxZymV"
  },
  {
    "objectId": "5df351b9129ec20d34d0569d",
    "owningId": "eyh3Bd0UCy",
    "relatedId": "7aPi479xr9"
  },
  {
    "objectId": "5df351b9129ec20d34d0569a",
    "owningId": "wSPC0gxwKc",
    "relatedId": "oKY8XxSDJG"
  },
  {
    "objectId": "5df351b9129ec20d34d0569c",
    "owningId": "eyh3Bd0UCy",
    "relatedId": "oobySPtDXb"
  },
  {
    "objectId": "5df351b9129ec20d34d0569b",
    "owningId": "wSPC0gxwKc",
    "relatedId": "PvPkRn5nwG"
  },
  {
    "objectId": "5df351b9129ec20d34d0569e",
    "owningId": "wSPC0gxwKc",
    "relatedId": "TQ6iPussF4"
  },
  {
    "objectId": "5df351b9129ec20d34d056a1",
    "owningId": "6CScesDXGI",
    "relatedId": "f8vuYSlD3P"
  },
  {
    "objectId": "5df351b9129ec20d34d0569f",
    "owningId": "6CScesDXGI",
    "relatedId": "GUut7Fmopn"
  },
  {
    "objectId": "5df351b9129ec20d34d056a2",
    "owningId": "6CScesDXGI",
    "relatedId": "wJlwTFoPVu"
  },
  {
    "objectId": "5df351b9129ec20d34d056a0",
    "owningId": "6CScesDXGI",
    "relatedId": "DKWtN8DasO"
  },
  {
    "objectId": "5df351b9129ec20d34d056a3",
    "owningId": "xB25st12iJ",
    "relatedId": "aQwgJBHdFx"
  },
  {
    "objectId": "5df351b9129ec20d34d056a4",
    "owningId": "BTfEDBT6aC",
    "relatedId": "CiTz2TL7sK"
  },
  {
    "objectId": "5df351b9129ec20d34d056a5",
    "owningId": "dxuDeBaPiG",
    "relatedId": "rvZEUMxCOn"
  },
  {
    "objectId": "5df351b9129ec20d34d056a6",
    "owningId": "mLLMt69IlW",
    "relatedId": "4J5nJph9im"
  },
  {
    "objectId": "5df351b9129ec20d34d056a7",
    "owningId": "YI5aPsdwIV",
    "relatedId": "4EWhZ59nlr"
  },
  {
    "objectId": "5df351b9129ec20d34d056a8",
    "owningId": "spGzGXfciR",
    "relatedId": "W1uFXRvsS8"
  },
  {
    "objectId": "5df351b9129ec20d34d056aa",
    "owningId": "KD2Sy7D19P",
    "relatedId": "XGBGo7PxE2"
  },
  {
    "objectId": "5df351b9129ec20d34d056a9",
    "owningId": "fhDoGMo9Cv",
    "relatedId": "iBmGj6HHCj"
  },
  {
    "objectId": "5df351b9129ec20d34d056ac",
    "owningId": "4IvPVSJbqa",
    "relatedId": "bbILwChXuw"
  },
  {
    "objectId": "5df351b9129ec20d34d056ab",
    "owningId": "4IvPVSJbqa",
    "relatedId": "PEc4EQ5pOl"
  },
  {
    "objectId": "5df351b9129ec20d34d056ad",
    "owningId": "qYl8MpWAMa",
    "relatedId": "02KQuBPhVK"
  },
  {
    "objectId": "5df351b9129ec20d34d056b0",
    "owningId": "F5NW5pKQKr",
    "relatedId": "4sIUeBDIaM"
  },
  {
    "objectId": "5df351b9129ec20d34d056af",
    "owningId": "22ill9ViDH",
    "relatedId": "eSBuIKeuQF"
  },
  {
    "objectId": "5df351b9129ec20d34d056ae",
    "owningId": "tf0Qy9HLm9",
    "relatedId": "BquUoPgFUI"
  },
  {
    "objectId": "5df351b9129ec20d34d056b2",
    "owningId": "VMNtltJ7ko",
    "relatedId": "y1KSmAJaBh"
  },
  {
    "objectId": "5df351b9129ec20d34d056b1",
    "owningId": "jLGVPFTaPO",
    "relatedId": "Z6gFc41Cag"
  },
  {
    "objectId": "5df351b9129ec20d34d056b3",
    "owningId": "vMcs9ZOTkT",
    "relatedId": "aaF7pryL4H"
  },
  {
    "objectId": "5df351b9129ec20d34d056b4",
    "owningId": "0CNaoYqvXP",
    "relatedId": "beFPT0ZZY6"
  },
  {
    "objectId": "5df351b9129ec20d34d056b5",
    "owningId": "0Qo3USlu9G",
    "relatedId": "jOSCOZBMiu"
  },
  {
    "objectId": "5df351b9129ec20d34d056b6",
    "owningId": "gUs2cZLwD9",
    "relatedId": "fM9jdPcbH9"
  },
  {
    "objectId": "5df351b9129ec20d34d056b7",
    "owningId": "gUs2cZLwD9",
    "relatedId": "ApdMHKIq9i"
  },
  {
    "objectId": "5df351b9129ec20d34d056b8",
    "owningId": "qwFO1Diym1",
    "relatedId": "FWg2jhsDdJ"
  },
  {
    "objectId": "5df351b9129ec20d34d056b9",
    "owningId": "xYsXiB68PM",
    "relatedId": "EkJu2cFdQa"
  },
  {
    "objectId": "5df351b9129ec20d34d056ba",
    "owningId": "gRygCw8Shh",
    "relatedId": "ssr4yFCWJf"
  },
  {
    "objectId": "5df351b9129ec20d34d056bb",
    "owningId": "GoQNekkrAz",
    "relatedId": "r1MoQQxgCK"
  },
  {
    "objectId": "5df351b9129ec20d34d056bc",
    "owningId": "GoQNekkrAz",
    "relatedId": "qLi8ESzkp3"
  },
  {
    "objectId": "5df351b9129ec20d34d056be",
    "owningId": "6mqBOZE7A8",
    "relatedId": "6SFiCVyk2o"
  },
  {
    "objectId": "5df351b9129ec20d34d056bf",
    "owningId": "6mqBOZE7A8",
    "relatedId": "CGjm7f55Nv"
  },
  {
    "objectId": "5df351b9129ec20d34d056c0",
    "owningId": "CCKrvZkitc",
    "relatedId": "HV2kzbLyh2"
  },
  {
    "objectId": "5df351ba129ec20d34d056c1",
    "owningId": "62dY2x3u9I",
    "relatedId": "lxk1OdnCgh"
  },
  {
    "objectId": "5df351ba129ec20d34d056ca",
    "owningId": "D7q4YZtNgY",
    "relatedId": "0qENccQM1h"
  },
  {
    "objectId": "5df351ba129ec20d34d056cb",
    "owningId": "tgqA3aRt2A",
    "relatedId": "vnokMKoA9c"
  },
  {
    "objectId": "5df351ba129ec20d34d056dc",
    "owningId": "wLzLCxovRC",
    "relatedId": "HzJFFstS06"
  },
  {
    "objectId": "5df351ba129ec20d34d056dd",
    "owningId": "qwDaAiCjL3",
    "relatedId": "xyRPNfM9Kx"
  },
  {
    "objectId": "5df351ba129ec20d34d056de",
    "owningId": "xIGTAFbSyq",
    "relatedId": "wHOkGmJ7yI"
  },
  {
    "objectId": "5df351ba129ec20d34d056e0",
    "owningId": "y8E686Z98v",
    "relatedId": "D5ECG1o0ns"
  },
  {
    "objectId": "5df356a1129ec20d34d057ab",
    "owningId": "q4x2O3bHCb",
    "relatedId": "g4CQupZulX"
  },
  {
    "objectId": "5df356a1129ec20d34d057ad",
    "owningId": "q4x2O3bHCb",
    "relatedId": "0aZbsoteIB"
  },
  {
    "objectId": "5df356a1129ec20d34d057ae",
    "owningId": "q4x2O3bHCb",
    "relatedId": "YBM4WbE8Ov"
  },
  {
    "objectId": "5df356a1129ec20d34d057ac",
    "owningId": "q4x2O3bHCb",
    "relatedId": "aX3bvyvPU3"
  },
  {
    "objectId": "5df356a1129ec20d34d057af",
    "owningId": "LD3pntGmy5",
    "relatedId": "Ffwc1ueCb9"
  },
  {
    "objectId": "5df356a1129ec20d34d057b0",
    "owningId": "41JDlrGgom",
    "relatedId": "FSfUAuV3Ee"
  },
  {
    "objectId": "5df356a1129ec20d34d057b1",
    "owningId": "jgji7nJNOI",
    "relatedId": "sx1FXCmnhO"
  },
  {
    "objectId": "5df356a1129ec20d34d057b3",
    "owningId": "jgji7nJNOI",
    "relatedId": "TRbi2t2fD9"
  },
  {
    "objectId": "5df356a1129ec20d34d057b2",
    "owningId": "jgji7nJNOI",
    "relatedId": "6H5yn1X02H"
  },
  {
    "objectId": "5df356a1129ec20d34d057b5",
    "owningId": "IU7HKH3lRN",
    "relatedId": "LmnmfyC0VT"
  },
  {
    "objectId": "5df356a1129ec20d34d057b4",
    "owningId": "jgji7nJNOI",
    "relatedId": "B6AFw7ATx8"
  },
  {
    "objectId": "5df356a1129ec20d34d057b6",
    "owningId": "aBX3ZYf3qY",
    "relatedId": "nEVFF39rMs"
  },
  {
    "objectId": "5df356a1129ec20d34d057b7",
    "owningId": "NE4pEUpVak",
    "relatedId": "iT0uzgFszY"
  },
  {
    "objectId": "5df356a1129ec20d34d057b9",
    "owningId": "JD5j75Pajz",
    "relatedId": "3o0FMhCpji"
  },
  {
    "objectId": "5df356a1129ec20d34d057b8",
    "owningId": "JD5j75Pajz",
    "relatedId": "O12A2jbcxH"
  },
  {
    "objectId": "5df356a1129ec20d34d057ba",
    "owningId": "JD5j75Pajz",
    "relatedId": "drowKy6swb"
  },
  {
    "objectId": "5df356a1129ec20d34d057bb",
    "owningId": "edT1Uvrrj2",
    "relatedId": "y6EEywdvlz"
  },
  {
    "objectId": "5df356a1129ec20d34d057bc",
    "owningId": "AarKDnECrK",
    "relatedId": "gMHHFK1q2r"
  },
  {
    "objectId": "5df356a1129ec20d34d057be",
    "owningId": "6UxaCpjBrv",
    "relatedId": "KFXS8GLP7d"
  },
  {
    "objectId": "5df356a1129ec20d34d057bd",
    "owningId": "xVDrCnR8wV",
    "relatedId": "EzsEchzTyI"
  },
  {
    "objectId": "5df356a1129ec20d34d057bf",
    "owningId": "x1vi0R0oFP",
    "relatedId": "KBDDapzO79"
  },
  {
    "objectId": "5df356a1129ec20d34d057c1",
    "owningId": "AlAyDv8XYv",
    "relatedId": "8F6t6Hq6xS"
  },
  {
    "objectId": "5df356a1129ec20d34d057c4",
    "owningId": "GMldGtlXDY",
    "relatedId": "rbIpBBLeP8"
  },
  {
    "objectId": "5df356a1129ec20d34d057c2",
    "owningId": "AlAyDv8XYv",
    "relatedId": "C2kLVrM4G6"
  },
  {
    "objectId": "5df356a1129ec20d34d057c0",
    "owningId": "QZclc91YWw",
    "relatedId": "Et0LgWOivv"
  },
  {
    "objectId": "5df356a1129ec20d34d057c3",
    "owningId": "upXOHr7EgI",
    "relatedId": "KKm4eAq6H0"
  },
  {
    "objectId": "5df356a1129ec20d34d057c5",
    "owningId": "GMldGtlXDY",
    "relatedId": "0FIxAqIuCj"
  },
  {
    "objectId": "5df356a1129ec20d34d057c6",
    "owningId": "kg9TYbmTMb",
    "relatedId": "qD2QwPwXXj"
  },
  {
    "objectId": "5df356a1129ec20d34d057c8",
    "owningId": "uj3hwh8BC1",
    "relatedId": "Y9x6xG7EO3"
  },
  {
    "objectId": "5df356a1129ec20d34d057c9",
    "owningId": "uj3hwh8BC1",
    "relatedId": "XS5sAomos0"
  },
  {
    "objectId": "5df356a1129ec20d34d057c7",
    "owningId": "wBPqhFMrc3",
    "relatedId": "fRJ5ku5WZU"
  },
  {
    "objectId": "5df356a1129ec20d34d057ca",
    "owningId": "WLE6K00rjv",
    "relatedId": "Y3tb7AKkIX"
  },
  {
    "objectId": "5df356a1129ec20d34d057ce",
    "owningId": "taMWp7plLK",
    "relatedId": "vhBixRHHrY"
  },
  {
    "objectId": "5df356a1129ec20d34d057cb",
    "owningId": "e1TcltGvKm",
    "relatedId": "XBNEFncve5"
  },
  {
    "objectId": "5df356a1129ec20d34d057cd",
    "owningId": "Xgps1MVLXz",
    "relatedId": "FYULtlUr9M"
  },
  {
    "objectId": "5df356a1129ec20d34d057cc",
    "owningId": "e1TcltGvKm",
    "relatedId": "2uIC1FZnJv"
  },
  {
    "objectId": "5df356a1129ec20d34d057cf",
    "owningId": "7OmRYvy34f",
    "relatedId": "wrgdLh1ggc"
  },
  {
    "objectId": "5df356a1129ec20d34d057d0",
    "owningId": "7L97aR6drT",
    "relatedId": "fRMPDWnKVD"
  },
  {
    "objectId": "5df356a1129ec20d34d057d1",
    "owningId": "wYPieyiUdl",
    "relatedId": "XTivqFHovr"
  },
  {
    "objectId": "5df356a1129ec20d34d057d2",
    "owningId": "tRUWFnIxQp",
    "relatedId": "aFHhuYyqBl"
  },
  {
    "objectId": "5df356a1129ec20d34d057d3",
    "owningId": "tRUWFnIxQp",
    "relatedId": "Fi9KChGozF"
  },
  {
    "objectId": "5df356a1129ec20d34d057d4",
    "owningId": "bAMSRls3XS",
    "relatedId": "CCkSiS8NW2"
  },
  {
    "objectId": "5df356a1129ec20d34d057d5",
    "owningId": "R5iM0zVD5g",
    "relatedId": "ZFUuI3jtev"
  },
  {
    "objectId": "5df356a1129ec20d34d057d6",
    "owningId": "tfqPwHfkMy",
    "relatedId": "lhBFW4x5jf"
  },
  {
    "objectId": "5df356a1129ec20d34d057d7",
    "owningId": "OGVUBrMOa5",
    "relatedId": "MQA6ZywGt9"
  },
  {
    "objectId": "5df356a1129ec20d34d057d8",
    "owningId": "XDtNUZSNgV",
    "relatedId": "C66SYzr5wP"
  },
  {
    "objectId": "5df356a1129ec20d34d057d9",
    "owningId": "XUzN3k4Cgp",
    "relatedId": "Ivopb19VtJ"
  },
  {
    "objectId": "5df356a1129ec20d34d057db",
    "owningId": "MhzgzL3Y4U",
    "relatedId": "hiHDtrV6U9"
  },
  {
    "objectId": "5df356a1129ec20d34d057da",
    "owningId": "OJIx5vE6Lc",
    "relatedId": "ZCCwHwq7ea"
  },
  {
    "objectId": "5df356a1129ec20d34d057dc",
    "owningId": "8Q2yGRG653",
    "relatedId": "mimI4Xkd2C"
  },
  {
    "objectId": "5df35711129ec20d34d05a24",
    "owningId": "cas9AtuAJb",
    "relatedId": "D6QAUNgyO2"
  },
  {
    "objectId": "5df35711129ec20d34d05a23",
    "owningId": "cas9AtuAJb",
    "relatedId": "nh3X67elhY"
  },
  {
    "objectId": "5df35711129ec20d34d05a26",
    "owningId": "BGkHzCIyQo",
    "relatedId": "B2FzH4bmq9"
  },
  {
    "objectId": "5df35711129ec20d34d05a28",
    "owningId": "BGkHzCIyQo",
    "relatedId": "ZoHoh6xkBl"
  },
  {
    "objectId": "5df35711129ec20d34d05a25",
    "owningId": "BGkHzCIyQo",
    "relatedId": "dzMTtyg0Dd"
  },
  {
    "objectId": "5df35711129ec20d34d05a27",
    "owningId": "BGkHzCIyQo",
    "relatedId": "kG6AN6z8x7"
  },
  {
    "objectId": "5df35711129ec20d34d05a29",
    "owningId": "v9EzORZa6r",
    "relatedId": "WNkp5BzfBZ"
  },
  {
    "objectId": "5df35711129ec20d34d05a2a",
    "owningId": "McZDh8CWky",
    "relatedId": "SKo1HvwgVE"
  },
  {
    "objectId": "5df35711129ec20d34d05a2c",
    "owningId": "McZDh8CWky",
    "relatedId": "BcTyydBATA"
  },
  {
    "objectId": "5df35711129ec20d34d05a2b",
    "owningId": "McZDh8CWky",
    "relatedId": "ceqhowi3VQ"
  },
  {
    "objectId": "5df35711129ec20d34d05a2d",
    "owningId": "McZDh8CWky",
    "relatedId": "aecD8ECeWT"
  },
  {
    "objectId": "5df35711129ec20d34d05a2e",
    "owningId": "WJdZFJ9wAJ",
    "relatedId": "7avTgdB2GQ"
  },
  {
    "objectId": "5df35711129ec20d34d05a2f",
    "owningId": "905tYG9Esn",
    "relatedId": "5o7Mo90dgI"
  },
  {
    "objectId": "5df35711129ec20d34d05a30",
    "owningId": "LsAk9AX5zo",
    "relatedId": "VSuEqbFJNr"
  },
  {
    "objectId": "5df35711129ec20d34d05a31",
    "owningId": "4FQRoviB1f",
    "relatedId": "AmahzPP7A7"
  },
  {
    "objectId": "5df35711129ec20d34d05a32",
    "owningId": "YZTSGQliVN",
    "relatedId": "7OGgEXFxjG"
  },
  {
    "objectId": "5df35711129ec20d34d05a33",
    "owningId": "n4LUggXRY5",
    "relatedId": "oFBgof00pC"
  },
  {
    "objectId": "5df35711129ec20d34d05a34",
    "owningId": "JJVZ0HK204",
    "relatedId": "j3SGj4rvGi"
  },
  {
    "objectId": "5df35711129ec20d34d05a35",
    "owningId": "bPREJJ9QT8",
    "relatedId": "G8WmXuGaPe"
  },
  {
    "objectId": "5df35711129ec20d34d05a36",
    "owningId": "ulTj8nqLAW",
    "relatedId": "bZrRFj5Y9i"
  },
  {
    "objectId": "5df35711129ec20d34d05a37",
    "owningId": "HcmNlKs9IM",
    "relatedId": "c0P89ZCIav"
  },
  {
    "objectId": "5df35711129ec20d34d05a38",
    "owningId": "SjeESmaY5R",
    "relatedId": "AAUkkyolkl"
  },
  {
    "objectId": "5df35711129ec20d34d05a39",
    "owningId": "HCMgjzuTNx",
    "relatedId": "tanJLiATHf"
  },
  {
    "objectId": "5df35711129ec20d34d05a3a",
    "owningId": "HCMgjzuTNx",
    "relatedId": "pNuIbWUdDd"
  },
  {
    "objectId": "5df35711129ec20d34d05a3b",
    "owningId": "HCMgjzuTNx",
    "relatedId": "tcT9CfFrI8"
  },
  {
    "objectId": "5df35711129ec20d34d05a3f",
    "owningId": "11ZcYPiCW3",
    "relatedId": "bJu55QrD88"
  },
  {
    "objectId": "5df35711129ec20d34d05a3c",
    "owningId": "sDSicLSQ1r",
    "relatedId": "CQHzGYnnxM"
  },
  {
    "objectId": "5df35711129ec20d34d05a3d",
    "owningId": "11ZcYPiCW3",
    "relatedId": "VOZkxo5O3F"
  },
  {
    "objectId": "5df35711129ec20d34d05a3e",
    "owningId": "GOOLhONQnz",
    "relatedId": "vHBKlk3HMA"
  },
  {
    "objectId": "5df35711129ec20d34d05a40",
    "owningId": "9UfRBeBhE0",
    "relatedId": "O2DdEvuGTr"
  },
  {
    "objectId": "5df35711129ec20d34d05a41",
    "owningId": "lrSaYzqGTA",
    "relatedId": "3ijQmDjsPl"
  },
  {
    "objectId": "5df35711129ec20d34d05a42",
    "owningId": "wgadCGt6jI",
    "relatedId": "JbkhpA1mbM"
  },
  {
    "objectId": "5df35711129ec20d34d05a44",
    "owningId": "bd1bGcDGTG",
    "relatedId": "rVtvolwxRB"
  },
  {
    "objectId": "5df35711129ec20d34d05a43",
    "owningId": "bd1bGcDGTG",
    "relatedId": "sB0Lu170SO"
  },
  {
    "objectId": "5df35711129ec20d34d05a45",
    "owningId": "7EhXFZfhm7",
    "relatedId": "0DEtGFJw9o"
  },
  {
    "objectId": "5df35711129ec20d34d05a47",
    "owningId": "GItndZJ5kH",
    "relatedId": "6oFWY9DHhl"
  },
  {
    "objectId": "5df35711129ec20d34d05a46",
    "owningId": "g2NZj0Qypq",
    "relatedId": "WYRDsBT343"
  },
  {
    "objectId": "5df35711129ec20d34d05a48",
    "owningId": "09j7CAH7Ms",
    "relatedId": "6A8i3Z6o2q"
  },
  {
    "objectId": "5df35711129ec20d34d05a4a",
    "owningId": "DfJ2UXsqGG",
    "relatedId": "PCBNbo5fvN"
  },
  {
    "objectId": "5df35711129ec20d34d05a49",
    "owningId": "g2NZj0Qypq",
    "relatedId": "IFFF96B2ri"
  },
  {
    "objectId": "5df35711129ec20d34d05a4b",
    "owningId": "Xt1ZdasfC7",
    "relatedId": "L0quWGjzhH"
  },
  {
    "objectId": "5df35711129ec20d34d05a4c",
    "owningId": "xuqV3LkAcA",
    "relatedId": "8KohL6OBT7"
  },
  {
    "objectId": "5df35711129ec20d34d05a4d",
    "owningId": "i0jxvN7ixc",
    "relatedId": "A1vtYs0Go0"
  },
  {
    "objectId": "5df35711129ec20d34d05a4f",
    "owningId": "r6eDFaNkAP",
    "relatedId": "pPGHtB4ocy"
  },
  {
    "objectId": "5df35711129ec20d34d05a50",
    "owningId": "r6eDFaNkAP",
    "relatedId": "wtRpbu6rFP"
  },
  {
    "objectId": "5df35711129ec20d34d05a4e",
    "owningId": "UUGHPNk2jT",
    "relatedId": "c14oGtCBti"
  },
  {
    "objectId": "5df35711129ec20d34d05a51",
    "owningId": "xAw8OC9Kr3",
    "relatedId": "vxtqIoH5Hd"
  },
  {
    "objectId": "5df35711129ec20d34d05a52",
    "owningId": "585mEVupAT",
    "relatedId": "9wqVuGrAqi"
  },
  {
    "objectId": "5df35712129ec20d34d05a67",
    "owningId": "bj4BPxOjvh",
    "relatedId": "hS7tX1Gwkk"
  },
  {
    "objectId": "5df35712129ec20d34d05a7d",
    "owningId": "vehp3un3iN",
    "relatedId": "YU0TBPA1ka"
  },
  {
    "objectId": "5df35769129ec20d34d05c9b",
    "owningId": "UMRO4QALUg",
    "relatedId": "fYyhvNWtit"
  },
  {
    "objectId": "5df35769129ec20d34d05c9d",
    "owningId": "UMRO4QALUg",
    "relatedId": "2X67FaUcrY"
  },
  {
    "objectId": "5df35769129ec20d34d05c9c",
    "owningId": "UMRO4QALUg",
    "relatedId": "pYA0mBVXpK"
  },
  {
    "objectId": "5df35769129ec20d34d05c9e",
    "owningId": "UMRO4QALUg",
    "relatedId": "b2qVhdr919"
  },
  {
    "objectId": "5df35769129ec20d34d05c9f",
    "owningId": "9iN11DMi6g",
    "relatedId": "kOgnvR1mZC"
  },
  {
    "objectId": "5df35769129ec20d34d05ca0",
    "owningId": "qJAIRyee7t",
    "relatedId": "vSCiJ45awI"
  },
  {
    "objectId": "5df35769129ec20d34d05ca1",
    "owningId": "azMYeMwfpm",
    "relatedId": "82FHvs9XHd"
  },
  {
    "objectId": "5df35769129ec20d34d05ca4",
    "owningId": "ejOZY9L648",
    "relatedId": "plERcQ9AR2"
  },
  {
    "objectId": "5df35769129ec20d34d05ca2",
    "owningId": "b6BUBYAc4c",
    "relatedId": "PcMiG9clzD"
  },
  {
    "objectId": "5df35769129ec20d34d05ca3",
    "owningId": "azMYeMwfpm",
    "relatedId": "gka1Rnd7FR"
  },
  {
    "objectId": "5df35769129ec20d34d05ca5",
    "owningId": "HYvkZabox6",
    "relatedId": "Y6RRm52lyy"
  },
  {
    "objectId": "5df35769129ec20d34d05ca6",
    "owningId": "ldMrDiF5nW",
    "relatedId": "BIjURN2cNb"
  },
  {
    "objectId": "5df35769129ec20d34d05ca7",
    "owningId": "xEvzGfpbG9",
    "relatedId": "7wrOUo4mRi"
  },
  {
    "objectId": "5df35769129ec20d34d05ca8",
    "owningId": "jBIoNBDlNs",
    "relatedId": "oL4wvjQS08"
  },
  {
    "objectId": "5df35769129ec20d34d05ca9",
    "owningId": "txqLCQvX5m",
    "relatedId": "eH4ukP4Z9M"
  },
  {
    "objectId": "5df35769129ec20d34d05cab",
    "owningId": "zYlELYwRgC",
    "relatedId": "ybqBHNTukl"
  },
  {
    "objectId": "5df35769129ec20d34d05caa",
    "owningId": "zYlELYwRgC",
    "relatedId": "kfHiVkhmJw"
  },
  {
    "objectId": "5df35769129ec20d34d05cac",
    "owningId": "zYlELYwRgC",
    "relatedId": "GfbH7ZL96t"
  },
  {
    "objectId": "5df35769129ec20d34d05cad",
    "owningId": "zYlELYwRgC",
    "relatedId": "uMcuwqIuOO"
  },
  {
    "objectId": "5df35769129ec20d34d05caf",
    "owningId": "tuDAKAmArw",
    "relatedId": "ipeBiDGVIi"
  },
  {
    "objectId": "5df35769129ec20d34d05cae",
    "owningId": "3XE7gbxnyl",
    "relatedId": "0846MAAvNa"
  },
  {
    "objectId": "5df35769129ec20d34d05cb0",
    "owningId": "JSBlv2HpHI",
    "relatedId": "DELQ35aZvY"
  },
  {
    "objectId": "5df35769129ec20d34d05cb1",
    "owningId": "pmVE6VWlbv",
    "relatedId": "cdJxSwgKXl"
  },
  {
    "objectId": "5df35769129ec20d34d05cb2",
    "owningId": "GiCn9XwgdS",
    "relatedId": "IH8zlMrrmC"
  },
  {
    "objectId": "5df35769129ec20d34d05cb3",
    "owningId": "3XE7gbxnyl",
    "relatedId": "uPE1RovVKX"
  },
  {
    "objectId": "5df35769129ec20d34d05cb5",
    "owningId": "54NNeeXdMy",
    "relatedId": "KKnSID1wId"
  },
  {
    "objectId": "5df35769129ec20d34d05cb4",
    "owningId": "3XE7gbxnyl",
    "relatedId": "EK4gMe5sDS"
  },
  {
    "objectId": "5df35769129ec20d34d05cb6",
    "owningId": "0mL72PhOOP",
    "relatedId": "yuf57HgxHx"
  },
  {
    "objectId": "5df35769129ec20d34d05cb8",
    "owningId": "yNjJ8FqC96",
    "relatedId": "fAuHeJJcGb"
  },
  {
    "objectId": "5df35769129ec20d34d05cb7",
    "owningId": "54NNeeXdMy",
    "relatedId": "ltTan8NZv5"
  },
  {
    "objectId": "5df35769129ec20d34d05cb9",
    "owningId": "bEbhEzBRwz",
    "relatedId": "brQdL08QSV"
  },
  {
    "objectId": "5df35769129ec20d34d05cba",
    "owningId": "4J70WOOJf8",
    "relatedId": "bCWYHETs3p"
  },
  {
    "objectId": "5df35769129ec20d34d05cbb",
    "owningId": "XYFxIGEiWS",
    "relatedId": "RpKllwP8eT"
  },
  {
    "objectId": "5df35769129ec20d34d05cbc",
    "owningId": "EyHHk7kQJl",
    "relatedId": "qG9Gmw2pen"
  },
  {
    "objectId": "5df35769129ec20d34d05cbd",
    "owningId": "sPOwjHt6Io",
    "relatedId": "AQWByy0dYE"
  },
  {
    "objectId": "5df35769129ec20d34d05cbe",
    "owningId": "Zlz2RMqA0d",
    "relatedId": "NPjC0uWn1Z"
  },
  {
    "objectId": "5df35769129ec20d34d05cc4",
    "owningId": "Emoe43eGSa",
    "relatedId": "TbvrJQWuSw"
  },
  {
    "objectId": "5df35769129ec20d34d05cc5",
    "owningId": "CvfMw1YNkY",
    "relatedId": "4E8KZ8hzd1"
  },
  {
    "objectId": "5df3576a129ec20d34d05cd1",
    "owningId": "JMzEyp4O5r",
    "relatedId": "YzmoPceadW"
  },
  {
    "objectId": "5df3576a129ec20d34d05cd8",
    "owningId": "Qlu31PH9Xi",
    "relatedId": "KykmdfUaDw"
  },
  {
    "objectId": "5df3576a129ec20d34d05cd7",
    "owningId": "Qlu31PH9Xi",
    "relatedId": "zUANp4YbQP"
  },
  {
    "objectId": "5df3576a129ec20d34d05cda",
    "owningId": "yaoBGQ0P7I",
    "relatedId": "UzH2m28qCl"
  },
  {
    "objectId": "5df3576a129ec20d34d05ceb",
    "owningId": "w2v5wEaY3E",
    "relatedId": "09BHWMmKek"
  },
  {
    "objectId": "5df3576a129ec20d34d05cee",
    "owningId": "xiSDW9pmNI",
    "relatedId": "PCLVC8xuj9"
  },
  {
    "objectId": "5df3576a129ec20d34d05cf1",
    "owningId": "bmCjOUXP1a",
    "relatedId": "EZQzAmYJOg"
  },
  {
    "objectId": "5df3576a129ec20d34d05d0a",
    "owningId": "sMk9vEQ3is",
    "relatedId": "nyg18VWLl2"
  },
  {
    "objectId": "5df3576a129ec20d34d05d09",
    "owningId": "sMk9vEQ3is",
    "relatedId": "8sXCDPA9Ey"
  },
  {
    "objectId": "5df3576b129ec20d34d05d0e",
    "owningId": "qMeThfNEha",
    "relatedId": "jLlNaQCz6x"
  },
  {
    "objectId": "5df3576b129ec20d34d05d0f",
    "owningId": "qMeThfNEha",
    "relatedId": "AwfZOWhGbn"
  },
  {
    "objectId": "5df3576b129ec20d34d05d11",
    "owningId": "ECyo8AzZEs",
    "relatedId": "wb9qHLIXQz"
  },
  {
    "objectId": "5df35ab5129ec20d34d05f7e",
    "owningId": "R6Eq2V5pTZ",
    "relatedId": "0wwQMQsG8v"
  },
  {
    "objectId": "5df35ab5129ec20d34d05f7f",
    "owningId": "dVoCXoDR1V",
    "relatedId": "dpBo0cCIMj"
  },
  {
    "objectId": "5df35ab5129ec20d34d05f80",
    "owningId": "dVoCXoDR1V",
    "relatedId": "2VVzzZjHsh"
  },
  {
    "objectId": "5df35ab5129ec20d34d05f81",
    "owningId": "crgHfgrE3D",
    "relatedId": "mLSDe7ilAO"
  },
  {
    "objectId": "5df35ab5129ec20d34d05f82",
    "owningId": "ct5vu8k5Ul",
    "relatedId": "nHuZnCiNFu"
  },
  {
    "objectId": "5df35ab5129ec20d34d05f83",
    "owningId": "K64vvb7qnM",
    "relatedId": "FANBEyw9PK"
  },
  {
    "objectId": "5df35ab5129ec20d34d05f85",
    "owningId": "K64vvb7qnM",
    "relatedId": "Cig7kS6lzf"
  },
  {
    "objectId": "5df35ab5129ec20d34d05f87",
    "owningId": "1nRIZGTsCQ",
    "relatedId": "a3ZvyVYySd"
  },
  {
    "objectId": "5df35ab5129ec20d34d05f89",
    "owningId": "AHOk6fzFES",
    "relatedId": "Dqs5Z6AHWY"
  },
  {
    "objectId": "5df35ab5129ec20d34d05f84",
    "owningId": "K64vvb7qnM",
    "relatedId": "taTZKAyes4"
  },
  {
    "objectId": "5df35ab5129ec20d34d05f88",
    "owningId": "1nRIZGTsCQ",
    "relatedId": "jV9HPK0m6M"
  },
  {
    "objectId": "5df35ab5129ec20d34d05f86",
    "owningId": "K64vvb7qnM",
    "relatedId": "RZzbF5T7NY"
  },
  {
    "objectId": "5df35ab5129ec20d34d05f8b",
    "owningId": "WHjRnRc207",
    "relatedId": "5qJIz3BFtS"
  },
  {
    "objectId": "5df35ab5129ec20d34d05f8a",
    "owningId": "k0DvOEau2I",
    "relatedId": "FsrSxiUcN7"
  },
  {
    "objectId": "5df35ab5129ec20d34d05f8c",
    "owningId": "D8RfRGvd8p",
    "relatedId": "DPkEBRZspH"
  },
  {
    "objectId": "5df35ab5129ec20d34d05f8d",
    "owningId": "3lGcKgvt3H",
    "relatedId": "Qk5GJKOZgE"
  },
  {
    "objectId": "5df35ab5129ec20d34d05f8e",
    "owningId": "0dkQlK27Ri",
    "relatedId": "p77d6pQG15"
  },
  {
    "objectId": "5df35ab5129ec20d34d05f8f",
    "owningId": "Jwf4ClQ2Le",
    "relatedId": "oHKpwShpfd"
  },
  {
    "objectId": "5df35ab5129ec20d34d05f90",
    "owningId": "Jwf4ClQ2Le",
    "relatedId": "nWn99Hb4qP"
  },
  {
    "objectId": "5df35ab5129ec20d34d05f91",
    "owningId": "Jwf4ClQ2Le",
    "relatedId": "Mz22SvkToj"
  },
  {
    "objectId": "5df35ab5129ec20d34d05f92",
    "owningId": "yw81OLpyq1",
    "relatedId": "W89uGS0z0e"
  },
  {
    "objectId": "5df35ab5129ec20d34d05f93",
    "owningId": "heHsv0Fc6K",
    "relatedId": "XDI4LVQqq2"
  },
  {
    "objectId": "5df35ab5129ec20d34d05f94",
    "owningId": "8MNtlSuSCS",
    "relatedId": "nWPND4wtwC"
  },
  {
    "objectId": "5df35ab5129ec20d34d05f95",
    "owningId": "LrLczwtmVn",
    "relatedId": "M5E2B6yir6"
  },
  {
    "objectId": "5df35ab5129ec20d34d05f96",
    "owningId": "8Q0ROnSCsG",
    "relatedId": "4JryR6ADMz"
  },
  {
    "objectId": "5df35ab5129ec20d34d05f97",
    "owningId": "uCmMnTz4Ee",
    "relatedId": "wbAkzHDyMe"
  },
  {
    "objectId": "5df35ab5129ec20d34d05f98",
    "owningId": "BryOm6f3XQ",
    "relatedId": "bRxavnv4vJ"
  },
  {
    "objectId": "5df35ab5129ec20d34d05f99",
    "owningId": "wT20C1NjME",
    "relatedId": "H9U8ZEwNUb"
  },
  {
    "objectId": "5df35ab5129ec20d34d05f9a",
    "owningId": "IjL2NRxW9C",
    "relatedId": "yK2pDrU1qa"
  },
  {
    "objectId": "5df35ab5129ec20d34d05f9b",
    "owningId": "BPDpGD2z6m",
    "relatedId": "4oQU9QMsDo"
  },
  {
    "objectId": "5df35ab5129ec20d34d05f9c",
    "owningId": "1ZKNH6fqwX",
    "relatedId": "kjJqzk6vyo"
  },
  {
    "objectId": "5df35ab5129ec20d34d05f9d",
    "owningId": "QhQ8fpUe6c",
    "relatedId": "KqJGsQGyN6"
  },
  {
    "objectId": "5df35ab5129ec20d34d05f9e",
    "owningId": "1ZKNH6fqwX",
    "relatedId": "zc0H5zQcTr"
  },
  {
    "objectId": "5df35ab5129ec20d34d05f9f",
    "owningId": "1ZKNH6fqwX",
    "relatedId": "RC29uPhxhs"
  },
  {
    "objectId": "5df35ab5129ec20d34d05fa0",
    "owningId": "1ZKNH6fqwX",
    "relatedId": "LbFbR87Cv6"
  },
  {
    "objectId": "5df35ab5129ec20d34d05fa1",
    "owningId": "MYo47EmWhc",
    "relatedId": "CZZnb7tLZH"
  },
  {
    "objectId": "5df35ab5129ec20d34d05fa3",
    "owningId": "AHldL9dXlP",
    "relatedId": "7jU9SAS4NI"
  },
  {
    "objectId": "5df35ab5129ec20d34d05fa2",
    "owningId": "MYo47EmWhc",
    "relatedId": "s4oWwQdJ5r"
  },
  {
    "objectId": "5df35ab5129ec20d34d05fa5",
    "owningId": "edC4wCvqnI",
    "relatedId": "YQQSnJsLJI"
  },
  {
    "objectId": "5df35ab5129ec20d34d05fa4",
    "owningId": "BoS2xWpcpW",
    "relatedId": "fVMsCEcDXF"
  },
  {
    "objectId": "5df35ab5129ec20d34d05fa6",
    "owningId": "DcU3XzNv96",
    "relatedId": "21FFzpHmPG"
  },
  {
    "objectId": "5df35ab5129ec20d34d05fa8",
    "owningId": "xXYFd0SmIc",
    "relatedId": "PDwO12eAfq"
  },
  {
    "objectId": "5df35ab5129ec20d34d05fa7",
    "owningId": "xXYFd0SmIc",
    "relatedId": "BYubfDEF4H"
  },
  {
    "objectId": "5df35ab5129ec20d34d05fa9",
    "owningId": "mwMl4gHasJ",
    "relatedId": "sl15vFZqOS"
  },
  {
    "objectId": "5df35ab5129ec20d34d05faa",
    "owningId": "1XhkyTrmOQ",
    "relatedId": "4fSuf7UoO1"
  },
  {
    "objectId": "5df35ab5129ec20d34d05fab",
    "owningId": "1XhkyTrmOQ",
    "relatedId": "MNPain94vP"
  },
  {
    "objectId": "5df35ab5129ec20d34d05fac",
    "owningId": "qtSqsjFE8M",
    "relatedId": "FKAyWcfJF7"
  },
  {
    "objectId": "5df35ab5129ec20d34d05fad",
    "owningId": "OANO7UDvjF",
    "relatedId": "mrCycRoqYL"
  },
  {
    "objectId": "5df35ab5129ec20d34d05fae",
    "owningId": "ejmjHN3Hxp",
    "relatedId": "cFrw0m2CLp"
  },
  {
    "objectId": "5df35ab5129ec20d34d05faf",
    "owningId": "rRaksCHjPP",
    "relatedId": "aRfCdCZffr"
  },
  {
    "objectId": "5df3d178129ec20d34d068e3",
    "owningId": "TDFT1DMvpH",
    "relatedId": "T5CGxomDkF"
  },
  {
    "objectId": "5df3d179129ec20d34d068e6",
    "owningId": "6R93ivfKVw",
    "relatedId": "GkGXSYHyI6"
  },
  {
    "objectId": "5df3d179129ec20d34d068e5",
    "owningId": "6R93ivfKVw",
    "relatedId": "5QNfXypcoZ"
  },
  {
    "objectId": "5df3d179129ec20d34d068e7",
    "owningId": "6R93ivfKVw",
    "relatedId": "7PzDDTJzCv"
  },
  {
    "objectId": "5df3d179129ec20d34d068e8",
    "owningId": "6R93ivfKVw",
    "relatedId": "QPl9SHDwkQ"
  },
  {
    "objectId": "5df3d179129ec20d34d06905",
    "owningId": "ApKkVk3H8S",
    "relatedId": "7rBBztjAoE"
  },
  {
    "objectId": "5df3d179129ec20d34d06904",
    "owningId": "ApKkVk3H8S",
    "relatedId": "PqhmzBOX88"
  },
  {
    "objectId": "5df3d179129ec20d34d06903",
    "owningId": "ApKkVk3H8S",
    "relatedId": "ZKPkzUkeBm"
  },
  {
    "objectId": "5df3d179129ec20d34d06906",
    "owningId": "mFfHZvR386",
    "relatedId": "ZWaFtwWsWc"
  },
  {
    "objectId": "5df3d179129ec20d34d06907",
    "owningId": "mFfHZvR386",
    "relatedId": "zGjDeEFUsa"
  },
  {
    "objectId": "5df3d179129ec20d34d06908",
    "owningId": "YbkbfU6g5S",
    "relatedId": "YJyQIqTbFd"
  },
  {
    "objectId": "5df3d179129ec20d34d06909",
    "owningId": "fgwtzyouHH",
    "relatedId": "AUgbNyxtX4"
  },
  {
    "objectId": "5df3d179129ec20d34d0690a",
    "owningId": "fgwtzyouHH",
    "relatedId": "PNfq0YTVRZ"
  },
  {
    "objectId": "5df3d179129ec20d34d0690c",
    "owningId": "fgwtzyouHH",
    "relatedId": "ilERoCFKjQ"
  },
  {
    "objectId": "5df3d179129ec20d34d0690b",
    "owningId": "fgwtzyouHH",
    "relatedId": "H8PKxgsCcC"
  },
  {
    "objectId": "5df3d179129ec20d34d0690e",
    "owningId": "3Zf2YZLHUE",
    "relatedId": "Dz1lzb1jy3"
  },
  {
    "objectId": "5df3d179129ec20d34d06911",
    "owningId": "CJS7utY5p9",
    "relatedId": "1VY6uzhVBL"
  },
  {
    "objectId": "5df3d179129ec20d34d06912",
    "owningId": "L55azYFYAx",
    "relatedId": "vDGVX13hwp"
  },
  {
    "objectId": "5df3d179129ec20d34d06914",
    "owningId": "LhXFAUVORn",
    "relatedId": "ZpeQDGJBHD"
  },
  {
    "objectId": "5df3d179129ec20d34d06915",
    "owningId": "I2UI4bWsxX",
    "relatedId": "hCMchdvO3f"
  },
  {
    "objectId": "5df3d179129ec20d34d06916",
    "owningId": "ZcDnfHcZwz",
    "relatedId": "HgopkZ76JN"
  },
  {
    "objectId": "5df3d179129ec20d34d06917",
    "owningId": "UmiqjEKyEV",
    "relatedId": "JwLcSgHVcX"
  },
  {
    "objectId": "5df3d179129ec20d34d06919",
    "owningId": "er5tr3gC68",
    "relatedId": "Bx2pnPjxOE"
  },
  {
    "objectId": "5df3d179129ec20d34d06918",
    "owningId": "er5tr3gC68",
    "relatedId": "WPEbBow52J"
  },
  {
    "objectId": "5df3d179129ec20d34d0691a",
    "owningId": "OsCE5EEBMV",
    "relatedId": "Ck6PzIoicZ"
  },
  {
    "objectId": "5df3d179129ec20d34d0691b",
    "owningId": "j7yUyMUAk6",
    "relatedId": "PDyZTurlD8"
  },
  {
    "objectId": "5df3d179129ec20d34d0691c",
    "owningId": "2lzZKWDeo1",
    "relatedId": "ZCkOdGLY9M"
  },
  {
    "objectId": "5df3d179129ec20d34d0691d",
    "owningId": "bQL6iP3WxH",
    "relatedId": "NGDITSflQm"
  },
  {
    "objectId": "5df3d179129ec20d34d0691e",
    "owningId": "bQL6iP3WxH",
    "relatedId": "9BJ6CgHkvK"
  },
  {
    "objectId": "5df3d179129ec20d34d0691f",
    "owningId": "5X6We9qKDl",
    "relatedId": "Ol6svebiW8"
  },
  {
    "objectId": "5df3d179129ec20d34d06920",
    "owningId": "5X6We9qKDl",
    "relatedId": "JOk0lNDVnT"
  },
  {
    "objectId": "5df3d179129ec20d34d06921",
    "owningId": "pRy40KC0Wd",
    "relatedId": "oLNO1avm7f"
  },
  {
    "objectId": "5df3d179129ec20d34d06923",
    "owningId": "YoUYCZnb6W",
    "relatedId": "8Wqab5AsoZ"
  },
  {
    "objectId": "5df3d179129ec20d34d06922",
    "owningId": "YoUYCZnb6W",
    "relatedId": "l5chkfjsQi"
  },
  {
    "objectId": "5df3d179129ec20d34d06924",
    "owningId": "6VAGG4QldJ",
    "relatedId": "3sxaG44eT5"
  },
  {
    "objectId": "5df3d179129ec20d34d06925",
    "owningId": "Ibl1aWDEcB",
    "relatedId": "cqEGXL4FNM"
  },
  {
    "objectId": "5df3d179129ec20d34d06926",
    "owningId": "BPrOF0gCKu",
    "relatedId": "RrABqGeGpZ"
  },
  {
    "objectId": "5df3d179129ec20d34d06928",
    "owningId": "FVnV5tnNLk",
    "relatedId": "39VCqR7duk"
  },
  {
    "objectId": "5df3d179129ec20d34d06927",
    "owningId": "CB7NINGFPe",
    "relatedId": "CHlenTtVla"
  },
  {
    "objectId": "5df3d179129ec20d34d0692d",
    "owningId": "0H0B6tQ4qW",
    "relatedId": "iKRygDya2U"
  },
  {
    "objectId": "5df3d179129ec20d34d0692c",
    "owningId": "XpzykkRypS",
    "relatedId": "mg5zFlXmjb"
  },
  {
    "objectId": "5df3d179129ec20d34d0692f",
    "owningId": "C0i0CI5sFb",
    "relatedId": "vpUccX5Nov"
  },
  {
    "objectId": "5df3d179129ec20d34d06930",
    "owningId": "Gy0RWmi8qD",
    "relatedId": "RVdLxUjjm7"
  },
  {
    "objectId": "5df3d179129ec20d34d06931",
    "owningId": "kYsCxiT4ie",
    "relatedId": "AZtuOhHJ5b"
  },
  {
    "objectId": "5df3d179129ec20d34d06932",
    "owningId": "2GbLCe7ErK",
    "relatedId": "2SLooQftAy"
  },
  {
    "objectId": "5df3d179129ec20d34d06933",
    "owningId": "pI9R9BtoOd",
    "relatedId": "qdqgWexNTJ"
  },
  {
    "objectId": "5df3d179129ec20d34d06935",
    "owningId": "qDnwmLEjYM",
    "relatedId": "010kEOYkGv"
  },
  {
    "objectId": "5df3d179129ec20d34d06936",
    "owningId": "7AOLBsJCN1",
    "relatedId": "3SudBlHEm3"
  },
  {
    "objectId": "5df3d179129ec20d34d06934",
    "owningId": "RnbB4i3WR6",
    "relatedId": "91KMdTi2M0"
  },
  {
    "objectId": "5df3d179129ec20d34d06937",
    "owningId": "IBXZBWhqiw",
    "relatedId": "nnOfGsHm8v"
  },
  {
    "objectId": "5df3d2bf129ec20d34d06aaf",
    "owningId": "8dTz96ueSJ",
    "relatedId": "mR7qdHSWv8"
  },
  {
    "objectId": "5df3d2bf129ec20d34d06ab1",
    "owningId": "4d3BSp2vuQ",
    "relatedId": "Opn9YY09St"
  },
  {
    "objectId": "5df3d2bf129ec20d34d06ab3",
    "owningId": "4d3BSp2vuQ",
    "relatedId": "hfVp8yG7Mr"
  },
  {
    "objectId": "5df3d2bf129ec20d34d06ab0",
    "owningId": "4d3BSp2vuQ",
    "relatedId": "IbdWWQoWPa"
  },
  {
    "objectId": "5df3d2bf129ec20d34d06ab4",
    "owningId": "sDCNZS8nmq",
    "relatedId": "CudpxiHny7"
  },
  {
    "objectId": "5df3d2bf129ec20d34d06ab2",
    "owningId": "4d3BSp2vuQ",
    "relatedId": "ryIuDmr9Ka"
  },
  {
    "objectId": "5df3d2bf129ec20d34d06ab5",
    "owningId": "ik0jiXgojE",
    "relatedId": "jr7awXLR5Q"
  },
  {
    "objectId": "5df3d2bf129ec20d34d06ab6",
    "owningId": "3b3k8wODLA",
    "relatedId": "0F1pcAoy1X"
  },
  {
    "objectId": "5df3d2bf129ec20d34d06ab7",
    "owningId": "3b3k8wODLA",
    "relatedId": "Bdtnx1rMmK"
  },
  {
    "objectId": "5df3d2bf129ec20d34d06ab8",
    "owningId": "7A4XL5MlfP",
    "relatedId": "rkFiWpOUPS"
  },
  {
    "objectId": "5df3d2bf129ec20d34d06ab9",
    "owningId": "N7O4MYFCSJ",
    "relatedId": "FwovOxwQHn"
  },
  {
    "objectId": "5df3d2bf129ec20d34d06aba",
    "owningId": "CeFr2tz78W",
    "relatedId": "kLkcyyoUkF"
  },
  {
    "objectId": "5df3d2bf129ec20d34d06abb",
    "owningId": "fdLjVELHq6",
    "relatedId": "O5skfEadF6"
  },
  {
    "objectId": "5df3d2bf129ec20d34d06abc",
    "owningId": "c1iw5K8qz5",
    "relatedId": "GZvwug4A7w"
  },
  {
    "objectId": "5df3d2bf129ec20d34d06abd",
    "owningId": "86qdOqEGTF",
    "relatedId": "gVgu4fg5ic"
  },
  {
    "objectId": "5df3d2bf129ec20d34d06abf",
    "owningId": "QyIdxUMUEx",
    "relatedId": "WdbzBzOyqh"
  },
  {
    "objectId": "5df3d2bf129ec20d34d06abe",
    "owningId": "86qdOqEGTF",
    "relatedId": "DTVFbch7Ms"
  },
  {
    "objectId": "5df3d2bf129ec20d34d06ac0",
    "owningId": "PKmigUWiwm",
    "relatedId": "ByFe2BKB4Q"
  },
  {
    "objectId": "5df3d2bf129ec20d34d06ac4",
    "owningId": "y77mGqirU3",
    "relatedId": "oOfkUUlxjl"
  },
  {
    "objectId": "5df3d2bf129ec20d34d06ac1",
    "owningId": "V58Wg4Eyv7",
    "relatedId": "vAYoLMqim0"
  },
  {
    "objectId": "5df3d2bf129ec20d34d06ac2",
    "owningId": "anVhWt6sY3",
    "relatedId": "OIXQdIq29F"
  },
  {
    "objectId": "5df3d2bf129ec20d34d06ac3",
    "owningId": "V58Wg4Eyv7",
    "relatedId": "RsRCCxQpQt"
  },
  {
    "objectId": "5df3d2bf129ec20d34d06ac5",
    "owningId": "O0go2dYiHM",
    "relatedId": "8owokAvDDo"
  },
  {
    "objectId": "5df3d2bf129ec20d34d06ac6",
    "owningId": "lYBI6bf2Ef",
    "relatedId": "iDHWYH9uW9"
  },
  {
    "objectId": "5df3d2bf129ec20d34d06acb",
    "owningId": "QF9q4HwZRT",
    "relatedId": "eiVq5PM6Hy"
  },
  {
    "objectId": "5df3d2bf129ec20d34d06ac7",
    "owningId": "4EqczzWEG3",
    "relatedId": "Qw8qx6GbFH"
  },
  {
    "objectId": "5df3d2bf129ec20d34d06ac9",
    "owningId": "4aK0PbFanY",
    "relatedId": "TmY0fD8RqC"
  },
  {
    "objectId": "5df3d2bf129ec20d34d06ac8",
    "owningId": "3nkUz8CDwU",
    "relatedId": "kcII4VbOJa"
  },
  {
    "objectId": "5df3d2bf129ec20d34d06aca",
    "owningId": "QF9q4HwZRT",
    "relatedId": "XBZhbAjP1M"
  },
  {
    "objectId": "5df3d2bf129ec20d34d06acc",
    "owningId": "l3gk6A9m7P",
    "relatedId": "593fh4YMOG"
  },
  {
    "objectId": "5df3d2bf129ec20d34d06acd",
    "owningId": "rZ3iWk57zF",
    "relatedId": "P9YaeJHuCn"
  },
  {
    "objectId": "5df3d2bf129ec20d34d06ace",
    "owningId": "rZ3iWk57zF",
    "relatedId": "nRjgn6faJU"
  },
  {
    "objectId": "5df3d2bf129ec20d34d06ad0",
    "owningId": "PGstjv91WT",
    "relatedId": "s6UyEAtJTl"
  },
  {
    "objectId": "5df3d2bf129ec20d34d06ad1",
    "owningId": "r1k8wxe5hS",
    "relatedId": "SjqRMlcVWF"
  },
  {
    "objectId": "5df3d2bf129ec20d34d06ad2",
    "owningId": "7a0oGpk74s",
    "relatedId": "zPZSh4vCHC"
  },
  {
    "objectId": "5df3d2c0129ec20d34d06ad3",
    "owningId": "ePC0XPwpZC",
    "relatedId": "jdLs3GCqJo"
  },
  {
    "objectId": "5df3d2c0129ec20d34d06ad7",
    "owningId": "49tiOSGHuN",
    "relatedId": "LivnqXB458"
  },
  {
    "objectId": "5df3d2c0129ec20d34d06ad5",
    "owningId": "ePC0XPwpZC",
    "relatedId": "IfGolIWlLN"
  },
  {
    "objectId": "5df3d2c0129ec20d34d06ad6",
    "owningId": "ePC0XPwpZC",
    "relatedId": "6SbEYCtRLe"
  },
  {
    "objectId": "5df3d2c0129ec20d34d06ad9",
    "owningId": "49tiOSGHuN",
    "relatedId": "mj2ZQpFDRg"
  },
  {
    "objectId": "5df3d2c0129ec20d34d06ad4",
    "owningId": "ePC0XPwpZC",
    "relatedId": "aqIEQgAwQh"
  },
  {
    "objectId": "5df3d2c0129ec20d34d06ad8",
    "owningId": "49tiOSGHuN",
    "relatedId": "to6LX8i3w5"
  },
  {
    "objectId": "5df3d2c0129ec20d34d06ada",
    "owningId": "sYaTpcbGSv",
    "relatedId": "3eoMzyJGA1"
  },
  {
    "objectId": "5df3d2c0129ec20d34d06adb",
    "owningId": "yPmG7SoZDT",
    "relatedId": "aeeTOaiH3C"
  },
  {
    "objectId": "5df3d2c0129ec20d34d06adc",
    "owningId": "WKYbPeL3II",
    "relatedId": "6rIhGhDi92"
  },
  {
    "objectId": "5df3d2c0129ec20d34d06add",
    "owningId": "YzMDe3ndRA",
    "relatedId": "5sQWbxllFJ"
  },
  {
    "objectId": "5df3d2c0129ec20d34d06ade",
    "owningId": "6bTcNkFqJw",
    "relatedId": "eSiO38rlE1"
  },
  {
    "objectId": "5df3d2c0129ec20d34d06adf",
    "owningId": "3UAd9B4eTA",
    "relatedId": "oVuzS0qD9t"
  },
  {
    "objectId": "5df3d2c0129ec20d34d06ae0",
    "owningId": "wcHTFcJRlQ",
    "relatedId": "5CIlIGBkrI"
  },
  {
    "objectId": "5df3d2c0129ec20d34d06ae1",
    "owningId": "FzERCgLPGO",
    "relatedId": "NkaQjeHNxs"
  },
  {
    "objectId": "5df3d31f129ec20d34d06db2",
    "owningId": "7HJCIaccgr",
    "relatedId": "FhIL5po79n"
  },
  {
    "objectId": "5df3d31f129ec20d34d06db1",
    "owningId": "7HJCIaccgr",
    "relatedId": "CgdDDD3ygA"
  },
  {
    "objectId": "5df3d31f129ec20d34d06db3",
    "owningId": "jTsYAQ5B4l",
    "relatedId": "EcuYp9Shhr"
  },
  {
    "objectId": "5df3d320129ec20d34d06db5",
    "owningId": "rnLnG9q3yH",
    "relatedId": "ZPSWY5Jp0C"
  },
  {
    "objectId": "5df3d320129ec20d34d06db4",
    "owningId": "rnLnG9q3yH",
    "relatedId": "lTPPskcSF5"
  },
  {
    "objectId": "5df3d320129ec20d34d06db6",
    "owningId": "rnLnG9q3yH",
    "relatedId": "vFkK4Re6y6"
  },
  {
    "objectId": "5df3d320129ec20d34d06db7",
    "owningId": "rnLnG9q3yH",
    "relatedId": "CPVteuiB8v"
  },
  {
    "objectId": "5df3d320129ec20d34d06db8",
    "owningId": "0K381cJjEy",
    "relatedId": "ZhQXR6Gek1"
  },
  {
    "objectId": "5df3d320129ec20d34d06db9",
    "owningId": "TTkQhn5R5W",
    "relatedId": "JG6nysaROx"
  },
  {
    "objectId": "5df3d320129ec20d34d06dba",
    "owningId": "RDSGinEcvA",
    "relatedId": "GlMvAOlPE1"
  },
  {
    "objectId": "5df3d320129ec20d34d06dbb",
    "owningId": "MZiiFfl9Vm",
    "relatedId": "b0taVvGsIq"
  },
  {
    "objectId": "5df3d320129ec20d34d06dbc",
    "owningId": "EYWc1glF4X",
    "relatedId": "BCH4rYa191"
  },
  {
    "objectId": "5df3d320129ec20d34d06dbd",
    "owningId": "02njHHYJLi",
    "relatedId": "InB4CqFIzY"
  },
  {
    "objectId": "5df3d320129ec20d34d06dbe",
    "owningId": "02njHHYJLi",
    "relatedId": "dzOZ6E6Wtf"
  },
  {
    "objectId": "5df3d320129ec20d34d06dbf",
    "owningId": "vgDIEn82UH",
    "relatedId": "Wtj5BDeNg3"
  },
  {
    "objectId": "5df3d320129ec20d34d06dc1",
    "owningId": "ncJlaATSyt",
    "relatedId": "Rg3PlI7DP9"
  },
  {
    "objectId": "5df3d320129ec20d34d06dc0",
    "owningId": "ncJlaATSyt",
    "relatedId": "lW121TSeKj"
  },
  {
    "objectId": "5df3d320129ec20d34d06dc3",
    "owningId": "kvrE2iJYun",
    "relatedId": "E8r1KXrnTD"
  },
  {
    "objectId": "5df3d320129ec20d34d06dc2",
    "owningId": "ncJlaATSyt",
    "relatedId": "4pSGu7cGNP"
  },
  {
    "objectId": "5df3d320129ec20d34d06dc4",
    "owningId": "dlgUCFFuuZ",
    "relatedId": "nrtOQgXCm0"
  },
  {
    "objectId": "5df3d320129ec20d34d06dc5",
    "owningId": "dlgUCFFuuZ",
    "relatedId": "azyhDWY9vc"
  },
  {
    "objectId": "5df3d320129ec20d34d06dc6",
    "owningId": "dlgUCFFuuZ",
    "relatedId": "xuEn5aT49M"
  },
  {
    "objectId": "5df3d320129ec20d34d06dc7",
    "owningId": "oFXYcYWsGG",
    "relatedId": "edUjJLeIrA"
  },
  {
    "objectId": "5df3d320129ec20d34d06dc9",
    "owningId": "dlgUCFFuuZ",
    "relatedId": "NQD4DKeJb0"
  },
  {
    "objectId": "5df3d320129ec20d34d06dc8",
    "owningId": "SprVxGYO9S",
    "relatedId": "57hrkrb3ov"
  },
  {
    "objectId": "5df3d320129ec20d34d06dcb",
    "owningId": "LTO4wOUTAC",
    "relatedId": "zdDtZq4Mvc"
  },
  {
    "objectId": "5df3d320129ec20d34d06dca",
    "owningId": "0b3ESyvJJr",
    "relatedId": "B0xiEvKBMK"
  },
  {
    "objectId": "5df3d320129ec20d34d06dcc",
    "owningId": "iRKXvYoVd5",
    "relatedId": "Ko4IlYcmLK"
  },
  {
    "objectId": "5df3d320129ec20d34d06dcd",
    "owningId": "yTC92lLZn8",
    "relatedId": "AtbCCAuu8b"
  },
  {
    "objectId": "5df3d320129ec20d34d06dcf",
    "owningId": "ztNr2TVXrL",
    "relatedId": "e5uRND0usM"
  },
  {
    "objectId": "5df3d320129ec20d34d06dce",
    "owningId": "ZEU3CJ7ij2",
    "relatedId": "g3UoImGqU6"
  },
  {
    "objectId": "5df3d320129ec20d34d06dd0",
    "owningId": "iBzQCMdR8S",
    "relatedId": "SnYgwXomwQ"
  },
  {
    "objectId": "5df3d320129ec20d34d06dd1",
    "owningId": "VE6vY1iAqO",
    "relatedId": "5yMYXwwQ0c"
  },
  {
    "objectId": "5df3d320129ec20d34d06dd2",
    "owningId": "H7yElG63Jg",
    "relatedId": "JrCbga7Fpr"
  },
  {
    "objectId": "5df3d320129ec20d34d06dd3",
    "owningId": "gZVQzhZyv3",
    "relatedId": "JfWDpTDvDs"
  },
  {
    "objectId": "5df3d320129ec20d34d06dd4",
    "owningId": "d4KdsqvRwC",
    "relatedId": "soUoVRz8sM"
  },
  {
    "objectId": "5df3d320129ec20d34d06dd6",
    "owningId": "CxODEVlJZ5",
    "relatedId": "jbiCElLNpp"
  },
  {
    "objectId": "5df3d320129ec20d34d06dd5",
    "owningId": "3Ab7fQHteN",
    "relatedId": "04N2L3sr2C"
  },
  {
    "objectId": "5df3d320129ec20d34d06dd7",
    "owningId": "zJCBfLOR72",
    "relatedId": "K63oFgATZp"
  },
  {
    "objectId": "5df3d320129ec20d34d06dd8",
    "owningId": "GZz8jZ3AHn",
    "relatedId": "WYYfKiBiN1"
  },
  {
    "objectId": "5df3d320129ec20d34d06dda",
    "owningId": "Si9xO7FuAe",
    "relatedId": "MmvEVAfifB"
  },
  {
    "objectId": "5df3d320129ec20d34d06dd9",
    "owningId": "Si9xO7FuAe",
    "relatedId": "l3IeXxH0aw"
  },
  {
    "objectId": "5df3d320129ec20d34d06ddb",
    "owningId": "Ui6HG7ZS3O",
    "relatedId": "WnqXwdUbY6"
  },
  {
    "objectId": "5df3d320129ec20d34d06ddc",
    "owningId": "ZrzSpduBpO",
    "relatedId": "xC0m5cLP1Y"
  },
  {
    "objectId": "5df3d320129ec20d34d06ddd",
    "owningId": "ZrzSpduBpO",
    "relatedId": "8yY61qpBSm"
  },
  {
    "objectId": "5df3d320129ec20d34d06dde",
    "owningId": "MKK4iLmZpt",
    "relatedId": "ArXs1e9k3Y"
  },
  {
    "objectId": "5df3d320129ec20d34d06ddf",
    "owningId": "MKK4iLmZpt",
    "relatedId": "LVMukEr4SC"
  },
  {
    "objectId": "5df3d320129ec20d34d06de0",
    "owningId": "YBjdTDh6zR",
    "relatedId": "cY4Mmm60i3"
  },
  {
    "objectId": "5df3d320129ec20d34d06de1",
    "owningId": "1u6vPdLczy",
    "relatedId": "vxrnG92jxq"
  },
  {
    "objectId": "5df3d320129ec20d34d06de2",
    "owningId": "DpVGlEWxLQ",
    "relatedId": "KrdYtikgwW"
  },
  {
    "objectId": "5df3d65e129ec20d34d06fee",
    "owningId": "hb5nxGQc8a",
    "relatedId": "5BRflec0wT"
  },
  {
    "objectId": "5df3d65e129ec20d34d06ff2",
    "owningId": "wy46XtuXZq",
    "relatedId": "pRA7AnrIFo"
  },
  {
    "objectId": "5df3d65e129ec20d34d06fef",
    "owningId": "hb5nxGQc8a",
    "relatedId": "MVtXW9arIZ"
  },
  {
    "objectId": "5df3d65e129ec20d34d06ff1",
    "owningId": "hb5nxGQc8a",
    "relatedId": "QZwSKsDucX"
  },
  {
    "objectId": "5df3d65e129ec20d34d06ff0",
    "owningId": "hb5nxGQc8a",
    "relatedId": "JlVobqgLGh"
  },
  {
    "objectId": "5df3d65e129ec20d34d06ff3",
    "owningId": "e4h0X2EXgW",
    "relatedId": "Wbqph9BZJh"
  },
  {
    "objectId": "5df3d65e129ec20d34d06ff4",
    "owningId": "USrTF5NJE5",
    "relatedId": "eYbzv4NPfM"
  },
  {
    "objectId": "5df3d65e129ec20d34d06ff5",
    "owningId": "H9NBCoVlef",
    "relatedId": "KWuEUqQkcD"
  },
  {
    "objectId": "5df3d65e129ec20d34d06ff6",
    "owningId": "hcC3SCOxbj",
    "relatedId": "tAjXgtsF53"
  },
  {
    "objectId": "5df3d65e129ec20d34d06ff7",
    "owningId": "X6ZedPWL6p",
    "relatedId": "Wq8hMZf65s"
  },
  {
    "objectId": "5df3d65e129ec20d34d06ff8",
    "owningId": "lQfYOnq0P0",
    "relatedId": "y1uEtWkzxW"
  },
  {
    "objectId": "5df3d65e129ec20d34d06ffa",
    "owningId": "lQfYOnq0P0",
    "relatedId": "EpBwAALObB"
  },
  {
    "objectId": "5df3d65e129ec20d34d06ff9",
    "owningId": "4v8FON66Ke",
    "relatedId": "UsuHDrzdvI"
  },
  {
    "objectId": "5df3d65e129ec20d34d06ffb",
    "owningId": "4v8FON66Ke",
    "relatedId": "cXOQUvt6og"
  },
  {
    "objectId": "5df3d65e129ec20d34d06ffe",
    "owningId": "Kaz6OtQLXW",
    "relatedId": "oVsh1bB9OS"
  },
  {
    "objectId": "5df3d65e129ec20d34d06fff",
    "owningId": "kytEWRhGZ0",
    "relatedId": "FaOfHYKXm5"
  },
  {
    "objectId": "5df3d65e129ec20d34d06ffd",
    "owningId": "4v8FON66Ke",
    "relatedId": "F4Z4Jr1VcO"
  },
  {
    "objectId": "5df3d65e129ec20d34d06ffc",
    "owningId": "gIKCFXmKV3",
    "relatedId": "pStrzNRT0r"
  },
  {
    "objectId": "5df3d65e129ec20d34d07000",
    "owningId": "HhVSEUNLYc",
    "relatedId": "ghYnir3H56"
  },
  {
    "objectId": "5df3d65e129ec20d34d07001",
    "owningId": "PAu5RLlrYc",
    "relatedId": "PFWCwg9Xaa"
  },
  {
    "objectId": "5df3d65e129ec20d34d07002",
    "owningId": "FchTRsqCHa",
    "relatedId": "UN1YFMkuR8"
  },
  {
    "objectId": "5df3d65e129ec20d34d07003",
    "owningId": "AZFZagCOg3",
    "relatedId": "vWY03bZP8V"
  },
  {
    "objectId": "5df3d65e129ec20d34d07004",
    "owningId": "ub3Iowk2t9",
    "relatedId": "t0UPMWuUus"
  },
  {
    "objectId": "5df3d65e129ec20d34d07005",
    "owningId": "T8sb9vHmXg",
    "relatedId": "03p6uaF0JD"
  },
  {
    "objectId": "5df3d65e129ec20d34d07006",
    "owningId": "xOzQDBCPhY",
    "relatedId": "sZb0FFLFIl"
  },
  {
    "objectId": "5df3d65e129ec20d34d07007",
    "owningId": "YWVns6MSS3",
    "relatedId": "SgvFsnieD6"
  },
  {
    "objectId": "5df3d65e129ec20d34d0700c",
    "owningId": "4YZtJ5tSoF",
    "relatedId": "2s8rhJZKsd"
  },
  {
    "objectId": "5df3d65e129ec20d34d07008",
    "owningId": "YWVns6MSS3",
    "relatedId": "mCBVgXCkdv"
  },
  {
    "objectId": "5df3d65e129ec20d34d0700a",
    "owningId": "YWVns6MSS3",
    "relatedId": "R5wqKnVQI7"
  },
  {
    "objectId": "5df3d65e129ec20d34d07009",
    "owningId": "YWVns6MSS3",
    "relatedId": "PsPjS5snoI"
  },
  {
    "objectId": "5df3d65e129ec20d34d0700b",
    "owningId": "xOzQDBCPhY",
    "relatedId": "l4EMD98tOM"
  },
  {
    "objectId": "5df3d65e129ec20d34d0700d",
    "owningId": "4SAQKsoF3l",
    "relatedId": "XEJ4YujdrG"
  },
  {
    "objectId": "5df3d65e129ec20d34d0700e",
    "owningId": "oDXH2JCbdJ",
    "relatedId": "39RwIB22Vd"
  },
  {
    "objectId": "5df3d65e129ec20d34d0700f",
    "owningId": "TijzUk1wjq",
    "relatedId": "z7AWklG4HV"
  },
  {
    "objectId": "5df3d65e129ec20d34d07010",
    "owningId": "H3yW6UuG6B",
    "relatedId": "BWurwVmClU"
  },
  {
    "objectId": "5df3d65e129ec20d34d07012",
    "owningId": "Yf7aFAyLsn",
    "relatedId": "m5poWoyD4T"
  },
  {
    "objectId": "5df3d65e129ec20d34d07011",
    "owningId": "Yf7aFAyLsn",
    "relatedId": "CFBEGk1E4D"
  },
  {
    "objectId": "5df3d65e129ec20d34d07013",
    "owningId": "2oBYxrrMwH",
    "relatedId": "5JXyo67CZM"
  },
  {
    "objectId": "5df3d65e129ec20d34d07014",
    "owningId": "7OMNW1IvtL",
    "relatedId": "oDy6KXlni5"
  },
  {
    "objectId": "5df3d65e129ec20d34d07015",
    "owningId": "z5OgwbPXp1",
    "relatedId": "dBbsySN9nH"
  },
  {
    "objectId": "5df3d65e129ec20d34d07016",
    "owningId": "XhnWhlnXVn",
    "relatedId": "fRyKNWC4ek"
  },
  {
    "objectId": "5df3d65e129ec20d34d07017",
    "owningId": "cp6DBMAa0B",
    "relatedId": "Lanjz6LodS"
  },
  {
    "objectId": "5df3d65e129ec20d34d07019",
    "owningId": "QSCighfdQC",
    "relatedId": "LmqcDcUo1H"
  },
  {
    "objectId": "5df3d65e129ec20d34d07018",
    "owningId": "QSCighfdQC",
    "relatedId": "SLPFVzJMLn"
  },
  {
    "objectId": "5df3d65e129ec20d34d0701b",
    "owningId": "B2OxvnymcT",
    "relatedId": "W3glnpqs4D"
  },
  {
    "objectId": "5df3d65e129ec20d34d0701c",
    "owningId": "X5YfUngDK2",
    "relatedId": "c9MybXai8E"
  },
  {
    "objectId": "5df3d65e129ec20d34d0701a",
    "owningId": "X5YfUngDK2",
    "relatedId": "dlqtkfYOFd"
  },
  {
    "objectId": "5df3d65f129ec20d34d0701d",
    "owningId": "lqwtphASg4",
    "relatedId": "kOPGVkxrz7"
  },
  {
    "objectId": "5df3d65f129ec20d34d0701e",
    "owningId": "Chvu7yqK9M",
    "relatedId": "QByZu5Qzss"
  },
  {
    "objectId": "5df3d65f129ec20d34d0701f",
    "owningId": "85EAg5TSSC",
    "relatedId": "pM6DqXTfBk"
  },
  {
    "objectId": "5df3d70c129ec20d34d0733b",
    "owningId": "Ti27yLcoql",
    "relatedId": "MUuMtR6VFW"
  },
  {
    "objectId": "5df3d70c129ec20d34d0733e",
    "owningId": "Ti27yLcoql",
    "relatedId": "X2nWAjoEzm"
  },
  {
    "objectId": "5df3d70c129ec20d34d0733d",
    "owningId": "Ti27yLcoql",
    "relatedId": "mrg4Zm1ao8"
  },
  {
    "objectId": "5df3d70c129ec20d34d0733c",
    "owningId": "Ti27yLcoql",
    "relatedId": "nQS2kHwsxE"
  },
  {
    "objectId": "5df3d70d129ec20d34d0733f",
    "owningId": "2hmH8VhRZN",
    "relatedId": "W8Ilo2rAhY"
  },
  {
    "objectId": "5df3d70d129ec20d34d07340",
    "owningId": "0hoZeCQnzs",
    "relatedId": "PrWe3baBrN"
  },
  {
    "objectId": "5df3d70d129ec20d34d07342",
    "owningId": "uVQeICE8mb",
    "relatedId": "HsQsL2UAdA"
  },
  {
    "objectId": "5df3d70d129ec20d34d07341",
    "owningId": "0hoZeCQnzs",
    "relatedId": "sgzvCbeHeH"
  },
  {
    "objectId": "5df3d70d129ec20d34d07343",
    "owningId": "n4Aswzk9os",
    "relatedId": "f9QG0EZlBe"
  },
  {
    "objectId": "5df3d70d129ec20d34d07344",
    "owningId": "JKhwzwupdX",
    "relatedId": "ukXSTDXWMU"
  },
  {
    "objectId": "5df3d70d129ec20d34d07346",
    "owningId": "EHwOUR0RVY",
    "relatedId": "acZoAdbLcR"
  },
  {
    "objectId": "5df3d70d129ec20d34d07345",
    "owningId": "XPtN4pveDF",
    "relatedId": "OyV9SHlgct"
  },
  {
    "objectId": "5df3d70d129ec20d34d07347",
    "owningId": "p0acGUqy7P",
    "relatedId": "XFccR5hADE"
  },
  {
    "objectId": "5df3d70d129ec20d34d07348",
    "owningId": "Yu8JJM8WWQ",
    "relatedId": "m2wopYYAAg"
  },
  {
    "objectId": "5df3d70d129ec20d34d07349",
    "owningId": "Yu8JJM8WWQ",
    "relatedId": "KfsdyqfzH9"
  },
  {
    "objectId": "5df3d70d129ec20d34d0734a",
    "owningId": "Yu8JJM8WWQ",
    "relatedId": "Z3CCxZwp5m"
  },
  {
    "objectId": "5df3d70d129ec20d34d0734b",
    "owningId": "MAceNaOGZT",
    "relatedId": "0K8Bx3m0um"
  },
  {
    "objectId": "5df3d70d129ec20d34d0734c",
    "owningId": "cJjyNNWfaJ",
    "relatedId": "nsyU9yzSIm"
  },
  {
    "objectId": "5df3d70d129ec20d34d0734d",
    "owningId": "bucrlQBaRD",
    "relatedId": "Pl0t6695cl"
  },
  {
    "objectId": "5df3d70d129ec20d34d0734f",
    "owningId": "bucrlQBaRD",
    "relatedId": "ro3DABzFvW"
  },
  {
    "objectId": "5df3d70d129ec20d34d0734e",
    "owningId": "bucrlQBaRD",
    "relatedId": "DehrYHEuul"
  },
  {
    "objectId": "5df3d70d129ec20d34d07351",
    "owningId": "O5HzAUzGxE",
    "relatedId": "Ag099nDruS"
  },
  {
    "objectId": "5df3d70d129ec20d34d07350",
    "owningId": "bucrlQBaRD",
    "relatedId": "0AtoCVfq75"
  },
  {
    "objectId": "5df3d70d129ec20d34d07352",
    "owningId": "sC6T8Ur8vs",
    "relatedId": "43hriGuuls"
  },
  {
    "objectId": "5df3d70d129ec20d34d07354",
    "owningId": "PA2lRwOcRs",
    "relatedId": "FderCRI4Su"
  },
  {
    "objectId": "5df3d70d129ec20d34d07353",
    "owningId": "OKFfcv8ViQ",
    "relatedId": "cWIQ7XAafX"
  },
  {
    "objectId": "5df3d70d129ec20d34d07355",
    "owningId": "9NeoPtLPvR",
    "relatedId": "rKusEdxh6m"
  },
  {
    "objectId": "5df3d70d129ec20d34d07356",
    "owningId": "UYF2HyNvB7",
    "relatedId": "1YpaDOzlQH"
  },
  {
    "objectId": "5df3d70d129ec20d34d07357",
    "owningId": "sBuKgvPo5a",
    "relatedId": "YPY9f4Tl3D"
  },
  {
    "objectId": "5df3d70d129ec20d34d07358",
    "owningId": "EpZWNQ3kA0",
    "relatedId": "41BmLAT6kl"
  },
  {
    "objectId": "5df3d70d129ec20d34d0735b",
    "owningId": "9Nz1kxRDAe",
    "relatedId": "2tlF7Fdes2"
  },
  {
    "objectId": "5df3d70d129ec20d34d0735a",
    "owningId": "9Nz1kxRDAe",
    "relatedId": "CgeKhaZRBF"
  },
  {
    "objectId": "5df3d70d129ec20d34d0735c",
    "owningId": "DB5Yb7XnYI",
    "relatedId": "5h00NUYa1O"
  },
  {
    "objectId": "5df3d70d129ec20d34d07359",
    "owningId": "DB5Yb7XnYI",
    "relatedId": "lELr7eCjFp"
  },
  {
    "objectId": "5df3d70d129ec20d34d0735d",
    "owningId": "Dv751WDhya",
    "relatedId": "cgS0bBmaV0"
  },
  {
    "objectId": "5df3d70d129ec20d34d0735f",
    "owningId": "s5hIad30Wh",
    "relatedId": "CR4OuyaLti"
  },
  {
    "objectId": "5df3d70d129ec20d34d07360",
    "owningId": "qtYeHAGke1",
    "relatedId": "7Si23mk5AG"
  },
  {
    "objectId": "5df3d70d129ec20d34d07361",
    "owningId": "qtYeHAGke1",
    "relatedId": "DpbaWl7eZc"
  },
  {
    "objectId": "5df3d70d129ec20d34d0735e",
    "owningId": "GsX54tPiq7",
    "relatedId": "L1siVK3VxD"
  },
  {
    "objectId": "5df3d70d129ec20d34d07362",
    "owningId": "OBUDg2hbLE",
    "relatedId": "KPmxMokqc5"
  },
  {
    "objectId": "5df3d70d129ec20d34d07363",
    "owningId": "yIxYXiCAAX",
    "relatedId": "j8RkoT4YG4"
  },
  {
    "objectId": "5df3d70d129ec20d34d07364",
    "owningId": "A1RzhRKASK",
    "relatedId": "2PGxteOKzC"
  },
  {
    "objectId": "5df3d70d129ec20d34d07365",
    "owningId": "jfEaEbQEYw",
    "relatedId": "mjURsV4myC"
  },
  {
    "objectId": "5df3d70d129ec20d34d07367",
    "owningId": "Xh6ExRuQqV",
    "relatedId": "yMCDHuKTGR"
  },
  {
    "objectId": "5df3d70d129ec20d34d07366",
    "owningId": "Xh6ExRuQqV",
    "relatedId": "A18rDr2lvZ"
  },
  {
    "objectId": "5df3d70d129ec20d34d07368",
    "owningId": "DPPDNIdJSu",
    "relatedId": "jUtgKnN1S7"
  },
  {
    "objectId": "5df3d70d129ec20d34d0736b",
    "owningId": "1IadG6QShE",
    "relatedId": "9vwyGbs9ki"
  },
  {
    "objectId": "5df3d70d129ec20d34d0736a",
    "owningId": "It0TdPV5mD",
    "relatedId": "xCPvj4dxF0"
  },
  {
    "objectId": "5df3d70d129ec20d34d07369",
    "owningId": "0hBYUibyrk",
    "relatedId": "hTzQMZIUkX"
  },
  {
    "objectId": "5df3d70d129ec20d34d0736c",
    "owningId": "HPldMPPp12",
    "relatedId": "EWo26Ybaca"
  },
  {
    "objectId": "5df3dcf2129ec20d34d0769a",
    "owningId": "oDha1rwQsg",
    "relatedId": "GjyB63DAvD"
  },
  {
    "objectId": "5df3dcf2129ec20d34d0769b",
    "owningId": "U6KA78my18",
    "relatedId": "DNHgpzqU4h"
  },
  {
    "objectId": "5df3dcf2129ec20d34d0769c",
    "owningId": "SX0b1FEPG6",
    "relatedId": "UmeCohgPTg"
  },
  {
    "objectId": "5df3dcf2129ec20d34d0769d",
    "owningId": "WdjXDQk2bT",
    "relatedId": "pNzEkT0adE"
  },
  {
    "objectId": "5df3dcf2129ec20d34d0769f",
    "owningId": "QmPOXGpvnF",
    "relatedId": "gisa3fU6DN"
  },
  {
    "objectId": "5df3dcf2129ec20d34d0769e",
    "owningId": "h2GjIKve0P",
    "relatedId": "I4zd4ICE5H"
  },
  {
    "objectId": "5df3dcf2129ec20d34d076a3",
    "owningId": "JYpw57PREe",
    "relatedId": "wQ8K4eC6gW"
  },
  {
    "objectId": "5df3dcf2129ec20d34d076a2",
    "owningId": "JYpw57PREe",
    "relatedId": "AD6D9KwayO"
  },
  {
    "objectId": "5df3dcf2129ec20d34d076a1",
    "owningId": "JYpw57PREe",
    "relatedId": "5lSOOfMXUd"
  },
  {
    "objectId": "5df3dcf2129ec20d34d076a4",
    "owningId": "CtoyFZRakc",
    "relatedId": "sD7nwAMpJ2"
  },
  {
    "objectId": "5df3dcf2129ec20d34d076a0",
    "owningId": "JYpw57PREe",
    "relatedId": "BdwHsREgh3"
  },
  {
    "objectId": "5df3dcf2129ec20d34d076a6",
    "owningId": "jrxeQZhGdM",
    "relatedId": "hNMG0Sx6Lg"
  },
  {
    "objectId": "5df3dcf2129ec20d34d076a5",
    "owningId": "MEaf7H1BHa",
    "relatedId": "9aN9wge4H8"
  },
  {
    "objectId": "5df3dcf2129ec20d34d076ab",
    "owningId": "Vtm2TO7Ggh",
    "relatedId": "CH8EMLk7wk"
  },
  {
    "objectId": "5df3dcf2129ec20d34d076a7",
    "owningId": "Omjep4E6KX",
    "relatedId": "LceMWEmmOh"
  },
  {
    "objectId": "5df3dcf2129ec20d34d076a9",
    "owningId": "Omjep4E6KX",
    "relatedId": "mOuGiDVunI"
  },
  {
    "objectId": "5df3dcf2129ec20d34d076a8",
    "owningId": "Omjep4E6KX",
    "relatedId": "mEwwWmDY0Q"
  },
  {
    "objectId": "5df3dcf2129ec20d34d076aa",
    "owningId": "yV78gWtIRi",
    "relatedId": "KdvDDWTpKB"
  },
  {
    "objectId": "5df3dcf2129ec20d34d076ac",
    "owningId": "rxlE34D2mS",
    "relatedId": "TZoI3iqMeG"
  },
  {
    "objectId": "5df3dcf2129ec20d34d076ad",
    "owningId": "iXw0s664Ma",
    "relatedId": "HSesdG0ZD0"
  },
  {
    "objectId": "5df3dcf2129ec20d34d076ae",
    "owningId": "rxlE34D2mS",
    "relatedId": "5zjMmvs1BE"
  },
  {
    "objectId": "5df3dcf2129ec20d34d076af",
    "owningId": "rxlE34D2mS",
    "relatedId": "WFeTQmcKHN"
  },
  {
    "objectId": "5df3dcf2129ec20d34d076b1",
    "owningId": "pKXnTRISAz",
    "relatedId": "bMTPCXabby"
  },
  {
    "objectId": "5df3dcf2129ec20d34d076b0",
    "owningId": "rxlE34D2mS",
    "relatedId": "WxbbcoZFGz"
  },
  {
    "objectId": "5df3dcf2129ec20d34d076b2",
    "owningId": "pKXnTRISAz",
    "relatedId": "f7Xe21NEn2"
  },
  {
    "objectId": "5df3dcf2129ec20d34d076b3",
    "owningId": "nvVimmcybZ",
    "relatedId": "YcJ4oBwsCN"
  },
  {
    "objectId": "5df3dcf2129ec20d34d076b4",
    "owningId": "7oEjdedNC3",
    "relatedId": "Cpoi47iSwm"
  },
  {
    "objectId": "5df3dcf2129ec20d34d076b5",
    "owningId": "MFUxhDvGuJ",
    "relatedId": "LwDzCq2Qes"
  },
  {
    "objectId": "5df3dcf2129ec20d34d076b6",
    "owningId": "HpsbD1Ob2e",
    "relatedId": "3UUCXbeRQe"
  },
  {
    "objectId": "5df3dcf2129ec20d34d076b7",
    "owningId": "npQXGI7B0B",
    "relatedId": "TFremoOGlg"
  },
  {
    "objectId": "5df3dcf2129ec20d34d076b9",
    "owningId": "xbac3Am1hM",
    "relatedId": "CtLDk7OEkn"
  },
  {
    "objectId": "5df3dcf2129ec20d34d076bb",
    "owningId": "qDuGxygVmr",
    "relatedId": "YD6qvUL4Jw"
  },
  {
    "objectId": "5df3dcf2129ec20d34d076b8",
    "owningId": "8mOTvwRR0Z",
    "relatedId": "06egkk4vHI"
  },
  {
    "objectId": "5df3dcf2129ec20d34d076bc",
    "owningId": "CzNwpYjU6N",
    "relatedId": "52vZ9fbPcN"
  },
  {
    "objectId": "5df3dcf2129ec20d34d076ba",
    "owningId": "D0G63uqz9L",
    "relatedId": "gRCbNpFasz"
  },
  {
    "objectId": "5df3dcf2129ec20d34d076be",
    "owningId": "28SXuj2H7u",
    "relatedId": "EDkiGsmJXX"
  },
  {
    "objectId": "5df3dcf2129ec20d34d076bd",
    "owningId": "y2qLPjEIDO",
    "relatedId": "UOvraR4BDA"
  },
  {
    "objectId": "5df3dcf2129ec20d34d076c0",
    "owningId": "28SXuj2H7u",
    "relatedId": "4CjVIxQjVK"
  },
  {
    "objectId": "5df3dcf2129ec20d34d076bf",
    "owningId": "B5XPR632y1",
    "relatedId": "8yoDzYCM85"
  },
  {
    "objectId": "5df3dcf2129ec20d34d076c2",
    "owningId": "LjZeIZPAfl",
    "relatedId": "aIFmxFD8Jz"
  },
  {
    "objectId": "5df3dcf2129ec20d34d076c1",
    "owningId": "ut2r4hrFsD",
    "relatedId": "HQcDZVPp65"
  },
  {
    "objectId": "5df3dcf2129ec20d34d076c3",
    "owningId": "LjZeIZPAfl",
    "relatedId": "sBCn2hGGnu"
  },
  {
    "objectId": "5df3dcf2129ec20d34d076c5",
    "owningId": "pGY0Df4lEx",
    "relatedId": "BrnHlcU7au"
  },
  {
    "objectId": "5df3dcf2129ec20d34d076c7",
    "owningId": "q7XEC84PAx",
    "relatedId": "domUq4XG8K"
  },
  {
    "objectId": "5df3dcf2129ec20d34d076c6",
    "owningId": "2S616TXZAg",
    "relatedId": "qcjMA3N5Wq"
  },
  {
    "objectId": "5df3dcf2129ec20d34d076c4",
    "owningId": "pGY0Df4lEx",
    "relatedId": "KLAMocfidx"
  },
  {
    "objectId": "5df3dcf3129ec20d34d076c9",
    "owningId": "4nBjE8V0WI",
    "relatedId": "dVCu2HY6bG"
  },
  {
    "objectId": "5df3dcf3129ec20d34d076c8",
    "owningId": "4nBjE8V0WI",
    "relatedId": "VEGLW6EHQ7"
  },
  {
    "objectId": "5df3dcf3129ec20d34d076ca",
    "owningId": "sCZly9rNFM",
    "relatedId": "ntQ7fWos0n"
  },
  {
    "objectId": "5df3dcf3129ec20d34d076cb",
    "owningId": "zUcZYm8PYr",
    "relatedId": "kdD8CG4ONC"
  },
  {
    "objectId": "5df3dd23129ec20d34d078b4",
    "owningId": "WkI1nsAJdQ",
    "relatedId": "CpJ6GcjbFf"
  },
  {
    "objectId": "5df3dd23129ec20d34d078b5",
    "owningId": "c2ZiDGzlEL",
    "relatedId": "GdGo9fMJPz"
  },
  {
    "objectId": "5df3dd23129ec20d34d078b6",
    "owningId": "DQPQHIc433",
    "relatedId": "44CLOXQptV"
  },
  {
    "objectId": "5df3dd23129ec20d34d078b7",
    "owningId": "UsD7yjNXrO",
    "relatedId": "ZW7ay9ZCP6"
  },
  {
    "objectId": "5df3dd23129ec20d34d078ba",
    "owningId": "UsD7yjNXrO",
    "relatedId": "EDJphTfStm"
  },
  {
    "objectId": "5df3dd23129ec20d34d078b9",
    "owningId": "UsD7yjNXrO",
    "relatedId": "IiPIptHX2K"
  },
  {
    "objectId": "5df3dd23129ec20d34d078b8",
    "owningId": "UsD7yjNXrO",
    "relatedId": "guQhqbu7ei"
  },
  {
    "objectId": "5df3dd23129ec20d34d078bb",
    "owningId": "G6U4FGrHyT",
    "relatedId": "FI892GUxcD"
  },
  {
    "objectId": "5df3dd23129ec20d34d078bc",
    "owningId": "G6U4FGrHyT",
    "relatedId": "GjsvJphqUz"
  },
  {
    "objectId": "5df3dd23129ec20d34d078bd",
    "owningId": "ZpgWnQ4Hvq",
    "relatedId": "M7WeJGFjvO"
  },
  {
    "objectId": "5df3dd23129ec20d34d078be",
    "owningId": "WM9NYPkcwI",
    "relatedId": "VRaTVqOgHk"
  },
  {
    "objectId": "5df3dd23129ec20d34d078bf",
    "owningId": "XkZdnjsZS9",
    "relatedId": "EFIaC9pfNv"
  },
  {
    "objectId": "5df3dd23129ec20d34d078c0",
    "owningId": "XkZdnjsZS9",
    "relatedId": "jBYtkdg81I"
  },
  {
    "objectId": "5df3dd23129ec20d34d078c1",
    "owningId": "XkZdnjsZS9",
    "relatedId": "4vCmNoXRgw"
  },
  {
    "objectId": "5df3dd23129ec20d34d078c2",
    "owningId": "XkZdnjsZS9",
    "relatedId": "xVQsdb05sQ"
  },
  {
    "objectId": "5df3dd23129ec20d34d078c5",
    "owningId": "e5tCJlT1qX",
    "relatedId": "ThNJzYjDti"
  },
  {
    "objectId": "5df3dd23129ec20d34d078c3",
    "owningId": "fJ237YA2Aj",
    "relatedId": "BEvTE1AWGT"
  },
  {
    "objectId": "5df3dd23129ec20d34d078c6",
    "owningId": "e5tCJlT1qX",
    "relatedId": "J2qugKmGna"
  },
  {
    "objectId": "5df3dd23129ec20d34d078c4",
    "owningId": "e5tCJlT1qX",
    "relatedId": "jdeCAUpAFX"
  },
  {
    "objectId": "5df3dd23129ec20d34d078c8",
    "owningId": "mDnnNSSWBI",
    "relatedId": "rxE0YR09d1"
  },
  {
    "objectId": "5df3dd23129ec20d34d078c7",
    "owningId": "oNe8f80KxE",
    "relatedId": "ukIBDHIKjJ"
  },
  {
    "objectId": "5df3dd23129ec20d34d078c9",
    "owningId": "aRhgszJp8d",
    "relatedId": "aAazqNI5XD"
  },
  {
    "objectId": "5df3dd23129ec20d34d078ca",
    "owningId": "mDnnNSSWBI",
    "relatedId": "sOB7y7J2LZ"
  },
  {
    "objectId": "5df3dd23129ec20d34d078cb",
    "owningId": "3AhKIDYjCT",
    "relatedId": "BcRPB2X2Kj"
  },
  {
    "objectId": "5df3dd23129ec20d34d078cd",
    "owningId": "Ga6f546CkA",
    "relatedId": "3I8CPWFW8n"
  },
  {
    "objectId": "5df3dd23129ec20d34d078cf",
    "owningId": "q6OSwvqGkF",
    "relatedId": "nKWB4LksXb"
  },
  {
    "objectId": "5df3dd23129ec20d34d078cc",
    "owningId": "uMOMe67VtO",
    "relatedId": "9RmykD8rqJ"
  },
  {
    "objectId": "5df3dd23129ec20d34d078ce",
    "owningId": "q6OSwvqGkF",
    "relatedId": "ccPFpYSXLd"
  },
  {
    "objectId": "5df3dd23129ec20d34d078d0",
    "owningId": "lFPJalzPq2",
    "relatedId": "ZNCSV1Z65D"
  },
  {
    "objectId": "5df3dd23129ec20d34d078d1",
    "owningId": "5mGryGVLXn",
    "relatedId": "AO39bTJ2ZB"
  },
  {
    "objectId": "5df3dd23129ec20d34d078d5",
    "owningId": "xIpEeHFjHy",
    "relatedId": "6Oq420ifoY"
  },
  {
    "objectId": "5df3dd23129ec20d34d078d2",
    "owningId": "m4DfuyEUry",
    "relatedId": "3lqMWTWYNj"
  },
  {
    "objectId": "5df3dd23129ec20d34d078d4",
    "owningId": "vtLjZmacA8",
    "relatedId": "QT7ZRB1zCZ"
  },
  {
    "objectId": "5df3dd23129ec20d34d078d3",
    "owningId": "m4DfuyEUry",
    "relatedId": "Q1VcNANkEB"
  },
  {
    "objectId": "5df3dd23129ec20d34d078d7",
    "owningId": "4ep2qngZRZ",
    "relatedId": "hOYKumWRej"
  },
  {
    "objectId": "5df3dd23129ec20d34d078d8",
    "owningId": "h6zCPwQicl",
    "relatedId": "aC355yPLZx"
  },
  {
    "objectId": "5df3dd23129ec20d34d078d6",
    "owningId": "FTMn9j9KZn",
    "relatedId": "RMs7TV6F4E"
  },
  {
    "objectId": "5df3dd23129ec20d34d078d9",
    "owningId": "ZFQ9EmVahf",
    "relatedId": "mO6kWg27m5"
  },
  {
    "objectId": "5df3dd23129ec20d34d078da",
    "owningId": "l75zLatzCD",
    "relatedId": "iBfMWvX7UV"
  },
  {
    "objectId": "5df3dd23129ec20d34d078db",
    "owningId": "D5SbuPKtfa",
    "relatedId": "7Ma6vWLamk"
  },
  {
    "objectId": "5df3dd23129ec20d34d078dc",
    "owningId": "D5SbuPKtfa",
    "relatedId": "jq9SjUyZXv"
  },
  {
    "objectId": "5df3dd23129ec20d34d078dd",
    "owningId": "fUuaXEDStI",
    "relatedId": "hpFiidqgjJ"
  },
  {
    "objectId": "5df3dd23129ec20d34d078de",
    "owningId": "3KAFsHiHm6",
    "relatedId": "LsP4GjpFYr"
  },
  {
    "objectId": "5df3dd23129ec20d34d078df",
    "owningId": "Seg4Rcvxw2",
    "relatedId": "ev8DmMnIlb"
  },
  {
    "objectId": "5df3dd23129ec20d34d078e0",
    "owningId": "tEKF42xF3U",
    "relatedId": "MH4d1u1UFc"
  },
  {
    "objectId": "5df3dd23129ec20d34d078e1",
    "owningId": "lqM4sVxBDR",
    "relatedId": "udBL17XpZ0"
  },
  {
    "objectId": "5df3dd23129ec20d34d078e2",
    "owningId": "dmiyZoe3tD",
    "relatedId": "VcHfnVC4JT"
  },
  {
    "objectId": "5df3dd23129ec20d34d078e3",
    "owningId": "M5wGFBCXAZ",
    "relatedId": "5YGJJfX5jG"
  },
  {
    "objectId": "5df3dd23129ec20d34d078e4",
    "owningId": "47BOU4SuD4",
    "relatedId": "bcwDoWgN4W"
  },
  {
    "objectId": "5df3dd23129ec20d34d078e5",
    "owningId": "nuwyVyWGUd",
    "relatedId": "7AqO4Dwhtx"
  },
  {
    "objectId": "5df3e9a8129ec20d34d07dcb",
    "owningId": "fqQdXdCHzs",
    "relatedId": "dKlPZIXAYT"
  },
  {
    "objectId": "5df3e9a8129ec20d34d07dca",
    "owningId": "fqQdXdCHzs",
    "relatedId": "uVEZCGWfAm"
  },
  {
    "objectId": "5df3e9a8129ec20d34d07dc9",
    "owningId": "fqQdXdCHzs",
    "relatedId": "LZuFvEayY1"
  },
  {
    "objectId": "5df3e9a8129ec20d34d07dcc",
    "owningId": "fqQdXdCHzs",
    "relatedId": "tsKWrvOV89"
  },
  {
    "objectId": "5df3e9a8129ec20d34d07dcd",
    "owningId": "BGcZHFZFY2",
    "relatedId": "KXxAhWYcms"
  },
  {
    "objectId": "5df3e9a8129ec20d34d07dce",
    "owningId": "BGcZHFZFY2",
    "relatedId": "3p1fbNLGwf"
  },
  {
    "objectId": "5df3e9a8129ec20d34d07dd0",
    "owningId": "P9XQ0KxkvS",
    "relatedId": "VkGbeqSDEd"
  },
  {
    "objectId": "5df3e9a8129ec20d34d07dcf",
    "owningId": "BGcZHFZFY2",
    "relatedId": "BWtaxWrsSy"
  },
  {
    "objectId": "5df3e9a8129ec20d34d07dd1",
    "owningId": "2GFwsvrHL6",
    "relatedId": "FHPqlIexEv"
  },
  {
    "objectId": "5df3e9a8129ec20d34d07dd6",
    "owningId": "5ZKmevbH7l",
    "relatedId": "u1kwpbPJPA"
  },
  {
    "objectId": "5df3e9a8129ec20d34d07dd5",
    "owningId": "5ZKmevbH7l",
    "relatedId": "JFC94Dkuke"
  },
  {
    "objectId": "5df3e9a8129ec20d34d07dd2",
    "owningId": "5ZKmevbH7l",
    "relatedId": "4ce6iNwMJk"
  },
  {
    "objectId": "5df3e9a8129ec20d34d07dd3",
    "owningId": "yIDav7gj5a",
    "relatedId": "zAMkPZYQXf"
  },
  {
    "objectId": "5df3e9a8129ec20d34d07dd4",
    "owningId": "5ZKmevbH7l",
    "relatedId": "3dtywptX5F"
  },
  {
    "objectId": "5df3e9a8129ec20d34d07dd7",
    "owningId": "BFHuhuVNAI",
    "relatedId": "C5Ar7rTHAz"
  },
  {
    "objectId": "5df3e9a8129ec20d34d07dd9",
    "owningId": "6hYc0wSwEI",
    "relatedId": "YD2KryeEYu"
  },
  {
    "objectId": "5df3e9a8129ec20d34d07dd8",
    "owningId": "AANjhB1bPT",
    "relatedId": "a2CEYyEWfF"
  },
  {
    "objectId": "5df3e9a8129ec20d34d07ddc",
    "owningId": "DMwLWstosP",
    "relatedId": "kzkQn1jtND"
  },
  {
    "objectId": "5df3e9a8129ec20d34d07ddd",
    "owningId": "kOkqJvezFV",
    "relatedId": "qLgUk6I4jh"
  },
  {
    "objectId": "5df3e9a8129ec20d34d07ddb",
    "owningId": "UZN9cHUblo",
    "relatedId": "AfMOqnIIBI"
  },
  {
    "objectId": "5df3e9a8129ec20d34d07dda",
    "owningId": "r0aI0EA25O",
    "relatedId": "k9aoLmL6df"
  },
  {
    "objectId": "5df3e9a9129ec20d34d07de0",
    "owningId": "rZoyjN5Eoc",
    "relatedId": "gCL58ti9rQ"
  },
  {
    "objectId": "5df3e9a9129ec20d34d07de1",
    "owningId": "rZoyjN5Eoc",
    "relatedId": "LS6YVwh4bD"
  },
  {
    "objectId": "5df3e9a9129ec20d34d07de3",
    "owningId": "BobYKmivC3",
    "relatedId": "9rhfYf4tGR"
  },
  {
    "objectId": "5df3e9a8129ec20d34d07ddf",
    "owningId": "KxocRyt7eo",
    "relatedId": "VHNcHrqIkC"
  },
  {
    "objectId": "5df3e9a8129ec20d34d07dde",
    "owningId": "8iMHl5QIZb",
    "relatedId": "rAd55y31Tk"
  },
  {
    "objectId": "5df3e9a9129ec20d34d07de5",
    "owningId": "jgC9lT6Xff",
    "relatedId": "FGL7xipkOO"
  },
  {
    "objectId": "5df3e9a9129ec20d34d07de2",
    "owningId": "Tg2ABs3sco",
    "relatedId": "26ro24HNce"
  },
  {
    "objectId": "5df3e9a9129ec20d34d07de4",
    "owningId": "Tg2ABs3sco",
    "relatedId": "9Lu3hWBWxa"
  },
  {
    "objectId": "5df3e9a9129ec20d34d07de7",
    "owningId": "Neaerczm0T",
    "relatedId": "P5lWMFInNN"
  },
  {
    "objectId": "5df3e9a9129ec20d34d07de6",
    "owningId": "HTSKBLxUq4",
    "relatedId": "rrAdAIJiSm"
  },
  {
    "objectId": "5df3e9a9129ec20d34d07de9",
    "owningId": "t48lV4Tx27",
    "relatedId": "G4s2waH7wE"
  },
  {
    "objectId": "5df3e9a9129ec20d34d07de8",
    "owningId": "t48lV4Tx27",
    "relatedId": "FUgb7NeYl8"
  },
  {
    "objectId": "5df3e9a9129ec20d34d07dea",
    "owningId": "yyeDuukY4A",
    "relatedId": "1NXrmiChSe"
  },
  {
    "objectId": "5df3e9a9129ec20d34d07deb",
    "owningId": "nAlqt8LgM1",
    "relatedId": "1oc8F4xS7t"
  },
  {
    "objectId": "5df3e9a9129ec20d34d07dee",
    "owningId": "t9VERDgOgj",
    "relatedId": "OzKSDT3MuT"
  },
  {
    "objectId": "5df3e9a9129ec20d34d07dec",
    "owningId": "7O2h8IfBnB",
    "relatedId": "WoqNGersBy"
  },
  {
    "objectId": "5df3e9a9129ec20d34d07ded",
    "owningId": "WwMu5FXuSq",
    "relatedId": "iGdx5UYmNU"
  },
  {
    "objectId": "5df3e9a9129ec20d34d07def",
    "owningId": "CEyGcnzQpK",
    "relatedId": "6o86LGdASP"
  },
  {
    "objectId": "5df3e9a9129ec20d34d07df1",
    "owningId": "tOY4tiDR6K",
    "relatedId": "R0McYE66gy"
  },
  {
    "objectId": "5df3e9a9129ec20d34d07df0",
    "owningId": "9SVromrYyh",
    "relatedId": "7aWfTTVBst"
  },
  {
    "objectId": "5df3e9a9129ec20d34d07df2",
    "owningId": "wWmtNJCE0R",
    "relatedId": "6sE2oKoUzf"
  },
  {
    "objectId": "5df3e9a9129ec20d34d07df3",
    "owningId": "3CeApAuCII",
    "relatedId": "9ydEn9uEPr"
  },
  {
    "objectId": "5df3e9a9129ec20d34d07df4",
    "owningId": "3CeApAuCII",
    "relatedId": "0jnD4Dkq32"
  },
  {
    "objectId": "5df3e9a9129ec20d34d07df5",
    "owningId": "4NgpbeTTAz",
    "relatedId": "gyZon7lc9S"
  },
  {
    "objectId": "5df3e9a9129ec20d34d07df7",
    "owningId": "Z7FCUAttDc",
    "relatedId": "0vkKBoC2mB"
  },
  {
    "objectId": "5df3e9a9129ec20d34d07df8",
    "owningId": "Z7FCUAttDc",
    "relatedId": "UfuAjFNzgc"
  },
  {
    "objectId": "5df3e9a9129ec20d34d07df6",
    "owningId": "lEmwwnRnnD",
    "relatedId": "QnjNjWUB9p"
  },
  {
    "objectId": "5df3e9a9129ec20d34d07df9",
    "owningId": "aAVx282OGJ",
    "relatedId": "aHi8DkVdCL"
  },
  {
    "objectId": "5df3e9a9129ec20d34d07dfa",
    "owningId": "8xpEumjqbB",
    "relatedId": "vaOWPFwVEq"
  }
]
}