{
"results" : [

  {
    "objectId": "5df35abe129ec20d34d06247",
    "owningId": "x4Iv7CH7z1",
    "relatedId": "GJxBPYrMSj"
  },
  {
    "objectId": "5df35abe129ec20d34d06246",
    "owningId": "ahfXDD8rYu",
    "relatedId": "GJxBPYrMSj"
  },
  {
    "objectId": "5df35abe129ec20d34d06248",
    "owningId": "EBJPKYWXYO",
    "relatedId": "GJxBPYrMSj"
  },
  {
    "objectId": "5df35abe129ec20d34d06249",
    "owningId": "pufI6BG0pV",
    "relatedId": "GJxBPYrMSj"
  },
  {
    "objectId": "5df35abe129ec20d34d0624a",
    "owningId": "4zFU6rRFDo",
    "relatedId": "GJxBPYrMSj"
  },
  {
    "objectId": "5df35abe129ec20d34d0624b",
    "owningId": "G19ZLa1wTX",
    "relatedId": "GJxBPYrMSj"
  },
  {
    "objectId": "5df35abe129ec20d34d0624c",
    "owningId": "vm5oFLkUlp",
    "relatedId": "GJxBPYrMSj"
  },
  {
    "objectId": "5df35abe129ec20d34d0624d",
    "owningId": "3isiNGfJHe",
    "relatedId": "C48syQ0LWn"
  },
  {
    "objectId": "5df35abe129ec20d34d0624e",
    "owningId": "9H9yEIB7lH",
    "relatedId": "C48syQ0LWn"
  },
  {
    "objectId": "5df35abe129ec20d34d0624f",
    "owningId": "9wOZbJbpj2",
    "relatedId": "C48syQ0LWn"
  },
  {
    "objectId": "5df35abe129ec20d34d06250",
    "owningId": "hwA5hYcRUO",
    "relatedId": "C48syQ0LWn"
  },
  {
    "objectId": "5df35abe129ec20d34d06251",
    "owningId": "FDnXV44kjG",
    "relatedId": "C48syQ0LWn"
  },
  {
    "objectId": "5df35abe129ec20d34d06252",
    "owningId": "3vMWEC9iFD",
    "relatedId": "C48syQ0LWn"
  },
  {
    "objectId": "5df35abe129ec20d34d06253",
    "owningId": "ACn4b7sHwa",
    "relatedId": "C48syQ0LWn"
  },
  {
    "objectId": "5df35abf129ec20d34d06254",
    "owningId": "qOiYwWxilv",
    "relatedId": "C48syQ0LWn"
  },
  {
    "objectId": "5df35abf129ec20d34d06255",
    "owningId": "FqYLk3wRru",
    "relatedId": "C48syQ0LWn"
  },
  {
    "objectId": "5df35abf129ec20d34d06256",
    "owningId": "iAE0iyBwVV",
    "relatedId": "C48syQ0LWn"
  },
  {
    "objectId": "5df35abf129ec20d34d06257",
    "owningId": "a8zvJGAEMF",
    "relatedId": "C48syQ0LWn"
  },
  {
    "objectId": "5df35abf129ec20d34d0625d",
    "owningId": "5tZlvv2ox9",
    "relatedId": "absaiCHEBc"
  },
  {
    "objectId": "5df35abf129ec20d34d0625f",
    "owningId": "rIzhjzeHyS",
    "relatedId": "absaiCHEBc"
  },
  {
    "objectId": "5df35abf129ec20d34d0625e",
    "owningId": "1p6b0bCHkG",
    "relatedId": "absaiCHEBc"
  },
  {
    "objectId": "5df35abf129ec20d34d06260",
    "owningId": "r8wZl3GLUo",
    "relatedId": "absaiCHEBc"
  },
  {
    "objectId": "5df35abf129ec20d34d06261",
    "owningId": "hONeAJLIUc",
    "relatedId": "absaiCHEBc"
  },
  {
    "objectId": "5df35abf129ec20d34d06262",
    "owningId": "cDJUiB9JC1",
    "relatedId": "absaiCHEBc"
  },
  {
    "objectId": "5df35abf129ec20d34d06276",
    "owningId": "76TvcKXGWM",
    "relatedId": "Z8aoioLpWJ"
  },
  {
    "objectId": "5df35ac0129ec20d34d06279",
    "owningId": "iQF7EWj8ET",
    "relatedId": "Z8aoioLpWJ"
  },
  {
    "objectId": "5df35ac0129ec20d34d0627c",
    "owningId": "T5bXIoDgPs",
    "relatedId": "JGuSRx3wce"
  },
  {
    "objectId": "5df35ac0129ec20d34d0627a",
    "owningId": "QVtASwNZjT",
    "relatedId": "JGuSRx3wce"
  },
  {
    "objectId": "5df35ac0129ec20d34d0627b",
    "owningId": "mdhv40BZCt",
    "relatedId": "JGuSRx3wce"
  },
  {
    "objectId": "5df35ac0129ec20d34d0627d",
    "owningId": "5M3tNSJQLG",
    "relatedId": "JGuSRx3wce"
  },
  {
    "objectId": "5df35ac1129ec20d34d06287",
    "owningId": "iXxuahmJOm",
    "relatedId": "3XBhh1SFap"
  },
  {
    "objectId": "5df35ac1129ec20d34d06288",
    "owningId": "GBxsK80Pai",
    "relatedId": "3XBhh1SFap"
  },
  {
    "objectId": "5df35ac1129ec20d34d06289",
    "owningId": "e6QHyPIz7H",
    "relatedId": "3XBhh1SFap"
  },
  {
    "objectId": "5df35ac1129ec20d34d0628a",
    "owningId": "k2DHIKJMF2",
    "relatedId": "3XBhh1SFap"
  },
  {
    "objectId": "5df35ac1129ec20d34d0628b",
    "owningId": "RH3t4BKXu3",
    "relatedId": "3XBhh1SFap"
  },
  {
    "objectId": "5df35ac1129ec20d34d0628c",
    "owningId": "gkyfTcdtNH",
    "relatedId": "3XBhh1SFap"
  },
  {
    "objectId": "5df35ac1129ec20d34d0628d",
    "owningId": "BkKB9Ze5Dn",
    "relatedId": "3XBhh1SFap"
  },
  {
    "objectId": "5df35ac1129ec20d34d0628f",
    "owningId": "u7Sb7EFoA0",
    "relatedId": "3XBhh1SFap"
  },
  {
    "objectId": "5df35ac1129ec20d34d0628e",
    "owningId": "HEUKVfV1SA",
    "relatedId": "3XBhh1SFap"
  },
  {
    "objectId": "5df3d664129ec20d34d072bf",
    "owningId": "1dYZwIuibe",
    "relatedId": "ik1vz4srLr"
  },
  {
    "objectId": "5df3d664129ec20d34d072be",
    "owningId": "koade3EmVD",
    "relatedId": "Wk3dCI67wQ"
  },
  {
    "objectId": "5df3d664129ec20d34d072c1",
    "owningId": "MPsj8BEdW3",
    "relatedId": "EhhW2oGSAm"
  },
  {
    "objectId": "5df3d664129ec20d34d072c0",
    "owningId": "Fj9jXWRBs4",
    "relatedId": "MdrCUIMj67"
  },
  {
    "objectId": "5df3d664129ec20d34d072c4",
    "owningId": "cw6HDfa0uN",
    "relatedId": "Wk3dCI67wQ"
  },
  {
    "objectId": "5df3d664129ec20d34d072c2",
    "owningId": "yFfWLOds2Q",
    "relatedId": "erAysjHdDP"
  },
  {
    "objectId": "5df3d664129ec20d34d072c3",
    "owningId": "IdLHjGtmVH",
    "relatedId": "MdrCUIMj67"
  },
  {
    "objectId": "5df3d664129ec20d34d072c8",
    "owningId": "GJ1zZ01LlE",
    "relatedId": "MdrCUIMj67"
  },
  {
    "objectId": "5df3d664129ec20d34d072c6",
    "owningId": "RmHkyyuRHu",
    "relatedId": "MdrCUIMj67"
  },
  {
    "objectId": "5df3d664129ec20d34d072c5",
    "owningId": "7RxH6Y81Gf",
    "relatedId": "erAysjHdDP"
  },
  {
    "objectId": "5df3d664129ec20d34d072c7",
    "owningId": "i0jB1LbBOo",
    "relatedId": "erAysjHdDP"
  },
  {
    "objectId": "5df3d664129ec20d34d072c9",
    "owningId": "QudtOVtCWX",
    "relatedId": "erAysjHdDP"
  },
  {
    "objectId": "5df3d664129ec20d34d072cb",
    "owningId": "Rd60Fog0v0",
    "relatedId": "erAysjHdDP"
  },
  {
    "objectId": "5df3d664129ec20d34d072ca",
    "owningId": "2RWVeyGPje",
    "relatedId": "EhhW2oGSAm"
  },
  {
    "objectId": "5df3d664129ec20d34d072cc",
    "owningId": "6qHB2xbgT6",
    "relatedId": "MdrCUIMj67"
  },
  {
    "objectId": "5df3d664129ec20d34d072cd",
    "owningId": "xdHnfcFCeC",
    "relatedId": "erAysjHdDP"
  },
  {
    "objectId": "5df3d664129ec20d34d072ce",
    "owningId": "e5360yp2EC",
    "relatedId": "erAysjHdDP"
  },
  {
    "objectId": "5df3d664129ec20d34d072cf",
    "owningId": "wPwNr6bP69",
    "relatedId": "MdrCUIMj67"
  },
  {
    "objectId": "5df3d664129ec20d34d072d0",
    "owningId": "uPIVw50yYA",
    "relatedId": "erAysjHdDP"
  },
  {
    "objectId": "5df3d664129ec20d34d072d1",
    "owningId": "xbDCY3uzSZ",
    "relatedId": "MdrCUIMj67"
  },
  {
    "objectId": "5df3d664129ec20d34d072d2",
    "owningId": "JeN7IWOhl1",
    "relatedId": "ik1vz4srLr"
  },
  {
    "objectId": "5df3d664129ec20d34d072d6",
    "owningId": "IVU3Mk2Y5p",
    "relatedId": "metAoBGOUb"
  },
  {
    "objectId": "5df3d664129ec20d34d072d3",
    "owningId": "sQ3RCf6Eou",
    "relatedId": "ik1vz4srLr"
  },
  {
    "objectId": "5df3d664129ec20d34d072d5",
    "owningId": "S4vDFcZYfF",
    "relatedId": "ik1vz4srLr"
  },
  {
    "objectId": "5df3d664129ec20d34d072d4",
    "owningId": "OBqAXWMol2",
    "relatedId": "ik1vz4srLr"
  },
  {
    "objectId": "5df3d664129ec20d34d072d7",
    "owningId": "cQKLE5BxRG",
    "relatedId": "metAoBGOUb"
  },
  {
    "objectId": "5df3d664129ec20d34d072dc",
    "owningId": "qmHxRR5NyD",
    "relatedId": "metAoBGOUb"
  },
  {
    "objectId": "5df3d664129ec20d34d072d8",
    "owningId": "S2TMbB8RfG",
    "relatedId": "ik1vz4srLr"
  },
  {
    "objectId": "5df3d664129ec20d34d072da",
    "owningId": "y4NPiZecbK",
    "relatedId": "ik1vz4srLr"
  },
  {
    "objectId": "5df3d664129ec20d34d072d9",
    "owningId": "POrlgiUmAO",
    "relatedId": "ik1vz4srLr"
  },
  {
    "objectId": "5df3d664129ec20d34d072db",
    "owningId": "jtyIWxLmG9",
    "relatedId": "metAoBGOUb"
  },
  {
    "objectId": "5df3d664129ec20d34d072df",
    "owningId": "BzKuxbjAy1",
    "relatedId": "ik1vz4srLr"
  },
  {
    "objectId": "5df3d664129ec20d34d072de",
    "owningId": "5sxSIrhjVX",
    "relatedId": "ik1vz4srLr"
  },
  {
    "objectId": "5df3d664129ec20d34d072dd",
    "owningId": "2HCxmf2anX",
    "relatedId": "ik1vz4srLr"
  },
  {
    "objectId": "5df3d664129ec20d34d072e1",
    "owningId": "l6y2lFJZjY",
    "relatedId": "metAoBGOUb"
  },
  {
    "objectId": "5df3d664129ec20d34d072e0",
    "owningId": "pXvGHqIFCl",
    "relatedId": "metAoBGOUb"
  },
  {
    "objectId": "5df3d664129ec20d34d072e2",
    "owningId": "Gp1T1XCwmz",
    "relatedId": "metAoBGOUb"
  },
  {
    "objectId": "5df3d664129ec20d34d072e3",
    "owningId": "qdbnIEPGv3",
    "relatedId": "metAoBGOUb"
  },
  {
    "objectId": "5df3d664129ec20d34d072e4",
    "owningId": "B3TQt0f3QO",
    "relatedId": "metAoBGOUb"
  },
  {
    "objectId": "5df3d711129ec20d34d0760c",
    "owningId": "LKmDeULwmi",
    "relatedId": "ySERXwSQJt"
  },
  {
    "objectId": "5df3d711129ec20d34d0760b",
    "owningId": "pc6RfIQorJ",
    "relatedId": "SSvOy4LW1d"
  },
  {
    "objectId": "5df3d711129ec20d34d0760d",
    "owningId": "990LB80LMB",
    "relatedId": "ySERXwSQJt"
  },
  {
    "objectId": "5df3d711129ec20d34d07610",
    "owningId": "K2vd8szBLG",
    "relatedId": "kEgRE5Qpt2"
  },
  {
    "objectId": "5df3d711129ec20d34d0761c",
    "owningId": "nOdMC5vaUJ",
    "relatedId": "kEgRE5Qpt2"
  },
  {
    "objectId": "5df3d711129ec20d34d0760e",
    "owningId": "SijDywGOrT",
    "relatedId": "oupwtInNG8"
  },
  {
    "objectId": "5df3d711129ec20d34d0760f",
    "owningId": "mHOtib4EJa",
    "relatedId": "ySERXwSQJt"
  },
  {
    "objectId": "5df3d711129ec20d34d07612",
    "owningId": "UHTmmbnWYD",
    "relatedId": "ySERXwSQJt"
  },
  {
    "objectId": "5df3d711129ec20d34d0761b",
    "owningId": "EUnHNJEGpT",
    "relatedId": "kEgRE5Qpt2"
  },
  {
    "objectId": "5df3d711129ec20d34d0761a",
    "owningId": "nXCdNfKuc1",
    "relatedId": "TMSqCsw19k"
  },
  {
    "objectId": "5df3d711129ec20d34d07611",
    "owningId": "DxT4lHqqKS",
    "relatedId": "oupwtInNG8"
  },
  {
    "objectId": "5df3d711129ec20d34d07615",
    "owningId": "DGzlA8mGge",
    "relatedId": "kEgRE5Qpt2"
  },
  {
    "objectId": "5df3d711129ec20d34d07613",
    "owningId": "Y9zqydWj6j",
    "relatedId": "ySERXwSQJt"
  },
  {
    "objectId": "5df3d711129ec20d34d07618",
    "owningId": "4WRslZvvBA",
    "relatedId": "kEgRE5Qpt2"
  },
  {
    "objectId": "5df3d711129ec20d34d07616",
    "owningId": "tP0lwYpQm4",
    "relatedId": "ySERXwSQJt"
  },
  {
    "objectId": "5df3d711129ec20d34d07614",
    "owningId": "Uv5AFYM2Cr",
    "relatedId": "TMSqCsw19k"
  },
  {
    "objectId": "5df3d711129ec20d34d07617",
    "owningId": "H88ZmBbGcA",
    "relatedId": "kEgRE5Qpt2"
  },
  {
    "objectId": "5df3d711129ec20d34d07619",
    "owningId": "girkKRvMeT",
    "relatedId": "TMSqCsw19k"
  },
  {
    "objectId": "5df3d711129ec20d34d0761d",
    "owningId": "v9QqvVikHl",
    "relatedId": "TMSqCsw19k"
  },
  {
    "objectId": "5df3d711129ec20d34d0761e",
    "owningId": "mAMmDZM0B1",
    "relatedId": "kEgRE5Qpt2"
  },
  {
    "objectId": "5df3d711129ec20d34d07625",
    "owningId": "j25ruRvZXe",
    "relatedId": "SSvOy4LW1d"
  },
  {
    "objectId": "5df3d711129ec20d34d07621",
    "owningId": "H6Qj4rXuWe",
    "relatedId": "SSvOy4LW1d"
  },
  {
    "objectId": "5df3d712129ec20d34d07627",
    "owningId": "JmxgitPQxx",
    "relatedId": "SSvOy4LW1d"
  },
  {
    "objectId": "5df3d711129ec20d34d07624",
    "owningId": "Hakldc8EZX",
    "relatedId": "SSvOy4LW1d"
  },
  {
    "objectId": "5df3d711129ec20d34d07622",
    "owningId": "2BEaBEShwZ",
    "relatedId": "SSvOy4LW1d"
  },
  {
    "objectId": "5df3d711129ec20d34d0761f",
    "owningId": "41RIDyrY8Z",
    "relatedId": "SSvOy4LW1d"
  },
  {
    "objectId": "5df3d711129ec20d34d07620",
    "owningId": "OtpNUSZsds",
    "relatedId": "SSvOy4LW1d"
  },
  {
    "objectId": "5df3d712129ec20d34d07628",
    "owningId": "trWNAlPpZs",
    "relatedId": "mLDOC4VnGT"
  },
  {
    "objectId": "5df3d712129ec20d34d0762a",
    "owningId": "FRgURfVBFt",
    "relatedId": "SSvOy4LW1d"
  },
  {
    "objectId": "5df3d711129ec20d34d07626",
    "owningId": "y9OWzSIfHU",
    "relatedId": "SSvOy4LW1d"
  },
  {
    "objectId": "5df3d711129ec20d34d07623",
    "owningId": "556vXY9Wwj",
    "relatedId": "SSvOy4LW1d"
  },
  {
    "objectId": "5df3d712129ec20d34d07629",
    "owningId": "GCdZ1kVxCa",
    "relatedId": "mLDOC4VnGT"
  },
  {
    "objectId": "5df3d712129ec20d34d0762b",
    "owningId": "A82sI0BQJK",
    "relatedId": "mLDOC4VnGT"
  },
  {
    "objectId": "5df3d712129ec20d34d0762f",
    "owningId": "VNCXrk8smV",
    "relatedId": "mLDOC4VnGT"
  },
  {
    "objectId": "5df3d712129ec20d34d0762e",
    "owningId": "ZybW7WmjCr",
    "relatedId": "mLDOC4VnGT"
  },
  {
    "objectId": "5df3d712129ec20d34d0762c",
    "owningId": "U2C5EZVJNI",
    "relatedId": "mLDOC4VnGT"
  },
  {
    "objectId": "5df3d712129ec20d34d0762d",
    "owningId": "b0Ga6ZouHq",
    "relatedId": "mLDOC4VnGT"
  },
  {
    "objectId": "5df3d712129ec20d34d07630",
    "owningId": "KgGSj96VTJ",
    "relatedId": "mLDOC4VnGT"
  },
  {
    "objectId": "5df3d712129ec20d34d07631",
    "owningId": "zYYh0jGHiM",
    "relatedId": "mLDOC4VnGT"
  },
  {
    "objectId": "5df3dd28129ec20d34d07b86",
    "owningId": "jgiMxXjG9q",
    "relatedId": "h0pbYbYHHB"
  },
  {
    "objectId": "5df3dd28129ec20d34d07b84",
    "owningId": "FFc4VcX2hB",
    "relatedId": "p7jxAaqj9Q"
  },
  {
    "objectId": "5df3dd28129ec20d34d07b85",
    "owningId": "onXvjDgHGs",
    "relatedId": "mEdyL0V5nl"
  },
  {
    "objectId": "5df3dd28129ec20d34d07b89",
    "owningId": "jKDCwrcjCJ",
    "relatedId": "zTqx98jEFV"
  },
  {
    "objectId": "5df3dd28129ec20d34d07b87",
    "owningId": "6IB8HQIw1w",
    "relatedId": "mEdyL0V5nl"
  },
  {
    "objectId": "5df3dd28129ec20d34d07b88",
    "owningId": "cqWGEvPEOo",
    "relatedId": "toA31G2Cwh"
  },
  {
    "objectId": "5df3dd28129ec20d34d07b8c",
    "owningId": "jp7vcvfANX",
    "relatedId": "zTqx98jEFV"
  },
  {
    "objectId": "5df3dd28129ec20d34d07b94",
    "owningId": "fhg1Lxxe0J",
    "relatedId": "mEdyL0V5nl"
  },
  {
    "objectId": "5df3dd28129ec20d34d07b95",
    "owningId": "ByKLUYaPCt",
    "relatedId": "zTqx98jEFV"
  },
  {
    "objectId": "5df3dd28129ec20d34d07b8a",
    "owningId": "jc0p4zvVTN",
    "relatedId": "toA31G2Cwh"
  },
  {
    "objectId": "5df3dd28129ec20d34d07b8b",
    "owningId": "pcfH4nqFZE",
    "relatedId": "3zkZDjNrAb"
  },
  {
    "objectId": "5df3dd28129ec20d34d07b8e",
    "owningId": "W1RubPNuso",
    "relatedId": "toA31G2Cwh"
  },
  {
    "objectId": "5df3dd28129ec20d34d07b8d",
    "owningId": "Us9OfmVuZF",
    "relatedId": "toA31G2Cwh"
  },
  {
    "objectId": "5df3dd28129ec20d34d07b96",
    "owningId": "urIM21opqh",
    "relatedId": "zTqx98jEFV"
  },
  {
    "objectId": "5df3dd28129ec20d34d07b8f",
    "owningId": "nZ7LTAyQ8m",
    "relatedId": "toA31G2Cwh"
  },
  {
    "objectId": "5df3dd28129ec20d34d07b90",
    "owningId": "wMCkhxTu4y",
    "relatedId": "zTqx98jEFV"
  },
  {
    "objectId": "5df3dd28129ec20d34d07b91",
    "owningId": "tWD0BamS5j",
    "relatedId": "mEdyL0V5nl"
  },
  {
    "objectId": "5df3dd28129ec20d34d07b92",
    "owningId": "lBe2kw61NU",
    "relatedId": "toA31G2Cwh"
  },
  {
    "objectId": "5df3dd28129ec20d34d07b93",
    "owningId": "LWsjjiXKXd",
    "relatedId": "p7jxAaqj9Q"
  },
  {
    "objectId": "5df3dd28129ec20d34d07b97",
    "owningId": "6DeafGRgTt",
    "relatedId": "zTqx98jEFV"
  },
  {
    "objectId": "5df3dd29129ec20d34d07b99",
    "owningId": "kgkAlUUOJN",
    "relatedId": "h0pbYbYHHB"
  },
  {
    "objectId": "5df3dd29129ec20d34d07b98",
    "owningId": "XCEmqy6c42",
    "relatedId": "h0pbYbYHHB"
  },
  {
    "objectId": "5df3dd29129ec20d34d07b9c",
    "owningId": "OYTP6OBidj",
    "relatedId": "h0pbYbYHHB"
  },
  {
    "objectId": "5df3dd29129ec20d34d07b9b",
    "owningId": "mpngrRnJ7U",
    "relatedId": "h0pbYbYHHB"
  },
  {
    "objectId": "5df3dd29129ec20d34d07b9a",
    "owningId": "8df2keuzRb",
    "relatedId": "h0pbYbYHHB"
  },
  {
    "objectId": "5df3dd29129ec20d34d07b9d",
    "owningId": "Df25843zq8",
    "relatedId": "3zkZDjNrAb"
  },
  {
    "objectId": "5df3dd29129ec20d34d07b9e",
    "owningId": "hWeFHIm7d3",
    "relatedId": "h0pbYbYHHB"
  },
  {
    "objectId": "5df3dd29129ec20d34d07ba0",
    "owningId": "p6n6EB6N9K",
    "relatedId": "3zkZDjNrAb"
  },
  {
    "objectId": "5df3dd29129ec20d34d07b9f",
    "owningId": "8AzuUIOgHi",
    "relatedId": "h0pbYbYHHB"
  },
  {
    "objectId": "5df3dd29129ec20d34d07ba1",
    "owningId": "AEx2aP1Ghf",
    "relatedId": "h0pbYbYHHB"
  },
  {
    "objectId": "5df3dd29129ec20d34d07ba2",
    "owningId": "oGoxYCCwJ9",
    "relatedId": "h0pbYbYHHB"
  },
  {
    "objectId": "5df3dd29129ec20d34d07ba6",
    "owningId": "BK2Hb639PM",
    "relatedId": "h0pbYbYHHB"
  },
  {
    "objectId": "5df3dd29129ec20d34d07ba5",
    "owningId": "IyLW7EdpHB",
    "relatedId": "3zkZDjNrAb"
  },
  {
    "objectId": "5df3dd29129ec20d34d07ba4",
    "owningId": "2HVr8e4w9z",
    "relatedId": "3zkZDjNrAb"
  },
  {
    "objectId": "5df3dd29129ec20d34d07ba3",
    "owningId": "EfW98anzte",
    "relatedId": "3zkZDjNrAb"
  },
  {
    "objectId": "5df3dd29129ec20d34d07ba9",
    "owningId": "QufpcS32GI",
    "relatedId": "3zkZDjNrAb"
  },
  {
    "objectId": "5df3dd29129ec20d34d07ba7",
    "owningId": "iTCxpKe84J",
    "relatedId": "3zkZDjNrAb"
  },
  {
    "objectId": "5df3dd29129ec20d34d07baa",
    "owningId": "buw8k03nWi",
    "relatedId": "3zkZDjNrAb"
  },
  {
    "objectId": "5df3dd29129ec20d34d07ba8",
    "owningId": "vEDfgjgtKx",
    "relatedId": "3zkZDjNrAb"
  },
  {
    "objectId": "5df3e9ad129ec20d34d0812a",
    "owningId": "GKADuoyFth",
    "relatedId": "SFHc9Y4gXA"
  },
  {
    "objectId": "5df3e9ad129ec20d34d0812e",
    "owningId": "51N0xPOb9B",
    "relatedId": "GteveE4ytb"
  },
  {
    "objectId": "5df3e9ad129ec20d34d0812c",
    "owningId": "AtFEKIwfzK",
    "relatedId": "SFHc9Y4gXA"
  },
  {
    "objectId": "5df3e9ad129ec20d34d0812b",
    "owningId": "GKADuoyFth",
    "relatedId": "mRAWzGNBfG"
  },
  {
    "objectId": "5df3e9ad129ec20d34d08129",
    "owningId": "AtFEKIwfzK",
    "relatedId": "mRAWzGNBfG"
  },
  {
    "objectId": "5df3e9ad129ec20d34d08127",
    "owningId": "SLxC6CPcEL",
    "relatedId": "GteveE4ytb"
  },
  {
    "objectId": "5df3e9ad129ec20d34d08128",
    "owningId": "SLxC6CPcEL",
    "relatedId": "NtEIWnlRYH"
  },
  {
    "objectId": "5df3e9ad129ec20d34d0812d",
    "owningId": "teHFkyAqy0",
    "relatedId": "SFHc9Y4gXA"
  },
  {
    "objectId": "5df3e9ad129ec20d34d08137",
    "owningId": "zPueYdAR01",
    "relatedId": "SFHc9Y4gXA"
  },
  {
    "objectId": "5df3e9ad129ec20d34d08136",
    "owningId": "2RMOc7zzkj",
    "relatedId": "SFHc9Y4gXA"
  },
  {
    "objectId": "5df3e9ad129ec20d34d08131",
    "owningId": "f1oyRd3bJt",
    "relatedId": "fMoDABNwV9"
  },
  {
    "objectId": "5df3e9ad129ec20d34d0812f",
    "owningId": "f1oyRd3bJt",
    "relatedId": "RbyX4ouadm"
  },
  {
    "objectId": "5df3e9ad129ec20d34d08135",
    "owningId": "zPueYdAR01",
    "relatedId": "mRAWzGNBfG"
  },
  {
    "objectId": "5df3e9ad129ec20d34d08134",
    "owningId": "AkwpyZDVub",
    "relatedId": "fMoDABNwV9"
  },
  {
    "objectId": "5df3e9ad129ec20d34d08130",
    "owningId": "8deZC3YjGb",
    "relatedId": "mRAWzGNBfG"
  },
  {
    "objectId": "5df3e9ad129ec20d34d08133",
    "owningId": "WsfCvLenTA",
    "relatedId": "GteveE4ytb"
  },
  {
    "objectId": "5df3e9ad129ec20d34d08132",
    "owningId": "rKF6mcUesc",
    "relatedId": "mRAWzGNBfG"
  },
  {
    "objectId": "5df3e9ad129ec20d34d0813b",
    "owningId": "DJIm9mYksz",
    "relatedId": "GteveE4ytb"
  },
  {
    "objectId": "5df3e9ad129ec20d34d0813d",
    "owningId": "eNPTgZTlWE",
    "relatedId": "SFHc9Y4gXA"
  },
  {
    "objectId": "5df3e9ad129ec20d34d08139",
    "owningId": "ICWlyWg0Mu",
    "relatedId": "fMoDABNwV9"
  },
  {
    "objectId": "5df3e9ad129ec20d34d0813f",
    "owningId": "pMwZsyHn9F",
    "relatedId": "fMoDABNwV9"
  },
  {
    "objectId": "5df3e9ad129ec20d34d0813a",
    "owningId": "YuPUPmlg2r",
    "relatedId": "SFHc9Y4gXA"
  },
  {
    "objectId": "5df3e9ad129ec20d34d08140",
    "owningId": "I7hL5RqIOf",
    "relatedId": "fMoDABNwV9"
  },
  {
    "objectId": "5df3e9ad129ec20d34d0813c",
    "owningId": "DJIm9mYksz",
    "relatedId": "SFHc9Y4gXA"
  },
  {
    "objectId": "5df3e9ad129ec20d34d0813e",
    "owningId": "KMVlBMNvE4",
    "relatedId": "fMoDABNwV9"
  },
  {
    "objectId": "5df3e9ad129ec20d34d08138",
    "owningId": "DJIm9mYksz",
    "relatedId": "mRAWzGNBfG"
  },
  {
    "objectId": "5df3e9ad129ec20d34d08141",
    "owningId": "NdKhSWkcGj",
    "relatedId": "fMoDABNwV9"
  },
  {
    "objectId": "5df3e9ad129ec20d34d08143",
    "owningId": "zFQDtCX4GD",
    "relatedId": "RbyX4ouadm"
  },
  {
    "objectId": "5df3e9ad129ec20d34d08144",
    "owningId": "iJreBMeM4k",
    "relatedId": "NtEIWnlRYH"
  },
  {
    "objectId": "5df3e9ad129ec20d34d08146",
    "owningId": "zFQDtCX4GD",
    "relatedId": "NtEIWnlRYH"
  },
  {
    "objectId": "5df3e9ad129ec20d34d08142",
    "owningId": "Ip1tgAaydW",
    "relatedId": "NtEIWnlRYH"
  },
  {
    "objectId": "5df3e9ad129ec20d34d08145",
    "owningId": "utGgMTDozL",
    "relatedId": "NtEIWnlRYH"
  },
  {
    "objectId": "5df3e9ad129ec20d34d08149",
    "owningId": "d8vCtlRaAB",
    "relatedId": "RbyX4ouadm"
  },
  {
    "objectId": "5df3e9ad129ec20d34d08148",
    "owningId": "RG7c1jYBpa",
    "relatedId": "NtEIWnlRYH"
  },
  {
    "objectId": "5df3e9ad129ec20d34d0814a",
    "owningId": "VYcFeVcevK",
    "relatedId": "RbyX4ouadm"
  },
  {
    "objectId": "5df3e9ad129ec20d34d08147",
    "owningId": "KVXGWeGIij",
    "relatedId": "NtEIWnlRYH"
  },
  {
    "objectId": "5df3e9ad129ec20d34d0814b",
    "owningId": "KVXGWeGIij",
    "relatedId": "RbyX4ouadm"
  },
  {
    "objectId": "5df3e9ad129ec20d34d0814e",
    "owningId": "rhIDTEgYLy",
    "relatedId": "NtEIWnlRYH"
  },
  {
    "objectId": "5df3e9ad129ec20d34d0814c",
    "owningId": "avmXmWsDDJ",
    "relatedId": "RbyX4ouadm"
  },
  {
    "objectId": "5df3e9ad129ec20d34d0814d",
    "owningId": "24cHAlVrrd",
    "relatedId": "NtEIWnlRYH"
  },
  {
    "objectId": "5df3e9ad129ec20d34d0814f",
    "owningId": "aoewlvkIz9",
    "relatedId": "RbyX4ouadm"
  },
  {
    "objectId": "5df3e9ad129ec20d34d08150",
    "owningId": "8cPVBOgBwJ",
    "relatedId": "RbyX4ouadm"
  },
  {
    "objectId": "5df3e9ad129ec20d34d08154",
    "owningId": "Ai2rkPnjvF",
    "relatedId": "RbyX4ouadm"
  },
  {
    "objectId": "5df3e9ad129ec20d34d08155",
    "owningId": "QPQRVV8W2K",
    "relatedId": "NtEIWnlRYH"
  },
  {
    "objectId": "5df3e9ad129ec20d34d08151",
    "owningId": "eBd6n35xfU",
    "relatedId": "NtEIWnlRYH"
  },
  {
    "objectId": "5df3e9ad129ec20d34d08153",
    "owningId": "eC9Nji4J6z",
    "relatedId": "RbyX4ouadm"
  },
  {
    "objectId": "5df3e9ad129ec20d34d08152",
    "owningId": "QPQRVV8W2K",
    "relatedId": "RbyX4ouadm"
  },
  {
    "objectId": "5df3e9ad129ec20d34d08157",
    "owningId": "pCVeRYzs6x",
    "relatedId": "RbyX4ouadm"
  },
  {
    "objectId": "5df3e9ad129ec20d34d08156",
    "owningId": "na3XbtzcDN",
    "relatedId": "RbyX4ouadm"
  }
]
}