{
"results" : [

  {
    "objectId": "5df3500e129ec20d34d05646",
    "owningId": "EYfswEv8wL",
    "relatedId": "7LmS5Eyu2A"
  },
  {
    "objectId": "5df3500e129ec20d34d05647",
    "owningId": "EYfswEv8wL",
    "relatedId": "qN8UULX70W"
  },
  {
    "objectId": "5df3500e129ec20d34d05649",
    "owningId": "MuDHc25bPd",
    "relatedId": "DaAMBLWhgj"
  },
  {
    "objectId": "5df3500e129ec20d34d05648",
    "owningId": "MuDHc25bPd",
    "relatedId": "7LmS5Eyu2A"
  },
  {
    "objectId": "5df3500e129ec20d34d0564a",
    "owningId": "YwDOH3jPGI",
    "relatedId": "TPl044vraS"
  },
  {
    "objectId": "5df3500e129ec20d34d0564b",
    "owningId": "thQud5xBLt",
    "relatedId": "gLDNA5vVYg"
  },
  {
    "objectId": "5df3500e129ec20d34d0564d",
    "owningId": "1QQZ1ToIMK",
    "relatedId": "DsjeHULwrA"
  },
  {
    "objectId": "5df3500e129ec20d34d0564c",
    "owningId": "1QQZ1ToIMK",
    "relatedId": "srG95nPbBX"
  },
  {
    "objectId": "5df3500e129ec20d34d0564e",
    "owningId": "cBC6eGSkXP",
    "relatedId": "rnn4fQ7waf"
  },
  {
    "objectId": "5df3500e129ec20d34d0564f",
    "owningId": "l0xHFLRukR",
    "relatedId": "6RkH07pHal"
  },
  {
    "objectId": "5df3500f129ec20d34d05659",
    "owningId": "dDC1d4G8Vm",
    "relatedId": "YAwMI253AY"
  },
  {
    "objectId": "5df3500f129ec20d34d0565a",
    "owningId": "0kbOrbpRUy",
    "relatedId": "DKZOB3KGAm"
  },
  {
    "objectId": "5df3500f129ec20d34d0565c",
    "owningId": "eBpMjzBD73",
    "relatedId": "TPl044vraS"
  },
  {
    "objectId": "5df351bc129ec20d34d0571d",
    "owningId": "unVBlPrH89",
    "relatedId": "oobySPtDXb"
  },
  {
    "objectId": "5df351bc129ec20d34d0571e",
    "owningId": "vkPT3CxFXs",
    "relatedId": "kmFPsNOFYi"
  },
  {
    "objectId": "5df351bc129ec20d34d0571f",
    "owningId": "vkPT3CxFXs",
    "relatedId": "v7MBmKTxHe"
  },
  {
    "objectId": "5df351bc129ec20d34d05720",
    "owningId": "MtMF0KRPBm",
    "relatedId": "yNC1oFOnz2"
  },
  {
    "objectId": "5df351bc129ec20d34d05721",
    "owningId": "MtMF0KRPBm",
    "relatedId": "uFPfswZvE3"
  },
  {
    "objectId": "5df351bc129ec20d34d05722",
    "owningId": "6pZsT2hvW9",
    "relatedId": "CGjm7f55Nv"
  },
  {
    "objectId": "5df351bc129ec20d34d05723",
    "owningId": "3slAnkhJo6",
    "relatedId": "v7MBmKTxHe"
  },
  {
    "objectId": "5df351bc129ec20d34d05724",
    "owningId": "3slAnkhJo6",
    "relatedId": "BQhGDgDFvq"
  },
  {
    "objectId": "5df351bc129ec20d34d05725",
    "owningId": "ED1Sr30rtd",
    "relatedId": "ssr4yFCWJf"
  },
  {
    "objectId": "5df351bc129ec20d34d05726",
    "owningId": "cWSfM7P9t9",
    "relatedId": "C2omVWIwm2"
  },
  {
    "objectId": "5df351bc129ec20d34d05727",
    "owningId": "79w0eJ4gWm",
    "relatedId": "C2omVWIwm2"
  },
  {
    "objectId": "5df351bc129ec20d34d05728",
    "owningId": "NrvMxGQt6q",
    "relatedId": "Dar32NhmLh"
  },
  {
    "objectId": "5df351bc129ec20d34d05729",
    "owningId": "UZI5771kHb",
    "relatedId": "jOSCOZBMiu"
  },
  {
    "objectId": "5df356a4129ec20d34d05833",
    "owningId": "07pX6Ts4DP",
    "relatedId": "0OfjI2vmjA"
  },
  {
    "objectId": "5df356a4129ec20d34d05834",
    "owningId": "07pX6Ts4DP",
    "relatedId": "qLvd5CnK3F"
  },
  {
    "objectId": "5df356a4129ec20d34d05835",
    "owningId": "Ypnh5LBSKz",
    "relatedId": "8F6t6Hq6xS"
  },
  {
    "objectId": "5df356a4129ec20d34d05836",
    "owningId": "4PGJ8UbAOX",
    "relatedId": "eUMPOcsG9I"
  },
  {
    "objectId": "5df356a4129ec20d34d05837",
    "owningId": "4PGJ8UbAOX",
    "relatedId": "HHT8YtLSLl"
  },
  {
    "objectId": "5df356a4129ec20d34d05838",
    "owningId": "KKtwYSpGRe",
    "relatedId": "vwUJwS0Suo"
  },
  {
    "objectId": "5df356a4129ec20d34d05839",
    "owningId": "jgUBXrBcxt",
    "relatedId": "XS5sAomos0"
  },
  {
    "objectId": "5df356a4129ec20d34d0583a",
    "owningId": "jhIr5vHC7Q",
    "relatedId": "fRJ5ku5WZU"
  },
  {
    "objectId": "5df356a4129ec20d34d0583b",
    "owningId": "eDrEwx4uhA",
    "relatedId": "vwUJwS0Suo"
  },
  {
    "objectId": "5df356a4129ec20d34d0583c",
    "owningId": "NotBxQHL9W",
    "relatedId": "6H5yn1X02H"
  },
  {
    "objectId": "5df356a4129ec20d34d0583d",
    "owningId": "Vmo1K8Q2fv",
    "relatedId": "MQA6ZywGt9"
  },
  {
    "objectId": "5df356a4129ec20d34d0583f",
    "owningId": "0sWjKCrpsN",
    "relatedId": "IvIs4JJzce"
  },
  {
    "objectId": "5df356a4129ec20d34d0583e",
    "owningId": "0sWjKCrpsN",
    "relatedId": "0OfjI2vmjA"
  },
  {
    "objectId": "5df35714129ec20d34d05aac",
    "owningId": "FzWDiXd8ne",
    "relatedId": "NQWe51EV0n"
  },
  {
    "objectId": "5df35714129ec20d34d05aab",
    "owningId": "FzWDiXd8ne",
    "relatedId": "87IRMV0rBw"
  },
  {
    "objectId": "5df35714129ec20d34d05aad",
    "owningId": "IZJ7AkwiTd",
    "relatedId": "D6QAUNgyO2"
  },
  {
    "objectId": "5df35714129ec20d34d05aae",
    "owningId": "YdCRiwAHqN",
    "relatedId": "rVtvolwxRB"
  },
  {
    "objectId": "5df35714129ec20d34d05aaf",
    "owningId": "VZ9NIDwvVE",
    "relatedId": "Vj6u8JvkcS"
  },
  {
    "objectId": "5df35714129ec20d34d05ab0",
    "owningId": "M5oEXvWZAl",
    "relatedId": "w8s9RuWfEz"
  },
  {
    "objectId": "5df35714129ec20d34d05ab1",
    "owningId": "M5oEXvWZAl",
    "relatedId": "cADjvWEydF"
  },
  {
    "objectId": "5df35714129ec20d34d05ab2",
    "owningId": "U9HvhHcYRZ",
    "relatedId": "Vj6u8JvkcS"
  },
  {
    "objectId": "5df35714129ec20d34d05ab3",
    "owningId": "1iHgV3JgRB",
    "relatedId": "NQWe51EV0n"
  },
  {
    "objectId": "5df35714129ec20d34d05ab4",
    "owningId": "1iHgV3JgRB",
    "relatedId": "OqQox1hMia"
  },
  {
    "objectId": "5df35714129ec20d34d05ab5",
    "owningId": "bsryFu8gvA",
    "relatedId": "6A8i3Z6o2q"
  },
  {
    "objectId": "5df35714129ec20d34d05ab6",
    "owningId": "XEEOJeDfIn",
    "relatedId": "aecD8ECeWT"
  },
  {
    "objectId": "5df35715129ec20d34d05ac1",
    "owningId": "GOssrO6Kcn",
    "relatedId": "YU0TBPA1ka"
  },
  {
    "objectId": "5df3576c129ec20d34d05d23",
    "owningId": "IltQ0yN3Ku",
    "relatedId": "3NVANMfvRr"
  },
  {
    "objectId": "5df3576c129ec20d34d05d24",
    "owningId": "IltQ0yN3Ku",
    "relatedId": "cGu9gTXwyQ"
  },
  {
    "objectId": "5df3576c129ec20d34d05d25",
    "owningId": "Xt1tYsbYxa",
    "relatedId": "KykmdfUaDw"
  },
  {
    "objectId": "5df3576c129ec20d34d05d26",
    "owningId": "bZjW3Bjbqj",
    "relatedId": "cGu9gTXwyQ"
  },
  {
    "objectId": "5df3576c129ec20d34d05d27",
    "owningId": "bZjW3Bjbqj",
    "relatedId": "IySlCABz7W"
  },
  {
    "objectId": "5df3576c129ec20d34d05d28",
    "owningId": "kkllP2GCPP",
    "relatedId": "WetMuaAvXb"
  },
  {
    "objectId": "5df3576c129ec20d34d05d2a",
    "owningId": "E21YEJCdmJ",
    "relatedId": "smQ7P9OzrF"
  },
  {
    "objectId": "5df3576c129ec20d34d05d29",
    "owningId": "E21YEJCdmJ",
    "relatedId": "Hujd9AB6g4"
  },
  {
    "objectId": "5df3576c129ec20d34d05d2b",
    "owningId": "1nSBiDQqgc",
    "relatedId": "YzmoPceadW"
  },
  {
    "objectId": "5df3576c129ec20d34d05d2c",
    "owningId": "pbYJGCFWyR",
    "relatedId": "KKnSID1wId"
  },
  {
    "objectId": "5df3576c129ec20d34d05d2d",
    "owningId": "7hDWD6XZN9",
    "relatedId": "WetMuaAvXb"
  },
  {
    "objectId": "5df3576c129ec20d34d05d2e",
    "owningId": "j6dyzWHVrD",
    "relatedId": "b2qVhdr919"
  },
  {
    "objectId": "5df3576c129ec20d34d05d2f",
    "owningId": "8wF2mjztwf",
    "relatedId": "NPjC0uWn1Z"
  },
  {
    "objectId": "5df35ab7129ec20d34d06007",
    "owningId": "hONeAJLIUc",
    "relatedId": "d7iMumBxrg"
  },
  {
    "objectId": "5df35ab7129ec20d34d06006",
    "owningId": "hONeAJLIUc",
    "relatedId": "BqZBFaUu8H"
  },
  {
    "objectId": "5df35ab7129ec20d34d06008",
    "owningId": "5tZlvv2ox9",
    "relatedId": "jV9HPK0m6M"
  },
  {
    "objectId": "5df35ab7129ec20d34d06009",
    "owningId": "QVtASwNZjT",
    "relatedId": "BqZBFaUu8H"
  },
  {
    "objectId": "5df35ab7129ec20d34d0600a",
    "owningId": "QVtASwNZjT",
    "relatedId": "GFiDmuhQ1T"
  },
  {
    "objectId": "5df35ab7129ec20d34d0600c",
    "owningId": "vm5oFLkUlp",
    "relatedId": "NzeneCWFjr"
  },
  {
    "objectId": "5df35ab7129ec20d34d0600e",
    "owningId": "G19ZLa1wTX",
    "relatedId": "4fSuf7UoO1"
  },
  {
    "objectId": "5df35ab7129ec20d34d0600b",
    "owningId": "vm5oFLkUlp",
    "relatedId": "fkcep5TDOj"
  },
  {
    "objectId": "5df35ab7129ec20d34d0600d",
    "owningId": "9wOZbJbpj2",
    "relatedId": "ZJtLdF3ZIh"
  },
  {
    "objectId": "5df35ab7129ec20d34d0600f",
    "owningId": "3isiNGfJHe",
    "relatedId": "FKAyWcfJF7"
  },
  {
    "objectId": "5df35ab7129ec20d34d06010",
    "owningId": "qOiYwWxilv",
    "relatedId": "RC29uPhxhs"
  },
  {
    "objectId": "5df35ab7129ec20d34d06011",
    "owningId": "iXxuahmJOm",
    "relatedId": "fVMsCEcDXF"
  },
  {
    "objectId": "5df35ab7129ec20d34d06012",
    "owningId": "3vMWEC9iFD",
    "relatedId": "ZJtLdF3ZIh"
  },
  {
    "objectId": "5df3d179129ec20d34d06939",
    "owningId": "xVh4NfKhbB",
    "relatedId": "90CFtXFVcF"
  },
  {
    "objectId": "5df3d179129ec20d34d06938",
    "owningId": "xVh4NfKhbB",
    "relatedId": "GjU9pgEjAj"
  },
  {
    "objectId": "5df3d179129ec20d34d0693b",
    "owningId": "gvZuVxYd3m",
    "relatedId": "Gvif604M4I"
  },
  {
    "objectId": "5df3d179129ec20d34d0693a",
    "owningId": "gvZuVxYd3m",
    "relatedId": "O9EbODBcMt"
  },
  {
    "objectId": "5df3d179129ec20d34d0693c",
    "owningId": "3qHEnRj57P",
    "relatedId": "WPEbBow52J"
  },
  {
    "objectId": "5df3d179129ec20d34d0693d",
    "owningId": "CV2yC8skVE",
    "relatedId": "QW75Ou1RCX"
  },
  {
    "objectId": "5df3d179129ec20d34d0693e",
    "owningId": "vyjq4IYXBb",
    "relatedId": "QW75Ou1RCX"
  },
  {
    "objectId": "5df3d179129ec20d34d06940",
    "owningId": "g0kzTq5mgm",
    "relatedId": "JwLcSgHVcX"
  },
  {
    "objectId": "5df3d179129ec20d34d0693f",
    "owningId": "snaFymMaSb",
    "relatedId": "CHlenTtVla"
  },
  {
    "objectId": "5df3d179129ec20d34d06941",
    "owningId": "iIlU8hclS4",
    "relatedId": "ZWaFtwWsWc"
  },
  {
    "objectId": "5df3d17a129ec20d34d06942",
    "owningId": "LdHylxRdH8",
    "relatedId": "C03FDmMyar"
  },
  {
    "objectId": "5df3d17a129ec20d34d06943",
    "owningId": "LdHylxRdH8",
    "relatedId": "GjU9pgEjAj"
  },
  {
    "objectId": "5df3d17a129ec20d34d06944",
    "owningId": "eGiCNrQA8k",
    "relatedId": "ilERoCFKjQ"
  },
  {
    "objectId": "5df3d2c1129ec20d34d06b39",
    "owningId": "dk7nEkijDy",
    "relatedId": "xXip8I9I8f"
  },
  {
    "objectId": "5df3d2c1129ec20d34d06b38",
    "owningId": "dk7nEkijDy",
    "relatedId": "DcOw87X273"
  },
  {
    "objectId": "5df3d2c1129ec20d34d06b3a",
    "owningId": "g76nLcXgIp",
    "relatedId": "0F1pcAoy1X"
  },
  {
    "objectId": "5df3d2c1129ec20d34d06b3c",
    "owningId": "zYtNRoRwW1",
    "relatedId": "xXip8I9I8f"
  },
  {
    "objectId": "5df3d2c1129ec20d34d06b3b",
    "owningId": "zYtNRoRwW1",
    "relatedId": "CHNXCR2BTq"
  },
  {
    "objectId": "5df3d2c1129ec20d34d06b3d",
    "owningId": "bcteA7hQ8N",
    "relatedId": "nDNfIRnDbi"
  },
  {
    "objectId": "5df3d2c1129ec20d34d06b3e",
    "owningId": "bcteA7hQ8N",
    "relatedId": "fD5ATmqPtw"
  },
  {
    "objectId": "5df3d2c1129ec20d34d06b3f",
    "owningId": "FRYMWjFtLn",
    "relatedId": "6SbEYCtRLe"
  },
  {
    "objectId": "5df3d2c1129ec20d34d06b40",
    "owningId": "BI84iYZfr1",
    "relatedId": "P9YaeJHuCn"
  },
  {
    "objectId": "5df3d2c1129ec20d34d06b41",
    "owningId": "R8rG2y1YYB",
    "relatedId": "qOrU4ZVB1F"
  },
  {
    "objectId": "5df3d2c1129ec20d34d06b42",
    "owningId": "Z8dC8PNFMg",
    "relatedId": "Qw8qx6GbFH"
  },
  {
    "objectId": "5df3d2c1129ec20d34d06b43",
    "owningId": "uNXKB771CY",
    "relatedId": "qOrU4ZVB1F"
  },
  {
    "objectId": "5df3d2c1129ec20d34d06b44",
    "owningId": "anDZ7V0Fy0",
    "relatedId": "OIXQdIq29F"
  },
  {
    "objectId": "5df3d321129ec20d34d06e3a",
    "owningId": "vtwPAcAn0e",
    "relatedId": "OC8XoKqz0H"
  },
  {
    "objectId": "5df3d321129ec20d34d06e39",
    "owningId": "vtwPAcAn0e",
    "relatedId": "Bf1lWVxjuq"
  },
  {
    "objectId": "5df3d321129ec20d34d06e3b",
    "owningId": "AXn8GtQmlf",
    "relatedId": "xC0m5cLP1Y"
  },
  {
    "objectId": "5df3d321129ec20d34d06e3c",
    "owningId": "o5O9RHdwgh",
    "relatedId": "lCPcrKaHom"
  },
  {
    "objectId": "5df3d321129ec20d34d06e3d",
    "owningId": "TAWGimDw91",
    "relatedId": "lCPcrKaHom"
  },
  {
    "objectId": "5df3d321129ec20d34d06e3e",
    "owningId": "HZERGgqrEt",
    "relatedId": "e5uRND0usM"
  },
  {
    "objectId": "5df3d321129ec20d34d06e3f",
    "owningId": "oADTgrg0HN",
    "relatedId": "zdkkLVuFfL"
  },
  {
    "objectId": "5df3d321129ec20d34d06e40",
    "owningId": "oADTgrg0HN",
    "relatedId": "6rmncF4N2Y"
  },
  {
    "objectId": "5df3d321129ec20d34d06e41",
    "owningId": "cWuBFLDzSE",
    "relatedId": "jbiCElLNpp"
  },
  {
    "objectId": "5df3d321129ec20d34d06e43",
    "owningId": "k5ZL0dOY2E",
    "relatedId": "6rmncF4N2Y"
  },
  {
    "objectId": "5df3d321129ec20d34d06e42",
    "owningId": "k5ZL0dOY2E",
    "relatedId": "0baG14F008"
  },
  {
    "objectId": "5df3d321129ec20d34d06e44",
    "owningId": "ds20tjCMBv",
    "relatedId": "ZPSWY5Jp0C"
  },
  {
    "objectId": "5df3d321129ec20d34d06e45",
    "owningId": "1AgZWnRyHX",
    "relatedId": "CgdDDD3ygA"
  },
  {
    "objectId": "5df3d660129ec20d34d07076",
    "owningId": "POrlgiUmAO",
    "relatedId": "BWurwVmClU"
  },
  {
    "objectId": "5df3d660129ec20d34d07077",
    "owningId": "wPwNr6bP69",
    "relatedId": "CFBEGk1E4D"
  },
  {
    "objectId": "5df3d660129ec20d34d07078",
    "owningId": "yFfWLOds2Q",
    "relatedId": "y1uEtWkzxW"
  },
  {
    "objectId": "5df3d660129ec20d34d0707a",
    "owningId": "MPsj8BEdW3",
    "relatedId": "2ESBBIPYWY"
  },
  {
    "objectId": "5df3d660129ec20d34d07079",
    "owningId": "MPsj8BEdW3",
    "relatedId": "HDFaqXwxYf"
  },
  {
    "objectId": "5df3d660129ec20d34d0707b",
    "owningId": "pXvGHqIFCl",
    "relatedId": "pM6DqXTfBk"
  },
  {
    "objectId": "5df3d660129ec20d34d0707c",
    "owningId": "xdHnfcFCeC",
    "relatedId": "2ESBBIPYWY"
  },
  {
    "objectId": "5df3d660129ec20d34d0707d",
    "owningId": "xdHnfcFCeC",
    "relatedId": "BcysWlQdww"
  },
  {
    "objectId": "5df3d660129ec20d34d0707e",
    "owningId": "sQ3RCf6Eou",
    "relatedId": "jsUBjLwTyw"
  },
  {
    "objectId": "5df3d660129ec20d34d0707f",
    "owningId": "OBqAXWMol2",
    "relatedId": "PsPjS5snoI"
  },
  {
    "objectId": "5df3d660129ec20d34d07080",
    "owningId": "6qHB2xbgT6",
    "relatedId": "k5H3ClGlDh"
  },
  {
    "objectId": "5df3d660129ec20d34d07081",
    "owningId": "6qHB2xbgT6",
    "relatedId": "2hH2OWid8n"
  },
  {
    "objectId": "5df3d660129ec20d34d07082",
    "owningId": "JeN7IWOhl1",
    "relatedId": "jsUBjLwTyw"
  },
  {
    "objectId": "5df3d70e129ec20d34d073c4",
    "owningId": "tP0lwYpQm4",
    "relatedId": "U9di7l3Mfd"
  },
  {
    "objectId": "5df3d70e129ec20d34d073c3",
    "owningId": "H88ZmBbGcA",
    "relatedId": "5h00NUYa1O"
  },
  {
    "objectId": "5df3d70e129ec20d34d073c5",
    "owningId": "tP0lwYpQm4",
    "relatedId": "BQztvQbeK5"
  },
  {
    "objectId": "5df3d70e129ec20d34d073c6",
    "owningId": "UHTmmbnWYD",
    "relatedId": "PrWe3baBrN"
  },
  {
    "objectId": "5df3d70e129ec20d34d073c7",
    "owningId": "b0Ga6ZouHq",
    "relatedId": "FderCRI4Su"
  },
  {
    "objectId": "5df3d70e129ec20d34d073ca",
    "owningId": "OtpNUSZsds",
    "relatedId": "mjURsV4myC"
  },
  {
    "objectId": "5df3d70e129ec20d34d073c8",
    "owningId": "nOdMC5vaUJ",
    "relatedId": "fpxpSgIer8"
  },
  {
    "objectId": "5df3d70e129ec20d34d073c9",
    "owningId": "nOdMC5vaUJ",
    "relatedId": "ieiFGHLbTA"
  },
  {
    "objectId": "5df3d70e129ec20d34d073cc",
    "owningId": "JmxgitPQxx",
    "relatedId": "3gOM4DvPBC"
  },
  {
    "objectId": "5df3d70e129ec20d34d073cb",
    "owningId": "j25ruRvZXe",
    "relatedId": "nQS2kHwsxE"
  },
  {
    "objectId": "5df3d70e129ec20d34d073cd",
    "owningId": "41RIDyrY8Z",
    "relatedId": "3gOM4DvPBC"
  },
  {
    "objectId": "5df3d70e129ec20d34d073cf",
    "owningId": "Uv5AFYM2Cr",
    "relatedId": "BQztvQbeK5"
  },
  {
    "objectId": "5df3d70e129ec20d34d073ce",
    "owningId": "Uv5AFYM2Cr",
    "relatedId": "61kbauRSou"
  },
  {
    "objectId": "5df3dcf3129ec20d34d07722",
    "owningId": "tE0Dm74C81",
    "relatedId": "dVCu2HY6bG"
  },
  {
    "objectId": "5df3dcf4129ec20d34d07723",
    "owningId": "rD5pSu7rLd",
    "relatedId": "Bu6J6eejXb"
  },
  {
    "objectId": "5df3dcf4129ec20d34d07724",
    "owningId": "rD5pSu7rLd",
    "relatedId": "BW32pyuK0Y"
  },
  {
    "objectId": "5df3dcf4129ec20d34d07725",
    "owningId": "W0tJdsFMn7",
    "relatedId": "Bu6J6eejXb"
  },
  {
    "objectId": "5df3dcf4129ec20d34d07728",
    "owningId": "x5YhyMoAWk",
    "relatedId": "AcPHGycDPC"
  },
  {
    "objectId": "5df3dcf4129ec20d34d07726",
    "owningId": "W0tJdsFMn7",
    "relatedId": "XgJfKzW3cw"
  },
  {
    "objectId": "5df3dcf4129ec20d34d07727",
    "owningId": "x5YhyMoAWk",
    "relatedId": "TEBpfiiEes"
  },
  {
    "objectId": "5df3dcf4129ec20d34d07729",
    "owningId": "F3vzO7rV6G",
    "relatedId": "AmUyfjyd87"
  },
  {
    "objectId": "5df3dcf4129ec20d34d0772a",
    "owningId": "az58dkhty8",
    "relatedId": "4CjVIxQjVK"
  },
  {
    "objectId": "5df3dcf4129ec20d34d0772b",
    "owningId": "WwTOYnnBCr",
    "relatedId": "UOvraR4BDA"
  },
  {
    "objectId": "5df3dcf4129ec20d34d0772c",
    "owningId": "v9HzjEHKOb",
    "relatedId": "kdD8CG4ONC"
  },
  {
    "objectId": "5df3dcf4129ec20d34d0772d",
    "owningId": "j8fuXCFHxp",
    "relatedId": "BdwHsREgh3"
  },
  {
    "objectId": "5df3dcf4129ec20d34d0772e",
    "owningId": "42QCKCCBuv",
    "relatedId": "AmUyfjyd87"
  },
  {
    "objectId": "5df3dd24129ec20d34d0793d",
    "owningId": "W1RubPNuso",
    "relatedId": "WhCxG3DexW"
  },
  {
    "objectId": "5df3dd24129ec20d34d0793c",
    "owningId": "W1RubPNuso",
    "relatedId": "uHwNvFwpwS"
  },
  {
    "objectId": "5df3dd24129ec20d34d0793e",
    "owningId": "lBe2kw61NU",
    "relatedId": "FI892GUxcD"
  },
  {
    "objectId": "5df3dd24129ec20d34d07940",
    "owningId": "jp7vcvfANX",
    "relatedId": "vwJrh1M2Hf"
  },
  {
    "objectId": "5df3dd24129ec20d34d0793f",
    "owningId": "jp7vcvfANX",
    "relatedId": "ztlCuOWqIZ"
  },
  {
    "objectId": "5df3dd24129ec20d34d07941",
    "owningId": "IyLW7EdpHB",
    "relatedId": "ZNCSV1Z65D"
  },
  {
    "objectId": "5df3dd24129ec20d34d07942",
    "owningId": "oGoxYCCwJ9",
    "relatedId": "jBYtkdg81I"
  },
  {
    "objectId": "5df3dd24129ec20d34d07943",
    "owningId": "kgkAlUUOJN",
    "relatedId": "NEMwKUVzvK"
  },
  {
    "objectId": "5df3dd24129ec20d34d07944",
    "owningId": "mpngrRnJ7U",
    "relatedId": "NEMwKUVzvK"
  },
  {
    "objectId": "5df3dd24129ec20d34d07946",
    "owningId": "fhg1Lxxe0J",
    "relatedId": "wBAZAf66PM"
  },
  {
    "objectId": "5df3dd24129ec20d34d07945",
    "owningId": "fhg1Lxxe0J",
    "relatedId": "WhCxG3DexW"
  },
  {
    "objectId": "5df3dd24129ec20d34d07947",
    "owningId": "6DeafGRgTt",
    "relatedId": "sOB7y7J2LZ"
  },
  {
    "objectId": "5df3dd24129ec20d34d07948",
    "owningId": "8df2keuzRb",
    "relatedId": "aC355yPLZx"
  },
  {
    "objectId": "5df3e9aa129ec20d34d07e51",
    "owningId": "eBd6n35xfU",
    "relatedId": "KpigKjIB6J"
  },
  {
    "objectId": "5df3e9aa129ec20d34d07e52",
    "owningId": "KMVlBMNvE4",
    "relatedId": "FUgb7NeYl8"
  },
  {
    "objectId": "5df3e9aa129ec20d34d07e53",
    "owningId": "RG7c1jYBpa",
    "relatedId": "7aWfTTVBst"
  },
  {
    "objectId": "5df3e9aa129ec20d34d07e54",
    "owningId": "NdKhSWkcGj",
    "relatedId": "nxpAPnATEb"
  },
  {
    "objectId": "5df3e9aa129ec20d34d07e55",
    "owningId": "NdKhSWkcGj",
    "relatedId": "me9LL0DKdJ"
  },
  {
    "objectId": "5df3e9aa129ec20d34d07e56",
    "owningId": "2RMOc7zzkj",
    "relatedId": "LPEUlwy4RJ"
  },
  {
    "objectId": "5df3e9aa129ec20d34d07e57",
    "owningId": "2RMOc7zzkj",
    "relatedId": "2INvsFHinF"
  },
  {
    "objectId": "5df3e9aa129ec20d34d07e58",
    "owningId": "eC9Nji4J6z",
    "relatedId": "vaOWPFwVEq"
  },
  {
    "objectId": "5df3e9aa129ec20d34d07e59",
    "owningId": "iJreBMeM4k",
    "relatedId": "KpigKjIB6J"
  },
  {
    "objectId": "5df3e9aa129ec20d34d07e5a",
    "owningId": "8deZC3YjGb",
    "relatedId": "LPEUlwy4RJ"
  },
  {
    "objectId": "5df3e9aa129ec20d34d07e5b",
    "owningId": "8deZC3YjGb",
    "relatedId": "MVX5XcZg1T"
  },
  {
    "objectId": "5df3e9aa129ec20d34d07e5c",
    "owningId": "zPueYdAR01",
    "relatedId": "26ro24HNce"
  },
  {
    "objectId": "5df3e9aa129ec20d34d07e5d",
    "owningId": "Ip1tgAaydW",
    "relatedId": "tsKWrvOV89"
  }
]
}