{
"results" : [

  {
    "objectId": "5df3485f129ec20d34d05514",
    "owningId": "renhUkqbmt",
    "relatedId": "GS6Zo24Irn"
  },
  {
    "objectId": "5df3485f129ec20d34d05516",
    "owningId": "bQ3VqR5A79",
    "relatedId": "Fo4SDJEDUi"
  },
  {
    "objectId": "5df3485f129ec20d34d05515",
    "owningId": "G7T1xmjDTf",
    "relatedId": "JnIIU7ypmg"
  },
  {
    "objectId": "5df3485f129ec20d34d05518",
    "owningId": "08UQOvz3k2",
    "relatedId": "u2cUFTUenc"
  },
  {
    "objectId": "5df3485f129ec20d34d05519",
    "owningId": "nIz9pFghLv",
    "relatedId": "6B1P2EOlGk"
  },
  {
    "objectId": "5df3485f129ec20d34d0551a",
    "owningId": "MY1ztCUlBl",
    "relatedId": "nqprMel6ww"
  },
  {
    "objectId": "5df3485f129ec20d34d0551b",
    "owningId": "hUB5mMyBgx",
    "relatedId": "fPrgLDZ3r3"
  },
  {
    "objectId": "5df3485f129ec20d34d0551d",
    "owningId": "MZ29FczwJ7",
    "relatedId": "q7kGr2TTEs"
  },
  {
    "objectId": "5df3485f129ec20d34d0551c",
    "owningId": "3EwX6ytFiI",
    "relatedId": "q9UE6tBMhp"
  },
  {
    "objectId": "5df3485f129ec20d34d0551e",
    "owningId": "w4LaRELjb5",
    "relatedId": "TUSYZppdqt"
  },
  {
    "objectId": "5df3485f129ec20d34d0551f",
    "owningId": "IFxHOXv3y9",
    "relatedId": "D6pr5jCvHj"
  },
  {
    "objectId": "5df3485f129ec20d34d05520",
    "owningId": "Yu4F1MN6So",
    "relatedId": "yrZXzTJx9w"
  },
  {
    "objectId": "5df3485f129ec20d34d05521",
    "owningId": "GEMWu6L1zp",
    "relatedId": "B4x4QAV0dN"
  },
  {
    "objectId": "5df3485f129ec20d34d05522",
    "owningId": "WjBvZ4gZ5j",
    "relatedId": "KnPHdNkV9p"
  },
  {
    "objectId": "5df3485f129ec20d34d05523",
    "owningId": "J63yLHt9vl",
    "relatedId": "FUBCJ34UFa"
  },
  {
    "objectId": "5df3485f129ec20d34d05526",
    "owningId": "aA0UnTY8AB",
    "relatedId": "HuTRMY9ODm"
  },
  {
    "objectId": "5df3485f129ec20d34d05525",
    "owningId": "CAQKDedoc4",
    "relatedId": "yJIA8GKaUq"
  },
  {
    "objectId": "5df3485f129ec20d34d05524",
    "owningId": "tq9nhuBG3M",
    "relatedId": "DdsGH3WoMT"
  },
  {
    "objectId": "5df3485f129ec20d34d05527",
    "owningId": "FIliD6WjLc",
    "relatedId": "lEU3uQ2oZf"
  },
  {
    "objectId": "5df3485f129ec20d34d05528",
    "owningId": "hKHmeYBK3j",
    "relatedId": "hdKOzRjVR5"
  },
  {
    "objectId": "5df3485f129ec20d34d05529",
    "owningId": "yFSdlklcat",
    "relatedId": "gJUShgdtat"
  },
  {
    "objectId": "5df3485f129ec20d34d0552b",
    "owningId": "Vxwl0uODCM",
    "relatedId": "b2i3bE2Zbt"
  },
  {
    "objectId": "5df3485f129ec20d34d0552a",
    "owningId": "miJvpzO4nd",
    "relatedId": "AOarBxLJ5s"
  },
  {
    "objectId": "5df3485f129ec20d34d0552c",
    "owningId": "02drS2bg7r",
    "relatedId": "YYa75oNJ1f"
  },
  {
    "objectId": "5df3485f129ec20d34d0552d",
    "owningId": "CrFMgsf3NG",
    "relatedId": "06ZRpYezO4"
  },
  {
    "objectId": "5df3485f129ec20d34d0552e",
    "owningId": "77WI4IWidf",
    "relatedId": "S7XP9ehHe2"
  },
  {
    "objectId": "5df3485f129ec20d34d0552f",
    "owningId": "WGS5MLN2FE",
    "relatedId": "tK2zi3Pbvf"
  },
  {
    "objectId": "5df34860129ec20d34d05530",
    "owningId": "fAbZLhT8v2",
    "relatedId": "zB6Q9leDfC"
  },
  {
    "objectId": "5df34860129ec20d34d05531",
    "owningId": "PPgD7BLBiF",
    "relatedId": "ujjNogxhC0"
  },
  {
    "objectId": "5df34860129ec20d34d05532",
    "owningId": "TwThrtDlRz",
    "relatedId": "C97yrW3WAM"
  },
  {
    "objectId": "5df34860129ec20d34d05535",
    "owningId": "BDSF41Ggaw",
    "relatedId": "MH6MyxTyFa"
  },
  {
    "objectId": "5df34860129ec20d34d05536",
    "owningId": "y3k0DFMbZe",
    "relatedId": "IvDds6WfrF"
  },
  {
    "objectId": "5df34860129ec20d34d05537",
    "owningId": "ZtDCAYhsuE",
    "relatedId": "a9DABjCuHB"
  },
  {
    "objectId": "5df34860129ec20d34d05538",
    "owningId": "Wb0Uj7fR7I",
    "relatedId": "0OFEml0irU"
  },
  {
    "objectId": "5df34860129ec20d34d0555e",
    "owningId": "iw8UDFwoXD",
    "relatedId": "PJVijbS7zF"
  },
  {
    "objectId": "5df34860129ec20d34d05566",
    "owningId": "8hMk2FsD5Y",
    "relatedId": "hLt9M5gRwv"
  },
  {
    "objectId": "5df3500c129ec20d34d055ea",
    "owningId": "uMpL2jbZ4O",
    "relatedId": "viH0MowHU8"
  },
  {
    "objectId": "5df3500c129ec20d34d055eb",
    "owningId": "mPDTFqeXjC",
    "relatedId": "P3GZho9pCA"
  },
  {
    "objectId": "5df3500c129ec20d34d055ec",
    "owningId": "oAFGo5bLA4",
    "relatedId": "93hWBzr6OS"
  },
  {
    "objectId": "5df3500c129ec20d34d055ed",
    "owningId": "kUIDJFvjrS",
    "relatedId": "xuyRzPeYAI"
  },
  {
    "objectId": "5df3500c129ec20d34d055f1",
    "owningId": "sInpVHslx7",
    "relatedId": "z18EsfW5eb"
  },
  {
    "objectId": "5df3500c129ec20d34d055f2",
    "owningId": "69NdaaNGaH",
    "relatedId": "duhTK8MHWE"
  },
  {
    "objectId": "5df3500c129ec20d34d055f3",
    "owningId": "sPv4xHk04T",
    "relatedId": "S0OGA8iREq"
  },
  {
    "objectId": "5df3500c129ec20d34d055f4",
    "owningId": "53l68Jln2A",
    "relatedId": "pD5Q7UtlhB"
  },
  {
    "objectId": "5df3500c129ec20d34d055f7",
    "owningId": "1AG6OwiaLc",
    "relatedId": "KYDDn6fqYU"
  },
  {
    "objectId": "5df3500c129ec20d34d055f8",
    "owningId": "kO4rPsCsGd",
    "relatedId": "QyaIvdIZuX"
  },
  {
    "objectId": "5df3500c129ec20d34d055f9",
    "owningId": "sqhJg3z0mp",
    "relatedId": "uzFyGU7BDi"
  },
  {
    "objectId": "5df3500c129ec20d34d055fa",
    "owningId": "ERFAxesF2U",
    "relatedId": "sqXSIi68TG"
  },
  {
    "objectId": "5df3500c129ec20d34d055fc",
    "owningId": "WaIA9iFbBU",
    "relatedId": "sbAWtmLFEz"
  },
  {
    "objectId": "5df3500c129ec20d34d055fb",
    "owningId": "9vkHrttRbd",
    "relatedId": "u5k6Gd0xMd"
  },
  {
    "objectId": "5df3500d129ec20d34d055fd",
    "owningId": "m66vvd5zaO",
    "relatedId": "xnC1sdzUSP"
  },
  {
    "objectId": "5df3500d129ec20d34d055fe",
    "owningId": "ZouUQIoS5f",
    "relatedId": "0jl3d9JTmB"
  },
  {
    "objectId": "5df3500d129ec20d34d055ff",
    "owningId": "HeVpoLY4gE",
    "relatedId": "LMqZ3isSEk"
  },
  {
    "objectId": "5df3500d129ec20d34d05600",
    "owningId": "SEioF0JWVF",
    "relatedId": "OK3ByxlQJX"
  },
  {
    "objectId": "5df3500d129ec20d34d05602",
    "owningId": "KQAJ89aPoW",
    "relatedId": "qylqu8vY5x"
  },
  {
    "objectId": "5df3500d129ec20d34d05601",
    "owningId": "mmfYLqhVL7",
    "relatedId": "HbtE7O701C"
  },
  {
    "objectId": "5df3500d129ec20d34d05603",
    "owningId": "rMDPqPCDDY",
    "relatedId": "b3ibvfz24C"
  },
  {
    "objectId": "5df3500d129ec20d34d05604",
    "owningId": "APVCY9Hzhp",
    "relatedId": "WEDmsfUOz5"
  },
  {
    "objectId": "5df3500d129ec20d34d05605",
    "owningId": "ZQMnkBxiBy",
    "relatedId": "kBqcZk5oHY"
  },
  {
    "objectId": "5df3500d129ec20d34d05606",
    "owningId": "A6qa2B0Lyj",
    "relatedId": "bj0t2BGNvZ"
  },
  {
    "objectId": "5df3500d129ec20d34d05608",
    "owningId": "QzZkXkSwjx",
    "relatedId": "qScqYDv2Gm"
  },
  {
    "objectId": "5df3500d129ec20d34d05607",
    "owningId": "cabOD9M55o",
    "relatedId": "wqrCA4VajD"
  },
  {
    "objectId": "5df3500d129ec20d34d05609",
    "owningId": "SuATWl1Col",
    "relatedId": "vZ5yRVDHJX"
  },
  {
    "objectId": "5df3500d129ec20d34d0560a",
    "owningId": "qnZOTKFGEF",
    "relatedId": "kPUVKEgln9"
  },
  {
    "objectId": "5df3500d129ec20d34d0560b",
    "owningId": "8pXE1oLCwx",
    "relatedId": "6OhgXqWBs7"
  },
  {
    "objectId": "5df3500d129ec20d34d0560c",
    "owningId": "MyTeLEiJiK",
    "relatedId": "ZUfGvNpaZB"
  },
  {
    "objectId": "5df3500d129ec20d34d05610",
    "owningId": "zKUwhmtios",
    "relatedId": "eaxGyhzvke"
  },
  {
    "objectId": "5df3500d129ec20d34d0561e",
    "owningId": "gs2F7ucARM",
    "relatedId": "hxI3sbfq69"
  },
  {
    "objectId": "5df3500d129ec20d34d0563a",
    "owningId": "XRxYzSwmMy",
    "relatedId": "iZ8QZmOb9P"
  },
  {
    "objectId": "5df3500d129ec20d34d0563b",
    "owningId": "fWDvdxnW9h",
    "relatedId": "Q6mbUKotSv"
  },
  {
    "objectId": "5df3500d129ec20d34d0563c",
    "owningId": "w3Wtsra0CL",
    "relatedId": "nTPkB4tVY2"
  },
  {
    "objectId": "5df3500d129ec20d34d05641",
    "owningId": "E1zaf5UphO",
    "relatedId": "EWb9xuY3j7"
  },
  {
    "objectId": "5df351b9129ec20d34d056bd",
    "owningId": "b0EdnA0AXR",
    "relatedId": "zBeVsUlx5t"
  },
  {
    "objectId": "5df351ba129ec20d34d056c2",
    "owningId": "Jbh5PagkxO",
    "relatedId": "mnr5x97KcS"
  },
  {
    "objectId": "5df351ba129ec20d34d056c3",
    "owningId": "hQVfjDSh10",
    "relatedId": "eyh3Bd0UCy"
  },
  {
    "objectId": "5df351ba129ec20d34d056c4",
    "owningId": "7UQ8eJapml",
    "relatedId": "wSPC0gxwKc"
  },
  {
    "objectId": "5df351ba129ec20d34d056c5",
    "owningId": "DTxV4JAu3L",
    "relatedId": "xB25st12iJ"
  },
  {
    "objectId": "5df351ba129ec20d34d056c7",
    "owningId": "omsrCPAUg0",
    "relatedId": "BTfEDBT6aC"
  },
  {
    "objectId": "5df351ba129ec20d34d056cc",
    "owningId": "qVYlxZDa6l",
    "relatedId": "KD2Sy7D19P"
  },
  {
    "objectId": "5df351ba129ec20d34d056ce",
    "owningId": "TxVvWlEi00",
    "relatedId": "mLLMt69IlW"
  },
  {
    "objectId": "5df351ba129ec20d34d056cd",
    "owningId": "viiyZfd05i",
    "relatedId": "dxuDeBaPiG"
  },
  {
    "objectId": "5df351ba129ec20d34d056cf",
    "owningId": "UAGNFGBEFK",
    "relatedId": "spGzGXfciR"
  },
  {
    "objectId": "5df351ba129ec20d34d056d0",
    "owningId": "0lQz2Lj2nm",
    "relatedId": "tf0Qy9HLm9"
  },
  {
    "objectId": "5df351ba129ec20d34d056d1",
    "owningId": "oxITDc4g0e",
    "relatedId": "fhDoGMo9Cv"
  },
  {
    "objectId": "5df351ba129ec20d34d056d2",
    "owningId": "LfAryzawAX",
    "relatedId": "YI5aPsdwIV"
  },
  {
    "objectId": "5df351ba129ec20d34d056d3",
    "owningId": "zHROCWlZ4d",
    "relatedId": "F5NW5pKQKr"
  },
  {
    "objectId": "5df351ba129ec20d34d056d4",
    "owningId": "QRqqUnEzaB",
    "relatedId": "qYl8MpWAMa"
  },
  {
    "objectId": "5df351ba129ec20d34d056d5",
    "owningId": "TxeGSk0i2L",
    "relatedId": "4IvPVSJbqa"
  },
  {
    "objectId": "5df351ba129ec20d34d056d6",
    "owningId": "Eu5cTJ8pj7",
    "relatedId": "22ill9ViDH"
  },
  {
    "objectId": "5df351ba129ec20d34d056d7",
    "owningId": "pmei28Gib2",
    "relatedId": "vMcs9ZOTkT"
  },
  {
    "objectId": "5df351ba129ec20d34d056d8",
    "owningId": "pxz0v89gmE",
    "relatedId": "jLGVPFTaPO"
  },
  {
    "objectId": "5df351ba129ec20d34d056d9",
    "owningId": "j1pTgkgW42",
    "relatedId": "VMNtltJ7ko"
  },
  {
    "objectId": "5df351ba129ec20d34d056da",
    "owningId": "Bdluh9Ofbc",
    "relatedId": "0CNaoYqvXP"
  },
  {
    "objectId": "5df351ba129ec20d34d056db",
    "owningId": "5PuAan5N5N",
    "relatedId": "0Qo3USlu9G"
  },
  {
    "objectId": "5df351ba129ec20d34d056df",
    "owningId": "xXZxG0fOO6",
    "relatedId": "gUs2cZLwD9"
  },
  {
    "objectId": "5df351ba129ec20d34d056e1",
    "owningId": "WGNiSNZ1Sf",
    "relatedId": "qwFO1Diym1"
  },
  {
    "objectId": "5df351ba129ec20d34d056e2",
    "owningId": "neHnnEI7Dr",
    "relatedId": "gRygCw8Shh"
  },
  {
    "objectId": "5df351ba129ec20d34d056e3",
    "owningId": "f2ywHxtyDh",
    "relatedId": "xYsXiB68PM"
  },
  {
    "objectId": "5df351ba129ec20d34d056e6",
    "owningId": "AkE95FB47g",
    "relatedId": "GoQNekkrAz"
  },
  {
    "objectId": "5df351ba129ec20d34d056e7",
    "owningId": "OoLhVF7cAt",
    "relatedId": "6mqBOZE7A8"
  },
  {
    "objectId": "5df351ba129ec20d34d056e8",
    "owningId": "qvMdr3LJeF",
    "relatedId": "62dY2x3u9I"
  },
  {
    "objectId": "5df351ba129ec20d34d056ea",
    "owningId": "Van8F7sy4A",
    "relatedId": "CCKrvZkitc"
  },
  {
    "objectId": "5df351ba129ec20d34d056f3",
    "owningId": "HsyRHuxOvh",
    "relatedId": "D7q4YZtNgY"
  },
  {
    "objectId": "5df351ba129ec20d34d056f4",
    "owningId": "HiEUfFMCUH",
    "relatedId": "tgqA3aRt2A"
  },
  {
    "objectId": "5df351bb129ec20d34d05708",
    "owningId": "rCCMcD0G4z",
    "relatedId": "y8E686Z98v"
  },
  {
    "objectId": "5df351bb129ec20d34d05714",
    "owningId": "FZaYZjKBLm",
    "relatedId": "wLzLCxovRC"
  },
  {
    "objectId": "5df351bb129ec20d34d05715",
    "owningId": "JVCDIW2DA6",
    "relatedId": "xIGTAFbSyq"
  },
  {
    "objectId": "5df351bb129ec20d34d05716",
    "owningId": "0hh9kPi8ob",
    "relatedId": "qwDaAiCjL3"
  },
  {
    "objectId": "5df356a1129ec20d34d057e1",
    "owningId": "3Fu42o8bCm",
    "relatedId": "LD3pntGmy5"
  },
  {
    "objectId": "5df356a1129ec20d34d057e2",
    "owningId": "3lEi5Dj3ax",
    "relatedId": "IU7HKH3lRN"
  },
  {
    "objectId": "5df356a1129ec20d34d057e3",
    "owningId": "vjJGwqh92h",
    "relatedId": "41JDlrGgom"
  },
  {
    "objectId": "5df356a1129ec20d34d057e4",
    "owningId": "mtCx3Mylg0",
    "relatedId": "aBX3ZYf3qY"
  },
  {
    "objectId": "5df356a1129ec20d34d057e5",
    "owningId": "yX3dN3fDaY",
    "relatedId": "NE4pEUpVak"
  },
  {
    "objectId": "5df356a1129ec20d34d057e6",
    "owningId": "EBa3A5A21h",
    "relatedId": "xVDrCnR8wV"
  },
  {
    "objectId": "5df356a1129ec20d34d057ea",
    "owningId": "8oR0TMxODH",
    "relatedId": "AarKDnECrK"
  },
  {
    "objectId": "5df356a1129ec20d34d057e9",
    "owningId": "8BG0LBuGTs",
    "relatedId": "jgji7nJNOI"
  },
  {
    "objectId": "5df356a1129ec20d34d057e7",
    "owningId": "ZcHkp0NdEY",
    "relatedId": "edT1Uvrrj2"
  },
  {
    "objectId": "5df356a1129ec20d34d057e8",
    "owningId": "UUDSQ4I4Yc",
    "relatedId": "6UxaCpjBrv"
  },
  {
    "objectId": "5df356a1129ec20d34d057eb",
    "owningId": "n2G7tGNCbo",
    "relatedId": "x1vi0R0oFP"
  },
  {
    "objectId": "5df356a1129ec20d34d057ec",
    "owningId": "IpJlZqUqyH",
    "relatedId": "JD5j75Pajz"
  },
  {
    "objectId": "5df356a1129ec20d34d057ed",
    "owningId": "Px3ceU3Ut8",
    "relatedId": "QZclc91YWw"
  },
  {
    "objectId": "5df356a1129ec20d34d057ee",
    "owningId": "qhKcrBZqFw",
    "relatedId": "GMldGtlXDY"
  },
  {
    "objectId": "5df356a1129ec20d34d057ef",
    "owningId": "dwdWwzGhjj",
    "relatedId": "AlAyDv8XYv"
  },
  {
    "objectId": "5df356a1129ec20d34d057f0",
    "owningId": "aDKqEPz8UE",
    "relatedId": "upXOHr7EgI"
  },
  {
    "objectId": "5df356a1129ec20d34d057f1",
    "owningId": "WakrcMDnlt",
    "relatedId": "uj3hwh8BC1"
  },
  {
    "objectId": "5df356a1129ec20d34d057f3",
    "owningId": "DBf9WKF7uh",
    "relatedId": "WLE6K00rjv"
  },
  {
    "objectId": "5df356a1129ec20d34d057f4",
    "owningId": "yG7i5lToSp",
    "relatedId": "e1TcltGvKm"
  },
  {
    "objectId": "5df356a1129ec20d34d057f2",
    "owningId": "e1BvaDKpEJ",
    "relatedId": "kg9TYbmTMb"
  },
  {
    "objectId": "5df356a1129ec20d34d057f5",
    "owningId": "yA1bvVqkhc",
    "relatedId": "wBPqhFMrc3"
  },
  {
    "objectId": "5df356a1129ec20d34d057f6",
    "owningId": "C4o54lEmr4",
    "relatedId": "7OmRYvy34f"
  },
  {
    "objectId": "5df356a1129ec20d34d057f7",
    "owningId": "M53FqQjyhg",
    "relatedId": "taMWp7plLK"
  },
  {
    "objectId": "5df356a1129ec20d34d057f8",
    "owningId": "fzHredvqTh",
    "relatedId": "tRUWFnIxQp"
  },
  {
    "objectId": "5df356a1129ec20d34d057fa",
    "owningId": "aNWxHX59RG",
    "relatedId": "XDtNUZSNgV"
  },
  {
    "objectId": "5df356a1129ec20d34d057f9",
    "owningId": "d3Nk6Gslao",
    "relatedId": "R5iM0zVD5g"
  },
  {
    "objectId": "5df356a1129ec20d34d057fb",
    "owningId": "cYEPfqGf1B",
    "relatedId": "XUzN3k4Cgp"
  },
  {
    "objectId": "5df356a1129ec20d34d057fc",
    "owningId": "V4xxzRfxyG",
    "relatedId": "OGVUBrMOa5"
  },
  {
    "objectId": "5df356a1129ec20d34d057fd",
    "owningId": "6NgxgiYZhG",
    "relatedId": "OJIx5vE6Lc"
  },
  {
    "objectId": "5df356a1129ec20d34d057fe",
    "owningId": "1G9iqHVVzd",
    "relatedId": "MhzgzL3Y4U"
  },
  {
    "objectId": "5df356a1129ec20d34d057ff",
    "owningId": "sYli9IguqW",
    "relatedId": "8Q2yGRG653"
  },
  {
    "objectId": "5df356a2129ec20d34d05800",
    "owningId": "xInLLqBaD9",
    "relatedId": "bAMSRls3XS"
  },
  {
    "objectId": "5df356a2129ec20d34d05801",
    "owningId": "sadPVVeVtM",
    "relatedId": "tfqPwHfkMy"
  },
  {
    "objectId": "5df356a3129ec20d34d0582a",
    "owningId": "iEEwlNhDkK",
    "relatedId": "Xgps1MVLXz"
  },
  {
    "objectId": "5df356a3129ec20d34d0582b",
    "owningId": "EE1JMvjVzw",
    "relatedId": "wYPieyiUdl"
  },
  {
    "objectId": "5df356a3129ec20d34d05831",
    "owningId": "W8mSGuFJ68",
    "relatedId": "7L97aR6drT"
  },
  {
    "objectId": "5df35711129ec20d34d05a53",
    "owningId": "C9VLj9qaEW",
    "relatedId": "cas9AtuAJb"
  },
  {
    "objectId": "5df35711129ec20d34d05a54",
    "owningId": "AmK35PUrGU",
    "relatedId": "v9EzORZa6r"
  },
  {
    "objectId": "5df35712129ec20d34d05a56",
    "owningId": "lE8vDYvLbO",
    "relatedId": "McZDh8CWky"
  },
  {
    "objectId": "5df35712129ec20d34d05a59",
    "owningId": "zwTWDIOhgC",
    "relatedId": "WJdZFJ9wAJ"
  },
  {
    "objectId": "5df35712129ec20d34d05a5b",
    "owningId": "nkPl9Z1dKJ",
    "relatedId": "4FQRoviB1f"
  },
  {
    "objectId": "5df35712129ec20d34d05a5c",
    "owningId": "sKO0MBYPLM",
    "relatedId": "905tYG9Esn"
  },
  {
    "objectId": "5df35712129ec20d34d05a5e",
    "owningId": "n7kOrC1iqC",
    "relatedId": "SjeESmaY5R"
  },
  {
    "objectId": "5df35712129ec20d34d05a5d",
    "owningId": "9dHMzHl4hh",
    "relatedId": "YZTSGQliVN"
  },
  {
    "objectId": "5df35712129ec20d34d05a5f",
    "owningId": "dYcUlyCA08",
    "relatedId": "LsAk9AX5zo"
  },
  {
    "objectId": "5df35712129ec20d34d05a60",
    "owningId": "bZ7FY5vbUg",
    "relatedId": "n4LUggXRY5"
  },
  {
    "objectId": "5df35712129ec20d34d05a62",
    "owningId": "PebTL94A88",
    "relatedId": "sDSicLSQ1r"
  },
  {
    "objectId": "5df35712129ec20d34d05a61",
    "owningId": "4nT1y9PXFU",
    "relatedId": "JJVZ0HK204"
  },
  {
    "objectId": "5df35712129ec20d34d05a63",
    "owningId": "lGPBzcbZFK",
    "relatedId": "HcmNlKs9IM"
  },
  {
    "objectId": "5df35712129ec20d34d05a64",
    "owningId": "7Fe8AFKWF3",
    "relatedId": "ulTj8nqLAW"
  },
  {
    "objectId": "5df35712129ec20d34d05a65",
    "owningId": "jrYXKToF7p",
    "relatedId": "GOOLhONQnz"
  },
  {
    "objectId": "5df35712129ec20d34d05a66",
    "owningId": "Hz8IOrlYdn",
    "relatedId": "bPREJJ9QT8"
  },
  {
    "objectId": "5df35712129ec20d34d05a68",
    "owningId": "q3KFkF6LYL",
    "relatedId": "HCMgjzuTNx"
  },
  {
    "objectId": "5df35712129ec20d34d05a69",
    "owningId": "U9vZXL2RJP",
    "relatedId": "9UfRBeBhE0"
  },
  {
    "objectId": "5df35712129ec20d34d05a6a",
    "owningId": "3ZH1RY2IXP",
    "relatedId": "lrSaYzqGTA"
  },
  {
    "objectId": "5df35712129ec20d34d05a6b",
    "owningId": "NzqpUCedAc",
    "relatedId": "bd1bGcDGTG"
  },
  {
    "objectId": "5df35712129ec20d34d05a6c",
    "owningId": "xHPmq57y8R",
    "relatedId": "7EhXFZfhm7"
  },
  {
    "objectId": "5df35712129ec20d34d05a6d",
    "owningId": "8z7K1HxHrU",
    "relatedId": "Xt1ZdasfC7"
  },
  {
    "objectId": "5df35712129ec20d34d05a6f",
    "owningId": "f7jPMD6tEU",
    "relatedId": "wgadCGt6jI"
  },
  {
    "objectId": "5df35712129ec20d34d05a6e",
    "owningId": "iDvLGaDDaj",
    "relatedId": "r6eDFaNkAP"
  },
  {
    "objectId": "5df35712129ec20d34d05a70",
    "owningId": "ITaYAEPVVO",
    "relatedId": "GItndZJ5kH"
  },
  {
    "objectId": "5df35712129ec20d34d05a71",
    "owningId": "rGbsm05PYV",
    "relatedId": "09j7CAH7Ms"
  },
  {
    "objectId": "5df35712129ec20d34d05a72",
    "owningId": "KGzfVELrkq",
    "relatedId": "11ZcYPiCW3"
  },
  {
    "objectId": "5df35712129ec20d34d05a73",
    "owningId": "NrAiFGHMmF",
    "relatedId": "DfJ2UXsqGG"
  },
  {
    "objectId": "5df35712129ec20d34d05a74",
    "owningId": "tGLsRVpijf",
    "relatedId": "g2NZj0Qypq"
  },
  {
    "objectId": "5df35712129ec20d34d05a75",
    "owningId": "LoBCUv8FFG",
    "relatedId": "xuqV3LkAcA"
  },
  {
    "objectId": "5df35712129ec20d34d05a77",
    "owningId": "GpyDs5eJuo",
    "relatedId": "i0jxvN7ixc"
  },
  {
    "objectId": "5df35712129ec20d34d05a78",
    "owningId": "JtI2lLGMp5",
    "relatedId": "UUGHPNk2jT"
  },
  {
    "objectId": "5df35712129ec20d34d05a79",
    "owningId": "0jnYwpAF3F",
    "relatedId": "xAw8OC9Kr3"
  },
  {
    "objectId": "5df35712129ec20d34d05a7b",
    "owningId": "CkDzfqIItB",
    "relatedId": "585mEVupAT"
  },
  {
    "objectId": "5df35713129ec20d34d05aa1",
    "owningId": "7zCVNai4kO",
    "relatedId": "bj4BPxOjvh"
  },
  {
    "objectId": "5df35713129ec20d34d05aa9",
    "owningId": "AzMTZEND85",
    "relatedId": "vehp3un3iN"
  },
  {
    "objectId": "5df35769129ec20d34d05cbf",
    "owningId": "rlsM4u3lDB",
    "relatedId": "UMRO4QALUg"
  },
  {
    "objectId": "5df35769129ec20d34d05cc0",
    "owningId": "cXcZbcNit5",
    "relatedId": "ldMrDiF5nW"
  },
  {
    "objectId": "5df35769129ec20d34d05cc1",
    "owningId": "R67xxzRdKU",
    "relatedId": "azMYeMwfpm"
  },
  {
    "objectId": "5df35769129ec20d34d05cc2",
    "owningId": "SP3jOpz5vn",
    "relatedId": "ejOZY9L648"
  },
  {
    "objectId": "5df35769129ec20d34d05cc3",
    "owningId": "dSdLy6Hdug",
    "relatedId": "HYvkZabox6"
  },
  {
    "objectId": "5df35769129ec20d34d05cc6",
    "owningId": "glJNJhlEw2",
    "relatedId": "xEvzGfpbG9"
  },
  {
    "objectId": "5df35769129ec20d34d05cc7",
    "owningId": "cVcsGoPGhs",
    "relatedId": "XYFxIGEiWS"
  },
  {
    "objectId": "5df35769129ec20d34d05cc8",
    "owningId": "JbViRE75kz",
    "relatedId": "sPOwjHt6Io"
  },
  {
    "objectId": "5df35769129ec20d34d05cc9",
    "owningId": "UN1wj5ivGf",
    "relatedId": "Zlz2RMqA0d"
  },
  {
    "objectId": "5df35769129ec20d34d05cca",
    "owningId": "enMnx7LxbQ",
    "relatedId": "GiCn9XwgdS"
  },
  {
    "objectId": "5df35769129ec20d34d05ccb",
    "owningId": "wzDgjK4Rfc",
    "relatedId": "JSBlv2HpHI"
  },
  {
    "objectId": "5df35769129ec20d34d05ccd",
    "owningId": "GNySKcs6Ml",
    "relatedId": "EyHHk7kQJl"
  },
  {
    "objectId": "5df35769129ec20d34d05ccf",
    "owningId": "oWC5E1UONH",
    "relatedId": "bEbhEzBRwz"
  },
  {
    "objectId": "5df3576a129ec20d34d05cd2",
    "owningId": "EnxAtZgb6u",
    "relatedId": "4J70WOOJf8"
  },
  {
    "objectId": "5df3576a129ec20d34d05cdb",
    "owningId": "w31f11zFML",
    "relatedId": "CvfMw1YNkY"
  },
  {
    "objectId": "5df3576a129ec20d34d05cdd",
    "owningId": "m0kVbFnYhQ",
    "relatedId": "Emoe43eGSa"
  },
  {
    "objectId": "5df3576a129ec20d34d05ce0",
    "owningId": "0QcbgBdoIC",
    "relatedId": "b6BUBYAc4c"
  },
  {
    "objectId": "5df3576a129ec20d34d05ce4",
    "owningId": "RivdOGGYQA",
    "relatedId": "qJAIRyee7t"
  },
  {
    "objectId": "5df3576a129ec20d34d05ce5",
    "owningId": "0BuTDv7vEC",
    "relatedId": "9iN11DMi6g"
  },
  {
    "objectId": "5df3576a129ec20d34d05ce7",
    "owningId": "K180J6SUyR",
    "relatedId": "JMzEyp4O5r"
  },
  {
    "objectId": "5df3576a129ec20d34d05cea",
    "owningId": "ysNiOZKXYw",
    "relatedId": "Qlu31PH9Xi"
  },
  {
    "objectId": "5df3576a129ec20d34d05cec",
    "owningId": "bSJxe2mgGJ",
    "relatedId": "yaoBGQ0P7I"
  },
  {
    "objectId": "5df3576a129ec20d34d05cf7",
    "owningId": "CnvbsUOmvK",
    "relatedId": "xiSDW9pmNI"
  },
  {
    "objectId": "5df3576a129ec20d34d05cf8",
    "owningId": "zYVWFcU2Ei",
    "relatedId": "bmCjOUXP1a"
  },
  {
    "objectId": "5df3576a129ec20d34d05cf9",
    "owningId": "blgVOh3gl1",
    "relatedId": "w2v5wEaY3E"
  },
  {
    "objectId": "5df3576a129ec20d34d05cfa",
    "owningId": "PyD6AhTElp",
    "relatedId": "jBIoNBDlNs"
  },
  {
    "objectId": "5df3576a129ec20d34d05cfe",
    "owningId": "y5cqcl7Dde",
    "relatedId": "txqLCQvX5m"
  },
  {
    "objectId": "5df3576a129ec20d34d05d02",
    "owningId": "MwMkluD6Qc",
    "relatedId": "pmVE6VWlbv"
  },
  {
    "objectId": "5df3576a129ec20d34d05d04",
    "owningId": "6Gq9LOIoEp",
    "relatedId": "tuDAKAmArw"
  },
  {
    "objectId": "5df3576a129ec20d34d05d07",
    "owningId": "108XY4ScQc",
    "relatedId": "3XE7gbxnyl"
  },
  {
    "objectId": "5df3576a129ec20d34d05d08",
    "owningId": "F9CefROLfj",
    "relatedId": "yNjJ8FqC96"
  },
  {
    "objectId": "5df3576a129ec20d34d05d0b",
    "owningId": "xayAgSXM9o",
    "relatedId": "54NNeeXdMy"
  },
  {
    "objectId": "5df3576a129ec20d34d05d0c",
    "owningId": "ASKsNWlQRe",
    "relatedId": "0mL72PhOOP"
  },
  {
    "objectId": "5df3576b129ec20d34d05d13",
    "owningId": "LZ3DL5aBY6",
    "relatedId": "sMk9vEQ3is"
  },
  {
    "objectId": "5df3576b129ec20d34d05d1a",
    "owningId": "ZP7RDdzjNF",
    "relatedId": "qMeThfNEha"
  },
  {
    "objectId": "5df3576b129ec20d34d05d1c",
    "owningId": "nG1SAj9MlJ",
    "relatedId": "ECyo8AzZEs"
  },
  {
    "objectId": "5df35ab5129ec20d34d05fb0",
    "owningId": "zU4y2f4U0F",
    "relatedId": "R6Eq2V5pTZ"
  },
  {
    "objectId": "5df35ab5129ec20d34d05fb1",
    "owningId": "WTCI90GrsZ",
    "relatedId": "ct5vu8k5Ul"
  },
  {
    "objectId": "5df35ab5129ec20d34d05fb3",
    "owningId": "1ZK52VstdC",
    "relatedId": "crgHfgrE3D"
  },
  {
    "objectId": "5df35ab5129ec20d34d05fb2",
    "owningId": "Di5pVoshIY",
    "relatedId": "dVoCXoDR1V"
  },
  {
    "objectId": "5df35ab5129ec20d34d05fb5",
    "owningId": "28KF1Zx1Mu",
    "relatedId": "1nRIZGTsCQ"
  },
  {
    "objectId": "5df35ab5129ec20d34d05fb8",
    "owningId": "ST0HCF2cUt",
    "relatedId": "AHOk6fzFES"
  },
  {
    "objectId": "5df35ab5129ec20d34d05fb9",
    "owningId": "cwyw587bHa",
    "relatedId": "k0DvOEau2I"
  },
  {
    "objectId": "5df35ab5129ec20d34d05fba",
    "owningId": "h0CujQ1QnU",
    "relatedId": "D8RfRGvd8p"
  },
  {
    "objectId": "5df35ab5129ec20d34d05fbb",
    "owningId": "sgcgUdZoOE",
    "relatedId": "WHjRnRc207"
  },
  {
    "objectId": "5df35ab5129ec20d34d05fbc",
    "owningId": "jXMQ1H8rIw",
    "relatedId": "3lGcKgvt3H"
  },
  {
    "objectId": "5df35ab5129ec20d34d05fbd",
    "owningId": "t6HbJs4VXZ",
    "relatedId": "0dkQlK27Ri"
  },
  {
    "objectId": "5df35ab5129ec20d34d05fbe",
    "owningId": "gLmNYUmU9Q",
    "relatedId": "Jwf4ClQ2Le"
  },
  {
    "objectId": "5df35ab5129ec20d34d05fbf",
    "owningId": "3P4Ik8h1hp",
    "relatedId": "yw81OLpyq1"
  },
  {
    "objectId": "5df35ab5129ec20d34d05fc0",
    "owningId": "i8Kd4W3MY1",
    "relatedId": "heHsv0Fc6K"
  },
  {
    "objectId": "5df35ab5129ec20d34d05fc1",
    "owningId": "NimFmOgRnc",
    "relatedId": "8MNtlSuSCS"
  },
  {
    "objectId": "5df35ab5129ec20d34d05fc3",
    "owningId": "14UbH7SgW5",
    "relatedId": "8Q0ROnSCsG"
  },
  {
    "objectId": "5df35ab5129ec20d34d05fc4",
    "owningId": "LVeLqp35oJ",
    "relatedId": "uCmMnTz4Ee"
  },
  {
    "objectId": "5df35ab5129ec20d34d05fc5",
    "owningId": "KU2B7mvssK",
    "relatedId": "LrLczwtmVn"
  },
  {
    "objectId": "5df35ab5129ec20d34d05fc6",
    "owningId": "DCEC7EywvL",
    "relatedId": "BryOm6f3XQ"
  },
  {
    "objectId": "5df35ab5129ec20d34d05fc7",
    "owningId": "3TkCEMLwqB",
    "relatedId": "BPDpGD2z6m"
  },
  {
    "objectId": "5df35ab5129ec20d34d05fc8",
    "owningId": "9QkpxK4s2W",
    "relatedId": "QhQ8fpUe6c"
  },
  {
    "objectId": "5df35ab5129ec20d34d05fc9",
    "owningId": "saRTBvjy7E",
    "relatedId": "wT20C1NjME"
  },
  {
    "objectId": "5df35ab5129ec20d34d05fca",
    "owningId": "3GJRfvcWhe",
    "relatedId": "BoS2xWpcpW"
  },
  {
    "objectId": "5df35ab5129ec20d34d05fcb",
    "owningId": "XM7QOoR3Hs",
    "relatedId": "AHldL9dXlP"
  },
  {
    "objectId": "5df35ab5129ec20d34d05fcc",
    "owningId": "EYB9eKWvKb",
    "relatedId": "MYo47EmWhc"
  },
  {
    "objectId": "5df35ab5129ec20d34d05fcd",
    "owningId": "ACAwcBMYSn",
    "relatedId": "mwMl4gHasJ"
  },
  {
    "objectId": "5df35ab5129ec20d34d05fce",
    "owningId": "jYUyW7dl9E",
    "relatedId": "edC4wCvqnI"
  },
  {
    "objectId": "5df35ab5129ec20d34d05fcf",
    "owningId": "DAF0RORLc1",
    "relatedId": "DcU3XzNv96"
  },
  {
    "objectId": "5df35ab5129ec20d34d05fd0",
    "owningId": "Pd0CLrXQbd",
    "relatedId": "xXYFd0SmIc"
  },
  {
    "objectId": "5df35ab5129ec20d34d05fd1",
    "owningId": "UTYZsYHw7W",
    "relatedId": "qtSqsjFE8M"
  },
  {
    "objectId": "5df35ab5129ec20d34d05fd2",
    "owningId": "U5UGBMKSJX",
    "relatedId": "1ZKNH6fqwX"
  },
  {
    "objectId": "5df35ab5129ec20d34d05fd3",
    "owningId": "cEADwB3phW",
    "relatedId": "OANO7UDvjF"
  },
  {
    "objectId": "5df35ab6129ec20d34d05fd4",
    "owningId": "FdvDkK4POz",
    "relatedId": "rRaksCHjPP"
  },
  {
    "objectId": "5df35ab6129ec20d34d05fd5",
    "owningId": "P6atFp2CzX",
    "relatedId": "1XhkyTrmOQ"
  },
  {
    "objectId": "5df35ab6129ec20d34d05fd6",
    "owningId": "B9EXDy9rpF",
    "relatedId": "IjL2NRxW9C"
  },
  {
    "objectId": "5df35ab6129ec20d34d05fd7",
    "owningId": "lISn8rNBgO",
    "relatedId": "ejmjHN3Hxp"
  },
  {
    "objectId": "5df3d2c0129ec20d34d06ae5",
    "owningId": "SDf8XWAQi9",
    "relatedId": "7a0oGpk74s"
  },
  {
    "objectId": "5df3d2c0129ec20d34d06ae6",
    "owningId": "LkLXrBX1yM",
    "relatedId": "sYaTpcbGSv"
  },
  {
    "objectId": "5df3d2c0129ec20d34d06ae2",
    "owningId": "0UJCwDAHPy",
    "relatedId": "YzMDe3ndRA"
  },
  {
    "objectId": "5df3d2c0129ec20d34d06ae4",
    "owningId": "gCZxhh2eOH",
    "relatedId": "49tiOSGHuN"
  },
  {
    "objectId": "5df3d2c0129ec20d34d06ae3",
    "owningId": "jA9jssNER2",
    "relatedId": "fdLjVELHq6"
  },
  {
    "objectId": "5df3d2c0129ec20d34d06ae9",
    "owningId": "cCuL8AWano",
    "relatedId": "3b3k8wODLA"
  },
  {
    "objectId": "5df3d2c0129ec20d34d06ae7",
    "owningId": "bbo48WCFgz",
    "relatedId": "V58Wg4Eyv7"
  },
  {
    "objectId": "5df3d2c0129ec20d34d06ae8",
    "owningId": "cmOacmCtgj",
    "relatedId": "ePC0XPwpZC"
  },
  {
    "objectId": "5df3d2c0129ec20d34d06aea",
    "owningId": "zVfrf3Nz3F",
    "relatedId": "N7O4MYFCSJ"
  },
  {
    "objectId": "5df3d2c0129ec20d34d06aeb",
    "owningId": "qRmafFmO8H",
    "relatedId": "sDCNZS8nmq"
  },
  {
    "objectId": "5df3d2c0129ec20d34d06af0",
    "owningId": "rtksbAXuhH",
    "relatedId": "6bTcNkFqJw"
  },
  {
    "objectId": "5df3d2c0129ec20d34d06aef",
    "owningId": "YUk7BZOd8v",
    "relatedId": "QyIdxUMUEx"
  },
  {
    "objectId": "5df3d2c0129ec20d34d06aee",
    "owningId": "7wAcXkfmEA",
    "relatedId": "7A4XL5MlfP"
  },
  {
    "objectId": "5df3d2c0129ec20d34d06aec",
    "owningId": "PGokcXL2jC",
    "relatedId": "8dTz96ueSJ"
  },
  {
    "objectId": "5df3d2c0129ec20d34d06aed",
    "owningId": "wjWkBsqhKj",
    "relatedId": "FzERCgLPGO"
  },
  {
    "objectId": "5df3d2c0129ec20d34d06af3",
    "owningId": "TzhJz6i9LG",
    "relatedId": "PGstjv91WT"
  },
  {
    "objectId": "5df3d2c0129ec20d34d06af4",
    "owningId": "49yNllnOx6",
    "relatedId": "lYBI6bf2Ef"
  },
  {
    "objectId": "5df3d2c0129ec20d34d06af1",
    "owningId": "nkmjnZFJwH",
    "relatedId": "86qdOqEGTF"
  },
  {
    "objectId": "5df3d2c0129ec20d34d06af2",
    "owningId": "N8N4I00Y4O",
    "relatedId": "r1k8wxe5hS"
  },
  {
    "objectId": "5df3d2c0129ec20d34d06af5",
    "owningId": "Lh0I6mAVUX",
    "relatedId": "ik0jiXgojE"
  },
  {
    "objectId": "5df3d2c0129ec20d34d06af7",
    "owningId": "NJssFH1FHf",
    "relatedId": "3UAd9B4eTA"
  },
  {
    "objectId": "5df3d2c0129ec20d34d06af9",
    "owningId": "nfLsv8jTke",
    "relatedId": "WKYbPeL3II"
  },
  {
    "objectId": "5df3d2c0129ec20d34d06af8",
    "owningId": "eKVy8Lr657",
    "relatedId": "4aK0PbFanY"
  },
  {
    "objectId": "5df3d2c0129ec20d34d06af6",
    "owningId": "DkORXtoqut",
    "relatedId": "rZ3iWk57zF"
  },
  {
    "objectId": "5df3d2c0129ec20d34d06afb",
    "owningId": "3wLOHN6u9B",
    "relatedId": "O0go2dYiHM"
  },
  {
    "objectId": "5df3d2c0129ec20d34d06afa",
    "owningId": "WUL9HR7JJC",
    "relatedId": "y77mGqirU3"
  },
  {
    "objectId": "5df3d2c0129ec20d34d06aff",
    "owningId": "IQmjz4I8Kp",
    "relatedId": "QF9q4HwZRT"
  },
  {
    "objectId": "5df3d2c0129ec20d34d06afe",
    "owningId": "W6qKh8I7vy",
    "relatedId": "wcHTFcJRlQ"
  },
  {
    "objectId": "5df3d2c0129ec20d34d06afc",
    "owningId": "58DfCYrTiT",
    "relatedId": "c1iw5K8qz5"
  },
  {
    "objectId": "5df3d2c0129ec20d34d06afd",
    "owningId": "WxvyeKXvVI",
    "relatedId": "yPmG7SoZDT"
  },
  {
    "objectId": "5df3d2c0129ec20d34d06b03",
    "owningId": "mGLpHBe1tD",
    "relatedId": "4EqczzWEG3"
  },
  {
    "objectId": "5df3d2c0129ec20d34d06b00",
    "owningId": "uZtONYAEzm",
    "relatedId": "l3gk6A9m7P"
  },
  {
    "objectId": "5df3d2c0129ec20d34d06b04",
    "owningId": "xVpWuDeCxS",
    "relatedId": "CeFr2tz78W"
  },
  {
    "objectId": "5df3d2c0129ec20d34d06b01",
    "owningId": "bOh0AgLQZK",
    "relatedId": "3nkUz8CDwU"
  },
  {
    "objectId": "5df3d2c0129ec20d34d06b02",
    "owningId": "EGn5qr5tcu",
    "relatedId": "PKmigUWiwm"
  },
  {
    "objectId": "5df3d2c0129ec20d34d06b05",
    "owningId": "gjQMF811aE",
    "relatedId": "anVhWt6sY3"
  },
  {
    "objectId": "5df3d320129ec20d34d06de3",
    "owningId": "NmCM3eZdGh",
    "relatedId": "EYWc1glF4X"
  },
  {
    "objectId": "5df3d320129ec20d34d06de5",
    "owningId": "hy1Xt8VYOY",
    "relatedId": "ncJlaATSyt"
  },
  {
    "objectId": "5df3d320129ec20d34d06de6",
    "owningId": "BuoGZx43Xq",
    "relatedId": "0K381cJjEy"
  },
  {
    "objectId": "5df3d320129ec20d34d06de4",
    "owningId": "eJGiz2iO7c",
    "relatedId": "Ui6HG7ZS3O"
  },
  {
    "objectId": "5df3d320129ec20d34d06de7",
    "owningId": "JNlPXQJIk3",
    "relatedId": "jTsYAQ5B4l"
  },
  {
    "objectId": "5df3d320129ec20d34d06de8",
    "owningId": "fvQlOgZzbM",
    "relatedId": "DpVGlEWxLQ"
  },
  {
    "objectId": "5df3d320129ec20d34d06de9",
    "owningId": "A8jfmyWKUw",
    "relatedId": "MKK4iLmZpt"
  },
  {
    "objectId": "5df3d320129ec20d34d06ded",
    "owningId": "XFpnpNCVsm",
    "relatedId": "0b3ESyvJJr"
  },
  {
    "objectId": "5df3d320129ec20d34d06dea",
    "owningId": "9J8ebT0N4v",
    "relatedId": "yTC92lLZn8"
  },
  {
    "objectId": "5df3d320129ec20d34d06dec",
    "owningId": "HSFQwIuNtZ",
    "relatedId": "kvrE2iJYun"
  },
  {
    "objectId": "5df3d320129ec20d34d06deb",
    "owningId": "qvLimmZnZh",
    "relatedId": "RDSGinEcvA"
  },
  {
    "objectId": "5df3d320129ec20d34d06dee",
    "owningId": "AorzYve47e",
    "relatedId": "LTO4wOUTAC"
  },
  {
    "objectId": "5df3d320129ec20d34d06df0",
    "owningId": "Od9eGRGO8P",
    "relatedId": "YBjdTDh6zR"
  },
  {
    "objectId": "5df3d320129ec20d34d06df1",
    "owningId": "QXAQmQR8v1",
    "relatedId": "rnLnG9q3yH"
  },
  {
    "objectId": "5df3d320129ec20d34d06def",
    "owningId": "hLYEWrGtn5",
    "relatedId": "7HJCIaccgr"
  },
  {
    "objectId": "5df3d320129ec20d34d06df2",
    "owningId": "0wfkTKbWgc",
    "relatedId": "GZz8jZ3AHn"
  },
  {
    "objectId": "5df3d320129ec20d34d06df4",
    "owningId": "ie0Rt0Udoo",
    "relatedId": "02njHHYJLi"
  },
  {
    "objectId": "5df3d320129ec20d34d06df5",
    "owningId": "QvEZew1h9p",
    "relatedId": "TTkQhn5R5W"
  },
  {
    "objectId": "5df3d320129ec20d34d06df3",
    "owningId": "DCotrh3eT4",
    "relatedId": "MZiiFfl9Vm"
  },
  {
    "objectId": "5df3d320129ec20d34d06df6",
    "owningId": "iAVTMhjmCi",
    "relatedId": "SprVxGYO9S"
  },
  {
    "objectId": "5df3d320129ec20d34d06df8",
    "owningId": "Yj3KVtVisK",
    "relatedId": "VE6vY1iAqO"
  },
  {
    "objectId": "5df3d320129ec20d34d06dfa",
    "owningId": "rmPJdJ1ibx",
    "relatedId": "iRKXvYoVd5"
  },
  {
    "objectId": "5df3d320129ec20d34d06dfd",
    "owningId": "C0RCBV4uoJ",
    "relatedId": "1u6vPdLczy"
  },
  {
    "objectId": "5df3d320129ec20d34d06e00",
    "owningId": "v78MBP7GGy",
    "relatedId": "ztNr2TVXrL"
  },
  {
    "objectId": "5df3d320129ec20d34d06e02",
    "owningId": "ViQvSGWRhB",
    "relatedId": "oFXYcYWsGG"
  },
  {
    "objectId": "5df3d320129ec20d34d06dfc",
    "owningId": "bf22XeFUMD",
    "relatedId": "H7yElG63Jg"
  },
  {
    "objectId": "5df3d320129ec20d34d06df9",
    "owningId": "PMn6uhAG1U",
    "relatedId": "ZEU3CJ7ij2"
  },
  {
    "objectId": "5df3d320129ec20d34d06df7",
    "owningId": "B8m4EaRt4d",
    "relatedId": "ZrzSpduBpO"
  },
  {
    "objectId": "5df3d320129ec20d34d06dff",
    "owningId": "ZyLcBLZdEy",
    "relatedId": "vgDIEn82UH"
  },
  {
    "objectId": "5df3d320129ec20d34d06dfb",
    "owningId": "CsUs7kMH8C",
    "relatedId": "d4KdsqvRwC"
  },
  {
    "objectId": "5df3d320129ec20d34d06dfe",
    "owningId": "vjRgPKxg0U",
    "relatedId": "gZVQzhZyv3"
  },
  {
    "objectId": "5df3d320129ec20d34d06e04",
    "owningId": "x13uxjH7Np",
    "relatedId": "3Ab7fQHteN"
  },
  {
    "objectId": "5df3d320129ec20d34d06e05",
    "owningId": "RPzo4RQ219",
    "relatedId": "zJCBfLOR72"
  },
  {
    "objectId": "5df3d320129ec20d34d06e06",
    "owningId": "Cl1KkGngoT",
    "relatedId": "Si9xO7FuAe"
  },
  {
    "objectId": "5df3d320129ec20d34d06e03",
    "owningId": "QYnhBDvypL",
    "relatedId": "iBzQCMdR8S"
  },
  {
    "objectId": "5df3d320129ec20d34d06e01",
    "owningId": "EFApHP0WfA",
    "relatedId": "CxODEVlJZ5"
  },
  {
    "objectId": "5df3d65f129ec20d34d07020",
    "owningId": "CDu78kVz2i",
    "relatedId": "YWVns6MSS3"
  },
  {
    "objectId": "5df3d65f129ec20d34d07021",
    "owningId": "ml7MvRC9CW",
    "relatedId": "e4h0X2EXgW"
  },
  {
    "objectId": "5df3d65f129ec20d34d07022",
    "owningId": "mlCvclJwhv",
    "relatedId": "4YZtJ5tSoF"
  },
  {
    "objectId": "5df3d65f129ec20d34d07024",
    "owningId": "u65AcVJK1g",
    "relatedId": "gIKCFXmKV3"
  },
  {
    "objectId": "5df3d65f129ec20d34d07026",
    "owningId": "WIYiKoGll9",
    "relatedId": "4v8FON66Ke"
  },
  {
    "objectId": "5df3d65f129ec20d34d07027",
    "owningId": "SnA0X70TRy",
    "relatedId": "7OMNW1IvtL"
  },
  {
    "objectId": "5df3d65f129ec20d34d07025",
    "owningId": "y7JCKIqI4G",
    "relatedId": "wy46XtuXZq"
  },
  {
    "objectId": "5df3d65f129ec20d34d07023",
    "owningId": "wAGb1pX7pP",
    "relatedId": "cp6DBMAa0B"
  },
  {
    "objectId": "5df3d65f129ec20d34d07028",
    "owningId": "c6WtXcFBVe",
    "relatedId": "hcC3SCOxbj"
  },
  {
    "objectId": "5df3d65f129ec20d34d07029",
    "owningId": "vVvKf22wIE",
    "relatedId": "TijzUk1wjq"
  },
  {
    "objectId": "5df3d65f129ec20d34d0702a",
    "owningId": "aVLY27vowH",
    "relatedId": "z5OgwbPXp1"
  },
  {
    "objectId": "5df3d65f129ec20d34d0702c",
    "owningId": "TSJIC7dW4R",
    "relatedId": "AZFZagCOg3"
  },
  {
    "objectId": "5df3d65f129ec20d34d0702d",
    "owningId": "v3QsaB0VYe",
    "relatedId": "QSCighfdQC"
  },
  {
    "objectId": "5df3d65f129ec20d34d0702b",
    "owningId": "S2icFgV445",
    "relatedId": "kytEWRhGZ0"
  },
  {
    "objectId": "5df3d65f129ec20d34d0702f",
    "owningId": "wjlDd3P5M2",
    "relatedId": "H9NBCoVlef"
  },
  {
    "objectId": "5df3d65f129ec20d34d0702e",
    "owningId": "Gv6Sem4TxY",
    "relatedId": "X5YfUngDK2"
  },
  {
    "objectId": "5df3d65f129ec20d34d07030",
    "owningId": "IssdrsJHE5",
    "relatedId": "lQfYOnq0P0"
  },
  {
    "objectId": "5df3d65f129ec20d34d07031",
    "owningId": "2Ykb37RpKY",
    "relatedId": "X6ZedPWL6p"
  },
  {
    "objectId": "5df3d65f129ec20d34d07032",
    "owningId": "3EvQMHV31r",
    "relatedId": "XhnWhlnXVn"
  },
  {
    "objectId": "5df3d65f129ec20d34d07033",
    "owningId": "dD9663Au2A",
    "relatedId": "HhVSEUNLYc"
  },
  {
    "objectId": "5df3d65f129ec20d34d07039",
    "owningId": "AnzSEfE4lH",
    "relatedId": "H3yW6UuG6B"
  },
  {
    "objectId": "5df3d65f129ec20d34d07037",
    "owningId": "PU67l9ROcE",
    "relatedId": "B2OxvnymcT"
  },
  {
    "objectId": "5df3d65f129ec20d34d07035",
    "owningId": "2481maLTuC",
    "relatedId": "xOzQDBCPhY"
  },
  {
    "objectId": "5df3d65f129ec20d34d07034",
    "owningId": "Hnnrkc91fG",
    "relatedId": "lqwtphASg4"
  },
  {
    "objectId": "5df3d65f129ec20d34d07038",
    "owningId": "5IX3Wy4GuJ",
    "relatedId": "85EAg5TSSC"
  },
  {
    "objectId": "5df3d65f129ec20d34d07036",
    "owningId": "5ybwnxZ0dg",
    "relatedId": "FchTRsqCHa"
  },
  {
    "objectId": "5df3d65f129ec20d34d0703a",
    "owningId": "6gmIqzAqtF",
    "relatedId": "ub3Iowk2t9"
  },
  {
    "objectId": "5df3d65f129ec20d34d0703c",
    "owningId": "zBiDomZauH",
    "relatedId": "2oBYxrrMwH"
  },
  {
    "objectId": "5df3d65f129ec20d34d0703b",
    "owningId": "ptSB2l14Rl",
    "relatedId": "Yf7aFAyLsn"
  },
  {
    "objectId": "5df3d65f129ec20d34d0703e",
    "owningId": "fHFIkUYCdb",
    "relatedId": "Chvu7yqK9M"
  },
  {
    "objectId": "5df3d65f129ec20d34d0703d",
    "owningId": "dEooZ9tgbK",
    "relatedId": "USrTF5NJE5"
  },
  {
    "objectId": "5df3d65f129ec20d34d0703f",
    "owningId": "UAEqJWZwwE",
    "relatedId": "4SAQKsoF3l"
  },
  {
    "objectId": "5df3d65f129ec20d34d07040",
    "owningId": "DYp60MbPC5",
    "relatedId": "T8sb9vHmXg"
  },
  {
    "objectId": "5df3d65f129ec20d34d07041",
    "owningId": "sIqHGHeA2o",
    "relatedId": "PAu5RLlrYc"
  },
  {
    "objectId": "5df3d65f129ec20d34d07042",
    "owningId": "NPQQa0aBt7",
    "relatedId": "oDXH2JCbdJ"
  },
  {
    "objectId": "5df3d65f129ec20d34d07043",
    "owningId": "M7sdOF9JgT",
    "relatedId": "Kaz6OtQLXW"
  },
  {
    "objectId": "5df3d70d129ec20d34d0736d",
    "owningId": "rBT6dRcAvV",
    "relatedId": "Yu8JJM8WWQ"
  },
  {
    "objectId": "5df3d70d129ec20d34d0736f",
    "owningId": "PH0oid2f3c",
    "relatedId": "EHwOUR0RVY"
  },
  {
    "objectId": "5df3d70d129ec20d34d07370",
    "owningId": "mgSo4ZBwQZ",
    "relatedId": "cJjyNNWfaJ"
  },
  {
    "objectId": "5df3d70d129ec20d34d0736e",
    "owningId": "XkClBqteaC",
    "relatedId": "Ti27yLcoql"
  },
  {
    "objectId": "5df3d70d129ec20d34d07371",
    "owningId": "0L9iwwwJMW",
    "relatedId": "Xh6ExRuQqV"
  },
  {
    "objectId": "5df3d70d129ec20d34d07372",
    "owningId": "z912tJ4iRp",
    "relatedId": "0hoZeCQnzs"
  },
  {
    "objectId": "5df3d70d129ec20d34d07373",
    "owningId": "BJ0rE15ocE",
    "relatedId": "OBUDg2hbLE"
  },
  {
    "objectId": "5df3d70d129ec20d34d07375",
    "owningId": "fEmqSRFveH",
    "relatedId": "p0acGUqy7P"
  },
  {
    "objectId": "5df3d70d129ec20d34d07374",
    "owningId": "IGD2Cr6wJ7",
    "relatedId": "XPtN4pveDF"
  },
  {
    "objectId": "5df3d70d129ec20d34d07376",
    "owningId": "ywQsKeaP0F",
    "relatedId": "Dv751WDhya"
  },
  {
    "objectId": "5df3d70d129ec20d34d07379",
    "owningId": "0ZjjDtbfSu",
    "relatedId": "JKhwzwupdX"
  },
  {
    "objectId": "5df3d70d129ec20d34d07378",
    "owningId": "p7gt7YtLkK",
    "relatedId": "9NeoPtLPvR"
  },
  {
    "objectId": "5df3d70d129ec20d34d0737b",
    "owningId": "IT17joL7Lp",
    "relatedId": "uVQeICE8mb"
  },
  {
    "objectId": "5df3d70d129ec20d34d07377",
    "owningId": "Kbaef6FQp6",
    "relatedId": "n4Aswzk9os"
  },
  {
    "objectId": "5df3d70d129ec20d34d0737a",
    "owningId": "GeDPfBN7Lw",
    "relatedId": "s5hIad30Wh"
  },
  {
    "objectId": "5df3d70d129ec20d34d0737c",
    "owningId": "8aqhGFPrIB",
    "relatedId": "O5HzAUzGxE"
  },
  {
    "objectId": "5df3d70d129ec20d34d0737e",
    "owningId": "NJAmjLvH7s",
    "relatedId": "2hmH8VhRZN"
  },
  {
    "objectId": "5df3d70d129ec20d34d0737d",
    "owningId": "k0dnoqCUqO",
    "relatedId": "qtYeHAGke1"
  },
  {
    "objectId": "5df3d70d129ec20d34d07380",
    "owningId": "ieySkmrUM7",
    "relatedId": "MAceNaOGZT"
  },
  {
    "objectId": "5df3d70d129ec20d34d0737f",
    "owningId": "kNmDBGH4AR",
    "relatedId": "OKFfcv8ViQ"
  },
  {
    "objectId": "5df3d70d129ec20d34d07382",
    "owningId": "2EYwRzBvU2",
    "relatedId": "0hBYUibyrk"
  },
  {
    "objectId": "5df3d70d129ec20d34d07381",
    "owningId": "KyV5Xaxpvy",
    "relatedId": "sBuKgvPo5a"
  },
  {
    "objectId": "5df3d70d129ec20d34d07385",
    "owningId": "mXB47KlEEx",
    "relatedId": "HPldMPPp12"
  },
  {
    "objectId": "5df3d70d129ec20d34d0738b",
    "owningId": "JIbweEmsLg",
    "relatedId": "EpZWNQ3kA0"
  },
  {
    "objectId": "5df3d70d129ec20d34d0738a",
    "owningId": "f5YoBBAFo1",
    "relatedId": "UYF2HyNvB7"
  },
  {
    "objectId": "5df3d70d129ec20d34d07386",
    "owningId": "7mbAZs3bwZ",
    "relatedId": "It0TdPV5mD"
  },
  {
    "objectId": "5df3d70d129ec20d34d07387",
    "owningId": "TsocOTvCyA",
    "relatedId": "DB5Yb7XnYI"
  },
  {
    "objectId": "5df3d70d129ec20d34d07389",
    "owningId": "LeFAiaaZ2P",
    "relatedId": "1IadG6QShE"
  },
  {
    "objectId": "5df3d70d129ec20d34d0738f",
    "owningId": "HFAJcSiLTc",
    "relatedId": "GsX54tPiq7"
  },
  {
    "objectId": "5df3d70d129ec20d34d07384",
    "owningId": "Rqbr24Emnb",
    "relatedId": "A1RzhRKASK"
  },
  {
    "objectId": "5df3d70d129ec20d34d07388",
    "owningId": "HL7wU8EAvz",
    "relatedId": "9Nz1kxRDAe"
  },
  {
    "objectId": "5df3d70d129ec20d34d07383",
    "owningId": "hS08C2ZBCQ",
    "relatedId": "sC6T8Ur8vs"
  },
  {
    "objectId": "5df3d70d129ec20d34d0738c",
    "owningId": "wCUkK53yxo",
    "relatedId": "DPPDNIdJSu"
  },
  {
    "objectId": "5df3d70d129ec20d34d07390",
    "owningId": "F5bttyka20",
    "relatedId": "PA2lRwOcRs"
  },
  {
    "objectId": "5df3d70d129ec20d34d0738d",
    "owningId": "0I7BVJsHOt",
    "relatedId": "yIxYXiCAAX"
  },
  {
    "objectId": "5df3d70d129ec20d34d0738e",
    "owningId": "2MWumsB1uz",
    "relatedId": "jfEaEbQEYw"
  },
  {
    "objectId": "5df3dcf3129ec20d34d076cc",
    "owningId": "D72XIv0q2I",
    "relatedId": "QmPOXGpvnF"
  },
  {
    "objectId": "5df3dcf3129ec20d34d076cd",
    "owningId": "Xs1sGhtnX5",
    "relatedId": "oDha1rwQsg"
  },
  {
    "objectId": "5df3dcf3129ec20d34d076d3",
    "owningId": "GQlET1GvsC",
    "relatedId": "CtoyFZRakc"
  },
  {
    "objectId": "5df3dcf3129ec20d34d076d6",
    "owningId": "PFK81q3OP4",
    "relatedId": "4nBjE8V0WI"
  },
  {
    "objectId": "5df3dcf3129ec20d34d076d4",
    "owningId": "Vocz37gEuf",
    "relatedId": "h2GjIKve0P"
  },
  {
    "objectId": "5df3dcf3129ec20d34d076ce",
    "owningId": "H2YJwIO8vl",
    "relatedId": "Omjep4E6KX"
  },
  {
    "objectId": "5df3dcf3129ec20d34d076d9",
    "owningId": "SBB8B1QCoc",
    "relatedId": "pKXnTRISAz"
  },
  {
    "objectId": "5df3dcf3129ec20d34d076d7",
    "owningId": "WEzOD1FYFy",
    "relatedId": "sCZly9rNFM"
  },
  {
    "objectId": "5df3dcf3129ec20d34d076d8",
    "owningId": "nDwVRfGSa7",
    "relatedId": "LjZeIZPAfl"
  },
  {
    "objectId": "5df3dcf3129ec20d34d076d1",
    "owningId": "pRfXD2itaC",
    "relatedId": "7oEjdedNC3"
  },
  {
    "objectId": "5df3dcf3129ec20d34d076d5",
    "owningId": "Tg9R18bQf8",
    "relatedId": "yV78gWtIRi"
  },
  {
    "objectId": "5df3dcf3129ec20d34d076cf",
    "owningId": "6U596yrSpl",
    "relatedId": "JYpw57PREe"
  },
  {
    "objectId": "5df3dcf3129ec20d34d076d2",
    "owningId": "tgm7xxNva7",
    "relatedId": "qDuGxygVmr"
  },
  {
    "objectId": "5df3dcf3129ec20d34d076d0",
    "owningId": "szBPFUTRrd",
    "relatedId": "iXw0s664Ma"
  },
  {
    "objectId": "5df3dcf3129ec20d34d076da",
    "owningId": "iw4idKewXV",
    "relatedId": "jrxeQZhGdM"
  },
  {
    "objectId": "5df3dcf3129ec20d34d076de",
    "owningId": "i7VfuHYTVT",
    "relatedId": "q7XEC84PAx"
  },
  {
    "objectId": "5df3dcf3129ec20d34d076df",
    "owningId": "oEauzdbvNR",
    "relatedId": "WdjXDQk2bT"
  },
  {
    "objectId": "5df3dcf3129ec20d34d076db",
    "owningId": "R2wnlc7ACM",
    "relatedId": "MEaf7H1BHa"
  },
  {
    "objectId": "5df3dcf3129ec20d34d076dc",
    "owningId": "pErbSnsWO4",
    "relatedId": "SX0b1FEPG6"
  },
  {
    "objectId": "5df3dcf3129ec20d34d076dd",
    "owningId": "DzvYDr33wp",
    "relatedId": "D0G63uqz9L"
  },
  {
    "objectId": "5df3dcf3129ec20d34d076e0",
    "owningId": "sEThQ65j2U",
    "relatedId": "U6KA78my18"
  },
  {
    "objectId": "5df3dcf3129ec20d34d076e3",
    "owningId": "pjjoXCLoqU",
    "relatedId": "pGY0Df4lEx"
  },
  {
    "objectId": "5df3dcf3129ec20d34d076e1",
    "owningId": "VxkbDeWfAs",
    "relatedId": "CzNwpYjU6N"
  },
  {
    "objectId": "5df3dcf3129ec20d34d076e4",
    "owningId": "t9teGz36Da",
    "relatedId": "8mOTvwRR0Z"
  },
  {
    "objectId": "5df3dcf3129ec20d34d076e2",
    "owningId": "nzOcASNnhU",
    "relatedId": "npQXGI7B0B"
  },
  {
    "objectId": "5df3dcf3129ec20d34d076e5",
    "owningId": "mKp0on3YXA",
    "relatedId": "HpsbD1Ob2e"
  },
  {
    "objectId": "5df3dcf3129ec20d34d076e6",
    "owningId": "d1LMWYAlQQ",
    "relatedId": "y2qLPjEIDO"
  },
  {
    "objectId": "5df3dcf3129ec20d34d076e8",
    "owningId": "OhNhKlzW6F",
    "relatedId": "zUcZYm8PYr"
  },
  {
    "objectId": "5df3dcf3129ec20d34d076e7",
    "owningId": "Lr9bna8SBb",
    "relatedId": "ut2r4hrFsD"
  },
  {
    "objectId": "5df3dcf3129ec20d34d076e9",
    "owningId": "myGP77FU3d",
    "relatedId": "xbac3Am1hM"
  },
  {
    "objectId": "5df3dcf3129ec20d34d076eb",
    "owningId": "3EcDmbDATl",
    "relatedId": "B5XPR632y1"
  },
  {
    "objectId": "5df3dcf3129ec20d34d076ec",
    "owningId": "RHpc31cCSY",
    "relatedId": "Vtm2TO7Ggh"
  },
  {
    "objectId": "5df3dcf3129ec20d34d076ea",
    "owningId": "0M0k9YTkIv",
    "relatedId": "28SXuj2H7u"
  },
  {
    "objectId": "5df3dcf3129ec20d34d076ed",
    "owningId": "6rcg8mPd50",
    "relatedId": "nvVimmcybZ"
  },
  {
    "objectId": "5df3dcf3129ec20d34d076ee",
    "owningId": "tSKJTECUDX",
    "relatedId": "2S616TXZAg"
  },
  {
    "objectId": "5df3dcf3129ec20d34d076ef",
    "owningId": "ahXhdTObAK",
    "relatedId": "MFUxhDvGuJ"
  },
  {
    "objectId": "5df3dd23129ec20d34d078e6",
    "owningId": "qmnL2s8SWz",
    "relatedId": "5mGryGVLXn"
  },
  {
    "objectId": "5df3dd23129ec20d34d078e7",
    "owningId": "qn0NQcEHdf",
    "relatedId": "uMOMe67VtO"
  },
  {
    "objectId": "5df3dd23129ec20d34d078e8",
    "owningId": "gxG412p0ux",
    "relatedId": "e5tCJlT1qX"
  },
  {
    "objectId": "5df3dd23129ec20d34d078e9",
    "owningId": "JehJ7v7KYa",
    "relatedId": "vtLjZmacA8"
  },
  {
    "objectId": "5df3dd23129ec20d34d078eb",
    "owningId": "TZSUrlJmM3",
    "relatedId": "G6U4FGrHyT"
  },
  {
    "objectId": "5df3dd23129ec20d34d078ec",
    "owningId": "CERsg073Tp",
    "relatedId": "XkZdnjsZS9"
  },
  {
    "objectId": "5df3dd23129ec20d34d078ed",
    "owningId": "bGVURQoQo5",
    "relatedId": "m4DfuyEUry"
  },
  {
    "objectId": "5df3dd23129ec20d34d078ea",
    "owningId": "EShbZYxpx0",
    "relatedId": "aRhgszJp8d"
  },
  {
    "objectId": "5df3dd23129ec20d34d078ee",
    "owningId": "WHm8GorOlS",
    "relatedId": "Ga6f546CkA"
  },
  {
    "objectId": "5df3dd23129ec20d34d078f1",
    "owningId": "XOrEP0B7ko",
    "relatedId": "ZpgWnQ4Hvq"
  },
  {
    "objectId": "5df3dd23129ec20d34d078f5",
    "owningId": "vE8XODWasx",
    "relatedId": "4ep2qngZRZ"
  },
  {
    "objectId": "5df3dd23129ec20d34d078ef",
    "owningId": "mOHWVUlH0U",
    "relatedId": "q6OSwvqGkF"
  },
  {
    "objectId": "5df3dd23129ec20d34d078f2",
    "owningId": "eQLsymqDH3",
    "relatedId": "DQPQHIc433"
  },
  {
    "objectId": "5df3dd23129ec20d34d078f0",
    "owningId": "xWg5f3zB5v",
    "relatedId": "fJ237YA2Aj"
  },
  {
    "objectId": "5df3dd23129ec20d34d078f3",
    "owningId": "B6GrQle6Cp",
    "relatedId": "WkI1nsAJdQ"
  },
  {
    "objectId": "5df3dd23129ec20d34d078f6",
    "owningId": "UhCADyYjZL",
    "relatedId": "WM9NYPkcwI"
  },
  {
    "objectId": "5df3dd23129ec20d34d078f4",
    "owningId": "zVjgHtNzAd",
    "relatedId": "l75zLatzCD"
  },
  {
    "objectId": "5df3dd23129ec20d34d078f7",
    "owningId": "cUevnBVBRk",
    "relatedId": "oNe8f80KxE"
  },
  {
    "objectId": "5df3dd23129ec20d34d078f9",
    "owningId": "iTxIKDLwcR",
    "relatedId": "c2ZiDGzlEL"
  },
  {
    "objectId": "5df3dd23129ec20d34d078f8",
    "owningId": "uMrfyF18bt",
    "relatedId": "3KAFsHiHm6"
  },
  {
    "objectId": "5df3dd23129ec20d34d078fb",
    "owningId": "9E1E0LqgFl",
    "relatedId": "FTMn9j9KZn"
  },
  {
    "objectId": "5df3dd23129ec20d34d078fa",
    "owningId": "3b9PSxp1FG",
    "relatedId": "lqM4sVxBDR"
  },
  {
    "objectId": "5df3dd23129ec20d34d078fd",
    "owningId": "cl6S4w92Aj",
    "relatedId": "dmiyZoe3tD"
  },
  {
    "objectId": "5df3dd23129ec20d34d078fc",
    "owningId": "p165Knlbiy",
    "relatedId": "nuwyVyWGUd"
  },
  {
    "objectId": "5df3dd23129ec20d34d078fe",
    "owningId": "wUNxruuBK9",
    "relatedId": "47BOU4SuD4"
  },
  {
    "objectId": "5df3dd23129ec20d34d07901",
    "owningId": "GVH2H6Dooc",
    "relatedId": "h6zCPwQicl"
  },
  {
    "objectId": "5df3dd23129ec20d34d07900",
    "owningId": "weB0A9ZTvO",
    "relatedId": "fUuaXEDStI"
  },
  {
    "objectId": "5df3dd23129ec20d34d078ff",
    "owningId": "KTtqS9Hf59",
    "relatedId": "mDnnNSSWBI"
  },
  {
    "objectId": "5df3dd23129ec20d34d07902",
    "owningId": "FDYKIoJfw7",
    "relatedId": "ZFQ9EmVahf"
  },
  {
    "objectId": "5df3dd23129ec20d34d07903",
    "owningId": "VYFnAnEH37",
    "relatedId": "D5SbuPKtfa"
  },
  {
    "objectId": "5df3dd23129ec20d34d07904",
    "owningId": "io4x4bzkhP",
    "relatedId": "lFPJalzPq2"
  },
  {
    "objectId": "5df3dd23129ec20d34d07908",
    "owningId": "fy39ZzBCnp",
    "relatedId": "M5wGFBCXAZ"
  },
  {
    "objectId": "5df3dd23129ec20d34d07907",
    "owningId": "JFKVCPHGUE",
    "relatedId": "Seg4Rcvxw2"
  },
  {
    "objectId": "5df3dd23129ec20d34d07905",
    "owningId": "55nZnDW7Wb",
    "relatedId": "tEKF42xF3U"
  },
  {
    "objectId": "5df3dd23129ec20d34d07906",
    "owningId": "C3zqPmK26T",
    "relatedId": "3AhKIDYjCT"
  },
  {
    "objectId": "5df3dd23129ec20d34d07909",
    "owningId": "yYXb0A5go0",
    "relatedId": "xIpEeHFjHy"
  },
  {
    "objectId": "5df3e9a9129ec20d34d07dfc",
    "owningId": "z2uJ1N7RUj",
    "relatedId": "Z7FCUAttDc"
  },
  {
    "objectId": "5df3e9a9129ec20d34d07dfe",
    "owningId": "XkKWE6DYG2",
    "relatedId": "2GFwsvrHL6"
  },
  {
    "objectId": "5df3e9a9129ec20d34d07dfb",
    "owningId": "AmxEngCKLr",
    "relatedId": "fqQdXdCHzs"
  },
  {
    "objectId": "5df3e9a9129ec20d34d07dfd",
    "owningId": "6EhvyQR6tl",
    "relatedId": "BGcZHFZFY2"
  },
  {
    "objectId": "5df3e9a9129ec20d34d07dff",
    "owningId": "nn4RvL2myQ",
    "relatedId": "t9VERDgOgj"
  },
  {
    "objectId": "5df3e9a9129ec20d34d07e00",
    "owningId": "BHaIFQtv7i",
    "relatedId": "BFHuhuVNAI"
  },
  {
    "objectId": "5df3e9a9129ec20d34d07e01",
    "owningId": "EvtUWbZuHM",
    "relatedId": "Tg2ABs3sco"
  },
  {
    "objectId": "5df3e9a9129ec20d34d07e04",
    "owningId": "Jt7sJ8ZI7t",
    "relatedId": "r0aI0EA25O"
  },
  {
    "objectId": "5df3e9a9129ec20d34d07e02",
    "owningId": "yOswX1MpKK",
    "relatedId": "8iMHl5QIZb"
  },
  {
    "objectId": "5df3e9a9129ec20d34d07e03",
    "owningId": "EY3gbE2taR",
    "relatedId": "AANjhB1bPT"
  },
  {
    "objectId": "5df3e9a9129ec20d34d07e05",
    "owningId": "6M9weFJ7bG",
    "relatedId": "BobYKmivC3"
  },
  {
    "objectId": "5df3e9a9129ec20d34d07e06",
    "owningId": "nFLrjhrAnU",
    "relatedId": "kOkqJvezFV"
  },
  {
    "objectId": "5df3e9a9129ec20d34d07e07",
    "owningId": "3M3m6D09tw",
    "relatedId": "wWmtNJCE0R"
  },
  {
    "objectId": "5df3e9a9129ec20d34d07e08",
    "owningId": "YGflaUC1Kg",
    "relatedId": "DMwLWstosP"
  },
  {
    "objectId": "5df3e9a9129ec20d34d07e09",
    "owningId": "udrPy9AkhD",
    "relatedId": "P9XQ0KxkvS"
  },
  {
    "objectId": "5df3e9a9129ec20d34d07e0a",
    "owningId": "hLoKcYf27J",
    "relatedId": "rZoyjN5Eoc"
  },
  {
    "objectId": "5df3e9a9129ec20d34d07e0d",
    "owningId": "rfyNcjTeGz",
    "relatedId": "UZN9cHUblo"
  },
  {
    "objectId": "5df3e9a9129ec20d34d07e0c",
    "owningId": "71987spC7M",
    "relatedId": "KxocRyt7eo"
  },
  {
    "objectId": "5df3e9a9129ec20d34d07e0e",
    "owningId": "IV6wThNACG",
    "relatedId": "6hYc0wSwEI"
  },
  {
    "objectId": "5df3e9a9129ec20d34d07e0b",
    "owningId": "1YIAHpQAZF",
    "relatedId": "yIDav7gj5a"
  },
  {
    "objectId": "5df3e9a9129ec20d34d07e15",
    "owningId": "OasAWgeN2p",
    "relatedId": "3CeApAuCII"
  },
  {
    "objectId": "5df3e9a9129ec20d34d07e0f",
    "owningId": "AQHJndEr19",
    "relatedId": "jgC9lT6Xff"
  },
  {
    "objectId": "5df3e9a9129ec20d34d07e11",
    "owningId": "ICyD92JiTe",
    "relatedId": "CEyGcnzQpK"
  },
  {
    "objectId": "5df3e9a9129ec20d34d07e13",
    "owningId": "w04mDHwm4E",
    "relatedId": "Neaerczm0T"
  },
  {
    "objectId": "5df3e9a9129ec20d34d07e10",
    "owningId": "gAy3fHM7d2",
    "relatedId": "lEmwwnRnnD"
  },
  {
    "objectId": "5df3e9a9129ec20d34d07e12",
    "owningId": "jhdx7YIGef",
    "relatedId": "HTSKBLxUq4"
  },
  {
    "objectId": "5df3e9a9129ec20d34d07e14",
    "owningId": "OpLqGkPBu4",
    "relatedId": "yyeDuukY4A"
  },
  {
    "objectId": "5df3e9a9129ec20d34d07e17",
    "owningId": "Xu82yRBXgZ",
    "relatedId": "aAVx282OGJ"
  },
  {
    "objectId": "5df3e9a9129ec20d34d07e18",
    "owningId": "1YfnDESFrB",
    "relatedId": "t48lV4Tx27"
  },
  {
    "objectId": "5df3e9a9129ec20d34d07e19",
    "owningId": "8hp7YqVxyG",
    "relatedId": "nAlqt8LgM1"
  },
  {
    "objectId": "5df3e9a9129ec20d34d07e1e",
    "owningId": "81Z42snwmA",
    "relatedId": "WwMu5FXuSq"
  },
  {
    "objectId": "5df3e9a9129ec20d34d07e1a",
    "owningId": "4m1OB1jIjC",
    "relatedId": "4NgpbeTTAz"
  },
  {
    "objectId": "5df3e9a9129ec20d34d07e1c",
    "owningId": "FR8HGCrbyi",
    "relatedId": "8xpEumjqbB"
  },
  {
    "objectId": "5df3e9a9129ec20d34d07e1b",
    "owningId": "RWSfQanzkC",
    "relatedId": "9SVromrYyh"
  },
  {
    "objectId": "5df3e9a9129ec20d34d07e16",
    "owningId": "amNSuY5YKH",
    "relatedId": "7O2h8IfBnB"
  },
  {
    "objectId": "5df3e9a9129ec20d34d07e1d",
    "owningId": "vDGo92KQPT",
    "relatedId": "tOY4tiDR6K"
  }
]
}