{
"results" : [

  {
    "objectId": "5df3576e129ec20d34d05edf",
    "owningId": "7Q4cBUIcMx",
    "relatedId": "ewdqSZFJj7"
  },
  {
    "objectId": "5df3576f129ec20d34d05ee1",
    "owningId": "I5qF64iCdW",
    "relatedId": "ewdqSZFJj7"
  },
  {
    "objectId": "5df3576f129ec20d34d05ee2",
    "owningId": "SpDdy8OZNM",
    "relatedId": "ewdqSZFJj7"
  },
  {
    "objectId": "5df3576f129ec20d34d05ee3",
    "owningId": "4nb3KNLftO",
    "relatedId": "VEvEDBV9lg"
  },
  {
    "objectId": "5df3576f129ec20d34d05ee4",
    "owningId": "jKHYdhw95D",
    "relatedId": "VEvEDBV9lg"
  },
  {
    "objectId": "5df3576f129ec20d34d05ee6",
    "owningId": "108XY4ScQc",
    "relatedId": "0kBbn0ivpB"
  },
  {
    "objectId": "5df3576f129ec20d34d05ee5",
    "owningId": "6pg49m8xtX",
    "relatedId": "VEvEDBV9lg"
  },
  {
    "objectId": "5df3576f129ec20d34d05ee7",
    "owningId": "rlsM4u3lDB",
    "relatedId": "0kBbn0ivpB"
  },
  {
    "objectId": "5df3576f129ec20d34d05ee8",
    "owningId": "y5cqcl7Dde",
    "relatedId": "0kBbn0ivpB"
  },
  {
    "objectId": "5df3576f129ec20d34d05eea",
    "owningId": "GNySKcs6Ml",
    "relatedId": "N87N6IN4pz"
  },
  {
    "objectId": "5df3576f129ec20d34d05ee9",
    "owningId": "LZ3DL5aBY6",
    "relatedId": "N87N6IN4pz"
  },
  {
    "objectId": "5df3576f129ec20d34d05eeb",
    "owningId": "wBt9oqvwAM",
    "relatedId": "VEvEDBV9lg"
  },
  {
    "objectId": "5df3576f129ec20d34d05eec",
    "owningId": "X9eInLePBc",
    "relatedId": "EK0aAOqjpF"
  },
  {
    "objectId": "5df3576f129ec20d34d05eed",
    "owningId": "blgVOh3gl1",
    "relatedId": "EK0aAOqjpF"
  },
  {
    "objectId": "5df3576f129ec20d34d05eee",
    "owningId": "Zcu8c4IjJM",
    "relatedId": "EK0aAOqjpF"
  },
  {
    "objectId": "5df3576f129ec20d34d05eef",
    "owningId": "ysNiOZKXYw",
    "relatedId": "EK0aAOqjpF"
  },
  {
    "objectId": "5df3576f129ec20d34d05ef0",
    "owningId": "w3exfuPVfN",
    "relatedId": "EK0aAOqjpF"
  },
  {
    "objectId": "5df3576f129ec20d34d05ef1",
    "owningId": "3TorqoqWu4",
    "relatedId": "EK0aAOqjpF"
  },
  {
    "objectId": "5df3576f129ec20d34d05ef2",
    "owningId": "vYhxfoEBQi",
    "relatedId": "EK0aAOqjpF"
  },
  {
    "objectId": "5df3576f129ec20d34d05ef3",
    "owningId": "RivdOGGYQA",
    "relatedId": "EK0aAOqjpF"
  },
  {
    "objectId": "5df35aba129ec20d34d061a6",
    "owningId": "U5UGBMKSJX",
    "relatedId": "GJxBPYrMSj"
  },
  {
    "objectId": "5df35aba129ec20d34d061aa",
    "owningId": "z5Eg8dVbXZ",
    "relatedId": "GJxBPYrMSj"
  },
  {
    "objectId": "5df35aba129ec20d34d061b3",
    "owningId": "gLmNYUmU9Q",
    "relatedId": "GJxBPYrMSj"
  },
  {
    "objectId": "5df35aba129ec20d34d061b2",
    "owningId": "cEADwB3phW",
    "relatedId": "C48syQ0LWn"
  },
  {
    "objectId": "5df35aba129ec20d34d061c7",
    "owningId": "0AQQwgGJFx",
    "relatedId": "Z8aoioLpWJ"
  },
  {
    "objectId": "5df35aba129ec20d34d061c8",
    "owningId": "Pd0CLrXQbd",
    "relatedId": "C48syQ0LWn"
  },
  {
    "objectId": "5df35aba129ec20d34d061c9",
    "owningId": "v3d9oT76PV",
    "relatedId": "absaiCHEBc"
  },
  {
    "objectId": "5df35aba129ec20d34d061ca",
    "owningId": "NG9CG91itQ",
    "relatedId": "absaiCHEBc"
  },
  {
    "objectId": "5df35aba129ec20d34d061cb",
    "owningId": "20weYKZ8dr",
    "relatedId": "absaiCHEBc"
  },
  {
    "objectId": "5df35aba129ec20d34d061cc",
    "owningId": "GoqnfssxBf",
    "relatedId": "absaiCHEBc"
  },
  {
    "objectId": "5df35aba129ec20d34d061cd",
    "owningId": "9nIu52LqvD",
    "relatedId": "Z8aoioLpWJ"
  },
  {
    "objectId": "5df35aba129ec20d34d061ce",
    "owningId": "zU4y2f4U0F",
    "relatedId": "JGuSRx3wce"
  },
  {
    "objectId": "5df35abc129ec20d34d0620d",
    "owningId": "Z3K82BHwEF",
    "relatedId": "3XBhh1SFap"
  },
  {
    "objectId": "5df35abc129ec20d34d06210",
    "owningId": "HNOefaHFqH",
    "relatedId": "3XBhh1SFap"
  },
  {
    "objectId": "5df35abc129ec20d34d06211",
    "owningId": "XM7QOoR3Hs",
    "relatedId": "3XBhh1SFap"
  },
  {
    "objectId": "5df35abc129ec20d34d06212",
    "owningId": "Q7LYWTxkCX",
    "relatedId": "3XBhh1SFap"
  },
  {
    "objectId": "5df35abc129ec20d34d06215",
    "owningId": "28KF1Zx1Mu",
    "relatedId": "3XBhh1SFap"
  },
  {
    "objectId": "5df35abc129ec20d34d06216",
    "owningId": "cwyw587bHa",
    "relatedId": "3XBhh1SFap"
  },
  {
    "objectId": "5df35abc129ec20d34d0621b",
    "owningId": "TRylhnwAVG",
    "relatedId": "3XBhh1SFap"
  },
  {
    "objectId": "5df35abc129ec20d34d0621c",
    "owningId": "YqFynDDgVg",
    "relatedId": "3XBhh1SFap"
  },
  {
    "objectId": "5df3d2c4129ec20d34d06cf6",
    "owningId": "i8xA7vNXJw",
    "relatedId": "St6JiVMbO0"
  },
  {
    "objectId": "5df3d2c4129ec20d34d06cf5",
    "owningId": "w46s8X4bLA",
    "relatedId": "uxLEBX5BfJ"
  },
  {
    "objectId": "5df3d2c4129ec20d34d06cf7",
    "owningId": "gCZxhh2eOH",
    "relatedId": "uxLEBX5BfJ"
  },
  {
    "objectId": "5df3d2c4129ec20d34d06cfa",
    "owningId": "V5vi1A0ue9",
    "relatedId": "umV1r61yyF"
  },
  {
    "objectId": "5df3d2c4129ec20d34d06d05",
    "owningId": "0UJCwDAHPy",
    "relatedId": "vcatUNG8Sy"
  },
  {
    "objectId": "5df3d2c4129ec20d34d06cfd",
    "owningId": "TIDD4NsuTr",
    "relatedId": "9XR29QutcM"
  },
  {
    "objectId": "5df3d2c4129ec20d34d06d02",
    "owningId": "bbo48WCFgz",
    "relatedId": "vcatUNG8Sy"
  },
  {
    "objectId": "5df3d2c4129ec20d34d06cfb",
    "owningId": "h3RyoV7asK",
    "relatedId": "umV1r61yyF"
  },
  {
    "objectId": "5df3d2c4129ec20d34d06d00",
    "owningId": "eHgPbE8AYb",
    "relatedId": "umV1r61yyF"
  },
  {
    "objectId": "5df3d2c4129ec20d34d06cf9",
    "owningId": "S1iZbpmPDl",
    "relatedId": "St6JiVMbO0"
  },
  {
    "objectId": "5df3d2c4129ec20d34d06cff",
    "owningId": "jA9jssNER2",
    "relatedId": "uxLEBX5BfJ"
  },
  {
    "objectId": "5df3d2c4129ec20d34d06cfc",
    "owningId": "SDf8XWAQi9",
    "relatedId": "umV1r61yyF"
  },
  {
    "objectId": "5df3d2c4129ec20d34d06cfe",
    "owningId": "zVfrf3Nz3F",
    "relatedId": "umV1r61yyF"
  },
  {
    "objectId": "5df3d2c4129ec20d34d06cf8",
    "owningId": "cmOacmCtgj",
    "relatedId": "uxLEBX5BfJ"
  },
  {
    "objectId": "5df3d2c4129ec20d34d06d01",
    "owningId": "4semXBYAsT",
    "relatedId": "St6JiVMbO0"
  },
  {
    "objectId": "5df3d2c4129ec20d34d06d03",
    "owningId": "6R5urynytf",
    "relatedId": "umV1r61yyF"
  },
  {
    "objectId": "5df3d2c4129ec20d34d06d04",
    "owningId": "W5kPd0H2fw",
    "relatedId": "St6JiVMbO0"
  },
  {
    "objectId": "5df3d2c4129ec20d34d06d08",
    "owningId": "qzSJq44d6c",
    "relatedId": "umV1r61yyF"
  },
  {
    "objectId": "5df3d2c4129ec20d34d06d07",
    "owningId": "cCuL8AWano",
    "relatedId": "umV1r61yyF"
  },
  {
    "objectId": "5df3d2c4129ec20d34d06d06",
    "owningId": "vh1UvCX02F",
    "relatedId": "umV1r61yyF"
  },
  {
    "objectId": "5df3d663129ec20d34d07234",
    "owningId": "CDu78kVz2i",
    "relatedId": "ik1vz4srLr"
  },
  {
    "objectId": "5df3d663129ec20d34d07233",
    "owningId": "IssdrsJHE5",
    "relatedId": "metAoBGOUb"
  },
  {
    "objectId": "5df3d663129ec20d34d07238",
    "owningId": "v3QsaB0VYe",
    "relatedId": "ik1vz4srLr"
  },
  {
    "objectId": "5df3d663129ec20d34d07235",
    "owningId": "WIYiKoGll9",
    "relatedId": "ik1vz4srLr"
  },
  {
    "objectId": "5df3d663129ec20d34d0723a",
    "owningId": "tonWZzCWpp",
    "relatedId": "Wk3dCI67wQ"
  },
  {
    "objectId": "5df3d663129ec20d34d07237",
    "owningId": "iJnA49cY1a",
    "relatedId": "EhhW2oGSAm"
  },
  {
    "objectId": "5df3d663129ec20d34d07236",
    "owningId": "mlCvclJwhv",
    "relatedId": "metAoBGOUb"
  },
  {
    "objectId": "5df3d663129ec20d34d0723d",
    "owningId": "JO0GwCYHZ1",
    "relatedId": "metAoBGOUb"
  },
  {
    "objectId": "5df3d663129ec20d34d07239",
    "owningId": "sxp5UUM52R",
    "relatedId": "EhhW2oGSAm"
  },
  {
    "objectId": "5df3d663129ec20d34d0723c",
    "owningId": "vVvKf22wIE",
    "relatedId": "metAoBGOUb"
  },
  {
    "objectId": "5df3d663129ec20d34d0723b",
    "owningId": "SDiQhkTElb",
    "relatedId": "ik1vz4srLr"
  },
  {
    "objectId": "5df3d663129ec20d34d0723e",
    "owningId": "ml7MvRC9CW",
    "relatedId": "erAysjHdDP"
  },
  {
    "objectId": "5df3d663129ec20d34d07240",
    "owningId": "pbWdAEMAtU",
    "relatedId": "EhhW2oGSAm"
  },
  {
    "objectId": "5df3d663129ec20d34d0723f",
    "owningId": "tPR1o7qEHZ",
    "relatedId": "erAysjHdDP"
  },
  {
    "objectId": "5df3d663129ec20d34d07241",
    "owningId": "lfASRALbC5",
    "relatedId": "Wk3dCI67wQ"
  },
  {
    "objectId": "5df3d663129ec20d34d07242",
    "owningId": "FAhBWCPtUz",
    "relatedId": "metAoBGOUb"
  },
  {
    "objectId": "5df3d663129ec20d34d07243",
    "owningId": "Xy6WzGjHtc",
    "relatedId": "metAoBGOUb"
  },
  {
    "objectId": "5df3d663129ec20d34d07244",
    "owningId": "3sx4HaqdEe",
    "relatedId": "metAoBGOUb"
  },
  {
    "objectId": "5df3d663129ec20d34d07246",
    "owningId": "LpEAQtG5Bt",
    "relatedId": "metAoBGOUb"
  },
  {
    "objectId": "5df3d663129ec20d34d07245",
    "owningId": "aVLY27vowH",
    "relatedId": "ik1vz4srLr"
  },
  {
    "objectId": "5df3d710129ec20d34d07581",
    "owningId": "0hjxV4NQ4H",
    "relatedId": "oupwtInNG8"
  },
  {
    "objectId": "5df3d710129ec20d34d07583",
    "owningId": "rBT6dRcAvV",
    "relatedId": "SSvOy4LW1d"
  },
  {
    "objectId": "5df3d710129ec20d34d07582",
    "owningId": "3FcujWUFnG",
    "relatedId": "mLDOC4VnGT"
  },
  {
    "objectId": "5df3d710129ec20d34d07580",
    "owningId": "6wOpR4h8hX",
    "relatedId": "oupwtInNG8"
  },
  {
    "objectId": "5df3d710129ec20d34d07584",
    "owningId": "zxQqI86U6J",
    "relatedId": "SSvOy4LW1d"
  },
  {
    "objectId": "5df3d710129ec20d34d07588",
    "owningId": "XkClBqteaC",
    "relatedId": "SSvOy4LW1d"
  },
  {
    "objectId": "5df3d710129ec20d34d07589",
    "owningId": "6rf9OByrAC",
    "relatedId": "ySERXwSQJt"
  },
  {
    "objectId": "5df3d710129ec20d34d07587",
    "owningId": "z912tJ4iRp",
    "relatedId": "mLDOC4VnGT"
  },
  {
    "objectId": "5df3d710129ec20d34d07586",
    "owningId": "8gRfGq6HLU",
    "relatedId": "mLDOC4VnGT"
  },
  {
    "objectId": "5df3d710129ec20d34d07585",
    "owningId": "ywQsKeaP0F",
    "relatedId": "SSvOy4LW1d"
  },
  {
    "objectId": "5df3d710129ec20d34d0758a",
    "owningId": "LlacbRvELZ",
    "relatedId": "mLDOC4VnGT"
  },
  {
    "objectId": "5df3d710129ec20d34d0758e",
    "owningId": "mgSo4ZBwQZ",
    "relatedId": "mLDOC4VnGT"
  },
  {
    "objectId": "5df3d710129ec20d34d0758c",
    "owningId": "23IpHNWIfW",
    "relatedId": "ySERXwSQJt"
  },
  {
    "objectId": "5df3d710129ec20d34d0758b",
    "owningId": "0L9iwwwJMW",
    "relatedId": "SSvOy4LW1d"
  },
  {
    "objectId": "5df3d710129ec20d34d0758d",
    "owningId": "qTBnIxRd3N",
    "relatedId": "mLDOC4VnGT"
  },
  {
    "objectId": "5df3d710129ec20d34d0758f",
    "owningId": "1wtNG6ziqB",
    "relatedId": "mLDOC4VnGT"
  },
  {
    "objectId": "5df3d710129ec20d34d07592",
    "owningId": "kNmDBGH4AR",
    "relatedId": "mLDOC4VnGT"
  },
  {
    "objectId": "5df3d710129ec20d34d07590",
    "owningId": "j9lNryDW2D",
    "relatedId": "ySERXwSQJt"
  },
  {
    "objectId": "5df3d710129ec20d34d07591",
    "owningId": "PH0oid2f3c",
    "relatedId": "TMSqCsw19k"
  },
  {
    "objectId": "5df3d710129ec20d34d07593",
    "owningId": "pT7OCiCaGw",
    "relatedId": "ySERXwSQJt"
  },
  {
    "objectId": "5df3dd27129ec20d34d07aff",
    "owningId": "3GGUzkbGeQ",
    "relatedId": "toA31G2Cwh"
  },
  {
    "objectId": "5df3dd27129ec20d34d07afc",
    "owningId": "bGVURQoQo5",
    "relatedId": "h0pbYbYHHB"
  },
  {
    "objectId": "5df3dd27129ec20d34d07af9",
    "owningId": "ew8IiHmfiI",
    "relatedId": "toA31G2Cwh"
  },
  {
    "objectId": "5df3dd27129ec20d34d07b02",
    "owningId": "qmnL2s8SWz",
    "relatedId": "mEdyL0V5nl"
  },
  {
    "objectId": "5df3dd27129ec20d34d07b04",
    "owningId": "eQLsymqDH3",
    "relatedId": "3zkZDjNrAb"
  },
  {
    "objectId": "5df3dd27129ec20d34d07afb",
    "owningId": "FDNCYulCUe",
    "relatedId": "h0pbYbYHHB"
  },
  {
    "objectId": "5df3dd27129ec20d34d07b03",
    "owningId": "gxG412p0ux",
    "relatedId": "h0pbYbYHHB"
  },
  {
    "objectId": "5df3dd27129ec20d34d07b00",
    "owningId": "1wRHnRzI8u",
    "relatedId": "3zkZDjNrAb"
  },
  {
    "objectId": "5df3dd27129ec20d34d07afa",
    "owningId": "LTXagtztHs",
    "relatedId": "p7jxAaqj9Q"
  },
  {
    "objectId": "5df3dd27129ec20d34d07afd",
    "owningId": "S1OQEKPRFy",
    "relatedId": "toA31G2Cwh"
  },
  {
    "objectId": "5df3dd27129ec20d34d07afe",
    "owningId": "vE8XODWasx",
    "relatedId": "h0pbYbYHHB"
  },
  {
    "objectId": "5df3dd27129ec20d34d07b01",
    "owningId": "qWBEsELx58",
    "relatedId": "3zkZDjNrAb"
  },
  {
    "objectId": "5df3dd27129ec20d34d07b07",
    "owningId": "2qGAhW7Uzm",
    "relatedId": "3zkZDjNrAb"
  },
  {
    "objectId": "5df3dd27129ec20d34d07b05",
    "owningId": "u92lLdPvLD",
    "relatedId": "3zkZDjNrAb"
  },
  {
    "objectId": "5df3dd27129ec20d34d07b06",
    "owningId": "JehJ7v7KYa",
    "relatedId": "3zkZDjNrAb"
  },
  {
    "objectId": "5df3dd27129ec20d34d07b0a",
    "owningId": "CERsg073Tp",
    "relatedId": "h0pbYbYHHB"
  },
  {
    "objectId": "5df3dd27129ec20d34d07b0b",
    "owningId": "u8bfbLYDtc",
    "relatedId": "3zkZDjNrAb"
  },
  {
    "objectId": "5df3dd27129ec20d34d07b09",
    "owningId": "TZSUrlJmM3",
    "relatedId": "3zkZDjNrAb"
  },
  {
    "objectId": "5df3dd27129ec20d34d07b08",
    "owningId": "NngriBzl2P",
    "relatedId": "3zkZDjNrAb"
  },
  {
    "objectId": "5df3dd27129ec20d34d07b0c",
    "owningId": "KQfN9P9DZO",
    "relatedId": "3zkZDjNrAb"
  },
  {
    "objectId": "5df3e9ab129ec20d34d0801c",
    "owningId": "6EhvyQR6tl",
    "relatedId": "fMoDABNwV9"
  },
  {
    "objectId": "5df3e9ab129ec20d34d0801d",
    "owningId": "hQRmOitrd4",
    "relatedId": "mRAWzGNBfG"
  },
  {
    "objectId": "5df3e9ab129ec20d34d0801b",
    "owningId": "6EhvyQR6tl",
    "relatedId": "RbyX4ouadm"
  },
  {
    "objectId": "5df3e9ab129ec20d34d0801f",
    "owningId": "JNgiSeuJwR",
    "relatedId": "GteveE4ytb"
  },
  {
    "objectId": "5df3e9ab129ec20d34d0801e",
    "owningId": "XkKWE6DYG2",
    "relatedId": "SFHc9Y4gXA"
  },
  {
    "objectId": "5df3e9ab129ec20d34d08021",
    "owningId": "6EhvyQR6tl",
    "relatedId": "SFHc9Y4gXA"
  },
  {
    "objectId": "5df3e9ab129ec20d34d08023",
    "owningId": "lZHyO0MIr6",
    "relatedId": "mRAWzGNBfG"
  },
  {
    "objectId": "5df3e9ab129ec20d34d08024",
    "owningId": "6EhvyQR6tl",
    "relatedId": "NtEIWnlRYH"
  },
  {
    "objectId": "5df3e9ab129ec20d34d08020",
    "owningId": "lZHyO0MIr6",
    "relatedId": "SFHc9Y4gXA"
  },
  {
    "objectId": "5df3e9ab129ec20d34d08022",
    "owningId": "lZHyO0MIr6",
    "relatedId": "RbyX4ouadm"
  },
  {
    "objectId": "5df3e9ac129ec20d34d08026",
    "owningId": "43NzGsaO90",
    "relatedId": "RbyX4ouadm"
  },
  {
    "objectId": "5df3e9ac129ec20d34d08029",
    "owningId": "ubZP8dWW5W",
    "relatedId": "RbyX4ouadm"
  },
  {
    "objectId": "5df3e9ac129ec20d34d08028",
    "owningId": "z2uJ1N7RUj",
    "relatedId": "NtEIWnlRYH"
  },
  {
    "objectId": "5df3e9ac129ec20d34d08025",
    "owningId": "43NzGsaO90",
    "relatedId": "GteveE4ytb"
  },
  {
    "objectId": "5df3e9ac129ec20d34d08027",
    "owningId": "AmxEngCKLr",
    "relatedId": "fMoDABNwV9"
  },
  {
    "objectId": "5df3e9ac129ec20d34d0802a",
    "owningId": "AmxEngCKLr",
    "relatedId": "NtEIWnlRYH"
  },
  {
    "objectId": "5df3e9ac129ec20d34d0802d",
    "owningId": "EvtUWbZuHM",
    "relatedId": "RbyX4ouadm"
  },
  {
    "objectId": "5df3e9ac129ec20d34d0802b",
    "owningId": "AmxEngCKLr",
    "relatedId": "SFHc9Y4gXA"
  },
  {
    "objectId": "5df3e9ac129ec20d34d0802e",
    "owningId": "gklElx7jRT",
    "relatedId": "RbyX4ouadm"
  },
  {
    "objectId": "5df3e9ac129ec20d34d0802c",
    "owningId": "AmxEngCKLr",
    "relatedId": "RbyX4ouadm"
  },
  {
    "objectId": "5df3e9ac129ec20d34d0802f",
    "owningId": "PL36fSGLoW",
    "relatedId": "RbyX4ouadm"
  },
  {
    "objectId": "5df3e9ac129ec20d34d08030",
    "owningId": "PL36fSGLoW",
    "relatedId": "fMoDABNwV9"
  },
  {
    "objectId": "5df3e9ac129ec20d34d08031",
    "owningId": "PL36fSGLoW",
    "relatedId": "GteveE4ytb"
  },
  {
    "objectId": "5df3e9ac129ec20d34d08032",
    "owningId": "PL36fSGLoW",
    "relatedId": "NtEIWnlRYH"
  },
  {
    "objectId": "5df3e9ac129ec20d34d08033",
    "owningId": "PL36fSGLoW",
    "relatedId": "SFHc9Y4gXA"
  },
  {
    "objectId": "5df3e9ac129ec20d34d08034",
    "owningId": "EDefVfBjfK",
    "relatedId": "RbyX4ouadm"
  },
  {
    "objectId": "5df3e9ac129ec20d34d08035",
    "owningId": "vGTILbhPdN",
    "relatedId": "mRAWzGNBfG"
  },
  {
    "objectId": "5df3e9ac129ec20d34d08038",
    "owningId": "3M3m6D09tw",
    "relatedId": "RbyX4ouadm"
  },
  {
    "objectId": "5df3e9ac129ec20d34d08036",
    "owningId": "KhAN9CBelR",
    "relatedId": "RbyX4ouadm"
  },
  {
    "objectId": "5df3e9ac129ec20d34d08037",
    "owningId": "nn4RvL2myQ",
    "relatedId": "NtEIWnlRYH"
  },
  {
    "objectId": "5df3e9ac129ec20d34d08039",
    "owningId": "O0AF6Vm9y8",
    "relatedId": "RbyX4ouadm"
  },
  {
    "objectId": "5df3e9ac129ec20d34d0803b",
    "owningId": "8v6oV8B1vV",
    "relatedId": "mRAWzGNBfG"
  },
  {
    "objectId": "5df3e9ac129ec20d34d0803a",
    "owningId": "Jt7sJ8ZI7t",
    "relatedId": "RbyX4ouadm"
  }
]
}